customer_id,name,email,city,state,country,registration_date,customer_segment
1,Anvi Konda,customer1@example.com,Visakhapatnam,Andhra Pradesh,India,2021-12-12,Premium
2,Harsh Chahal,customer2@example.com,Vijayawada,Andhra Pradesh,India,2022-11-25,Regular
3,Ayushman Chander,customer3@example.com,Chennai,Tamil Nadu,India,2024-08-03,Premium
4,Yashasvi Bala,customer4@example.com,Warangal,Telangana,India,2022-11-11,Occasional
5,Oni Kannan,customer5@example.com,Bhopal,Madhya Pradesh,India,2025-10-10,Regular
6,Abeer Dutta,customer6@example.com,Jaipur,Rajasthan,India,2024-10-27,Regular
7,Arunima Dugal,customer7@example.com,Hyderabad,Telangana,India,2024-08-06,Premium
8,Harsh Chanda,customer8@example.com,Chennai,Tamil Nadu,India,2022-10-31,Regular
9,Jagrati Padmanabhan,customer9@example.com,Hyderabad,Telangana,India,2024-03-26,Regular
10,Tripti Yadav,customer10@example.com,Vijayawada,Andhra Pradesh,India,2023-04-02,Regular
11,Farhan Memon,customer11@example.com,Ahmedabad,Gujarat,India,2022-01-23,Regular
12,Ekaraj Bath,customer12@example.com,Kolkata,West Bengal,India,2024-01-29,Regular
13,Fariq Kaul,customer13@example.com,Kochi,Kerala,India,2022-12-10,Occasional
14,Arunima Setty,customer14@example.com,Kochi,Kerala,India,2021-11-10,Occasional
15,Kamala Pant,customer15@example.com,Vijayawada,Andhra Pradesh,India,2024-02-08,Regular
16,Ekbal Garg,customer16@example.com,Mumbai,Maharashtra,India,2022-10-13,Regular
17,Nihal Shere,customer17@example.com,Kochi,Kerala,India,2025-07-18,Regular
18,Theodore Nair,customer18@example.com,Warangal,Telangana,India,2024-03-24,Regular
19,Azad Mutti,customer19@example.com,Pune,Maharashtra,India,2021-06-23,Occasional
20,Dominic Kakar,customer20@example.com,Jaipur,Rajasthan,India,2024-05-31,Regular
21,Simon Tata,customer21@example.com,Hyderabad,Telangana,India,2025-10-29,Occasional
22,Luke Lanka,customer22@example.com,Ahmedabad,Gujarat,India,2024-05-14,Premium
23,Adya Sangha,customer23@example.com,Bhopal,Madhya Pradesh,India,2022-03-10,Regular
24,Janaki Kanda,customer24@example.com,Ahmedabad,Gujarat,India,2025-12-18,Regular
25,Gavin Batta,customer25@example.com,Visakhapatnam,Andhra Pradesh,India,2022-03-06,Regular
26,Nathaniel Sami,customer26@example.com,Coimbatore,Tamil Nadu,India,2021-12-07,Regular
27,Lakshmi Sidhu,customer27@example.com,Chennai,Tamil Nadu,India,2021-07-17,Occasional
28,Advay Contractor,customer28@example.com,Hyderabad,Telangana,India,2025-07-02,Occasional
29,Harini Choudhury,customer29@example.com,Kochi,Kerala,India,2025-07-27,Regular
30,Nakul Setty,customer30@example.com,Warangal,Telangana,India,2023-07-01,Occasional
31,Xiti Gokhale,customer31@example.com,Coimbatore,Tamil Nadu,India,2021-01-11,Premium
32,Chanchal Tripathi,customer32@example.com,Mumbai,Maharashtra,India,2025-04-27,Regular
33,Kashvi Edwin,customer33@example.com,Coimbatore,Tamil Nadu,India,2022-09-10,Regular
34,Ekiya Suresh,customer34@example.com,Pune,Maharashtra,India,2025-08-03,Regular
35,Janani Mohanty,customer35@example.com,Visakhapatnam,Andhra Pradesh,India,2021-03-02,Regular
36,Wridesh Brar,customer36@example.com,Bhopal,Madhya Pradesh,India,2023-01-14,Occasional
37,Ekapad Walia,customer37@example.com,Warangal,Telangana,India,2021-09-24,Regular
38,Vaishnavi Gandhi,customer38@example.com,Bengaluru,Karnataka,India,2022-01-26,Regular
39,Siddharth Zacharia,customer39@example.com,Chennai,Tamil Nadu,India,2023-04-04,Regular
40,Mohini Prakash,customer40@example.com,Delhi,Delhi,India,2022-09-17,Regular
41,Jai Kota,customer41@example.com,Bhopal,Madhya Pradesh,India,2024-09-23,Regular
42,Hamsini Bail,customer42@example.com,Ahmedabad,Gujarat,India,2022-11-30,Regular
43,Thomas Amble,customer43@example.com,Pune,Maharashtra,India,2025-09-17,Occasional
44,Veer Bir,customer44@example.com,Kochi,Kerala,India,2021-08-09,Premium
45,Ekavir Varkey,customer45@example.com,Coimbatore,Tamil Nadu,India,2021-04-08,Premium
46,Vedika Kala,customer46@example.com,Pune,Maharashtra,India,2023-01-10,Regular
47,Urvashi Kibe,customer47@example.com,Warangal,Telangana,India,2025-08-03,Regular
48,Ranveer Chandra,customer48@example.com,Jaipur,Rajasthan,India,2025-01-09,Occasional
49,Irya Sampath,customer49@example.com,Pune,Maharashtra,India,2021-10-29,Regular
50,Chatura Chaudhari,customer50@example.com,Kolkata,West Bengal,India,2024-07-01,Regular
51,Harinakshi Chopra,customer51@example.com,Bhopal,Madhya Pradesh,India,2021-07-08,Regular
52,Ranveer Yadav,customer52@example.com,Bengaluru,Karnataka,India,2023-02-12,Regular
53,Pahal Goswami,customer53@example.com,Chennai,Tamil Nadu,India,2024-10-25,Occasional
54,Zaid Borra,customer54@example.com,Ahmedabad,Gujarat,India,2023-05-16,Regular
55,Chandresh Zachariah,customer55@example.com,Jaipur,Rajasthan,India,2024-10-08,Regular
56,Warjas Ganesan,customer56@example.com,Jaipur,Rajasthan,India,2021-02-15,Regular
57,Vasana Kala,customer57@example.com,Chennai,Tamil Nadu,India,2024-06-16,New
58,Nitesh Raghavan,customer58@example.com,Bengaluru,Karnataka,India,2024-05-30,Regular
59,Alka Sha,customer59@example.com,Warangal,Telangana,India,2021-01-07,Occasional
60,Vidhi Dubey,customer60@example.com,Coimbatore,Tamil Nadu,India,2023-06-06,Premium
61,Teerth Bhardwaj,customer61@example.com,Visakhapatnam,Andhra Pradesh,India,2022-08-13,Regular
62,Dipta Bhandari,customer62@example.com,Visakhapatnam,Andhra Pradesh,India,2025-12-05,Regular
63,Yadavi Wali,customer63@example.com,Warangal,Telangana,India,2021-06-05,Regular
64,Yashoda Buch,customer64@example.com,Jaipur,Rajasthan,India,2022-05-05,New
65,Ekansh Keer,customer65@example.com,Ahmedabad,Gujarat,India,2022-08-01,Regular
66,Yatin Baral,customer66@example.com,Ahmedabad,Gujarat,India,2024-06-08,Occasional
67,Diya Lal,customer67@example.com,Hyderabad,Telangana,India,2021-09-12,Occasional
68,William Lanka,customer68@example.com,Warangal,Telangana,India,2022-09-27,Occasional
69,Charita Shankar,customer69@example.com,Ahmedabad,Gujarat,India,2024-05-14,Occasional
70,Aditya Shanker,customer70@example.com,Kochi,Kerala,India,2023-09-10,Regular
71,Ethan Yogi,customer71@example.com,Warangal,Telangana,India,2025-10-16,Regular
72,Kevin Palla,customer72@example.com,Bengaluru,Karnataka,India,2022-10-25,Regular
73,Kala Mane,customer73@example.com,Vijayawada,Andhra Pradesh,India,2021-08-02,Occasional
74,Chasmum Wadhwa,customer74@example.com,Mumbai,Maharashtra,India,2022-05-06,New
75,Hemang Desai,customer75@example.com,Kochi,Kerala,India,2021-01-25,Regular
76,Hredhaan Dugal,customer76@example.com,Bhopal,Madhya Pradesh,India,2023-04-02,Premium
77,Shivansh Oza,customer77@example.com,Visakhapatnam,Andhra Pradesh,India,2023-04-27,Regular
78,Yashasvi Suresh,customer78@example.com,Visakhapatnam,Andhra Pradesh,India,2022-09-25,Regular
79,George Sampath,customer79@example.com,Chennai,Tamil Nadu,India,2023-02-20,Regular
80,Aarush Nath,customer80@example.com,Kochi,Kerala,India,2023-05-10,Regular
81,Neel Sathe,customer81@example.com,Kochi,Kerala,India,2022-02-11,New
82,Aditya Choudhury,customer82@example.com,Bhopal,Madhya Pradesh,India,2025-09-11,Premium
83,Balendra Pingle,customer83@example.com,Pune,Maharashtra,India,2021-08-22,Regular
84,Qushi Datta,customer84@example.com,Warangal,Telangana,India,2025-12-15,New
85,Janya Baral,customer85@example.com,Bhopal,Madhya Pradesh,India,2021-05-10,New
86,Zaid Chauhan,customer86@example.com,Kochi,Kerala,India,2024-01-17,Regular
87,Mohammed Khalsa,customer87@example.com,Hyderabad,Telangana,India,2024-01-04,Regular
88,Nitara Bakshi,customer88@example.com,Jaipur,Rajasthan,India,2022-05-20,New
89,Nisha Kothari,customer89@example.com,Warangal,Telangana,India,2022-07-12,Occasional
90,Hritik Raja,customer90@example.com,Coimbatore,Tamil Nadu,India,2023-04-09,Premium
91,Tristan Iyengar,customer91@example.com,Kochi,Kerala,India,2021-05-01,Regular
92,Dalaja Kari,customer92@example.com,Bengaluru,Karnataka,India,2024-12-01,Premium
93,Reyansh Rastogi,customer93@example.com,Kolkata,West Bengal,India,2022-11-24,New
94,Ekaraj Mallick,customer94@example.com,Bengaluru,Karnataka,India,2023-10-17,Regular
95,Garima Bala,customer95@example.com,Coimbatore,Tamil Nadu,India,2023-12-27,Regular
96,Pranav Lanka,customer96@example.com,Chennai,Tamil Nadu,India,2021-12-25,New
97,Radha Pai,customer97@example.com,Kochi,Kerala,India,2021-04-29,Occasional
98,Yasti D’Alia,customer98@example.com,Chennai,Tamil Nadu,India,2023-09-02,Occasional
99,Aachal Basu,customer99@example.com,Delhi,Delhi,India,2024-04-11,New
100,Zinal Yohannan,customer100@example.com,Visakhapatnam,Andhra Pradesh,India,2024-09-16,Regular
101,Raagini Boase,customer101@example.com,Bhopal,Madhya Pradesh,India,2022-09-05,Regular
102,Jeet Mital,customer102@example.com,Warangal,Telangana,India,2023-10-23,Regular
103,Nilima Narain,customer103@example.com,Warangal,Telangana,India,2025-04-25,Regular
104,Joshua Handa,customer104@example.com,Jaipur,Rajasthan,India,2024-06-04,Regular
105,Owen Mitra,customer105@example.com,Jaipur,Rajasthan,India,2024-07-30,Regular
106,Daksha Mangat,customer106@example.com,Warangal,Telangana,India,2024-06-15,Occasional
107,Ekanta Shroff,customer107@example.com,Hyderabad,Telangana,India,2022-10-16,Regular
108,Tanay Vaidya,customer108@example.com,Bhopal,Madhya Pradesh,India,2024-10-04,Premium
109,Frado Mander,customer109@example.com,Pune,Maharashtra,India,2025-01-10,Premium
110,Girik Keer,customer110@example.com,Chennai,Tamil Nadu,India,2025-05-21,Regular
111,Rushil Din,customer111@example.com,Kolkata,West Bengal,India,2023-08-23,Regular
112,Yash Soman,customer112@example.com,Bengaluru,Karnataka,India,2021-03-17,Occasional
113,Oeshi Hayer,customer113@example.com,Bhopal,Madhya Pradesh,India,2021-08-15,Regular
114,Mugdha Kohli,customer114@example.com,Kolkata,West Bengal,India,2024-04-07,Regular
115,Hredhaan Sandal,customer115@example.com,Kolkata,West Bengal,India,2022-04-04,Occasional
116,Zarna Shetty,customer116@example.com,Chennai,Tamil Nadu,India,2022-11-11,Premium
117,Jairaj Shan,customer117@example.com,Visakhapatnam,Andhra Pradesh,India,2021-06-06,Regular
118,Edhitha Savant,customer118@example.com,Delhi,Delhi,India,2022-02-19,Regular
119,Sanaya Dutt,customer119@example.com,Coimbatore,Tamil Nadu,India,2025-04-18,Occasional
120,Aashi Kota,customer120@example.com,Visakhapatnam,Andhra Pradesh,India,2025-01-14,Occasional
121,William Maharaj,customer121@example.com,Visakhapatnam,Andhra Pradesh,India,2023-05-12,Premium
122,Bhavika Keer,customer122@example.com,Delhi,Delhi,India,2024-09-28,Occasional
123,Ekaja Zachariah,customer123@example.com,Kochi,Kerala,India,2023-04-25,Occasional
124,Matthew Kashyap,customer124@example.com,Chennai,Tamil Nadu,India,2021-09-08,Regular
125,Tanish Bhatt,customer125@example.com,Ahmedabad,Gujarat,India,2024-04-05,Regular
126,Ganga Shukla,customer126@example.com,Delhi,Delhi,India,2024-07-12,Regular
127,Samuel Salvi,customer127@example.com,Kolkata,West Bengal,India,2024-07-15,Regular
128,Lajita Sood,customer128@example.com,Bhopal,Madhya Pradesh,India,2024-04-25,Premium
129,Chanchal Ramakrishnan,customer129@example.com,Kochi,Kerala,India,2021-01-19,Occasional
130,Vinaya Kanda,customer130@example.com,Ahmedabad,Gujarat,India,2024-07-25,Premium
131,Vedika Balakrishnan,customer131@example.com,Visakhapatnam,Andhra Pradesh,India,2023-04-28,New
132,Nidhi Gandhi,customer132@example.com,Coimbatore,Tamil Nadu,India,2024-04-23,Premium
133,Avi Ramesh,customer133@example.com,Warangal,Telangana,India,2024-12-23,New
134,Fiyaz Sangha,customer134@example.com,Coimbatore,Tamil Nadu,India,2025-10-20,Regular
135,Qabil Bedi,customer135@example.com,Delhi,Delhi,India,2022-02-26,Regular
136,Falak Kakar,customer136@example.com,Chennai,Tamil Nadu,India,2023-03-20,Occasional
137,Geetika Raghavan,customer137@example.com,Bhopal,Madhya Pradesh,India,2024-11-13,Premium
138,Zayyan Bumb,customer138@example.com,Delhi,Delhi,India,2023-05-15,Premium
139,Charles Palla,customer139@example.com,Delhi,Delhi,India,2025-01-01,Regular
140,Banjeet Balasubramanian,customer140@example.com,Kochi,Kerala,India,2022-11-28,Occasional
141,Anmol Dua,customer141@example.com,Mumbai,Maharashtra,India,2023-02-08,Regular
142,Urvashi Contractor,customer142@example.com,Vijayawada,Andhra Pradesh,India,2023-01-12,New
143,Udyati Kunda,customer143@example.com,Ahmedabad,Gujarat,India,2025-10-19,Occasional
144,Ishwar Gade,customer144@example.com,Kolkata,West Bengal,India,2024-02-21,Regular
145,Atharv Muni,customer145@example.com,Mumbai,Maharashtra,India,2023-08-25,Regular
146,Mekhala Issac,customer146@example.com,Hyderabad,Telangana,India,2025-11-24,Regular
147,Harsh Mitra,customer147@example.com,Ahmedabad,Gujarat,India,2021-08-25,Premium
148,Idika Walia,customer148@example.com,Pune,Maharashtra,India,2022-01-12,Premium
149,Ekapad Toor,customer149@example.com,Jaipur,Rajasthan,India,2024-08-23,Regular
150,Osha Suri,customer150@example.com,Bhopal,Madhya Pradesh,India,2023-11-27,Occasional
151,Janaki Sharaf,customer151@example.com,Bengaluru,Karnataka,India,2021-11-24,Premium
152,Patrick Vig,customer152@example.com,Ahmedabad,Gujarat,India,2022-04-21,Premium
153,Udyati Sarin,customer153@example.com,Bengaluru,Karnataka,India,2023-04-20,Premium
154,Yatan Chadha,customer154@example.com,Warangal,Telangana,India,2023-04-14,Occasional
155,Yagnesh Shetty,customer155@example.com,Chennai,Tamil Nadu,India,2023-05-17,Regular
156,Gayathri Balakrishnan,customer156@example.com,Bhopal,Madhya Pradesh,India,2025-11-06,Regular
157,Qabil Sura,customer157@example.com,Jaipur,Rajasthan,India,2025-03-16,Regular
158,Aarna Oak,customer158@example.com,Jaipur,Rajasthan,India,2022-10-22,Premium
159,Advaith Varughese,customer159@example.com,Visakhapatnam,Andhra Pradesh,India,2023-05-19,Regular
160,Wyatt Ray,customer160@example.com,Ahmedabad,Gujarat,India,2022-08-17,Regular
161,Vamakshi Swaminathan,customer161@example.com,Mumbai,Maharashtra,India,2025-02-26,Regular
162,Girik Menon,customer162@example.com,Vijayawada,Andhra Pradesh,India,2024-10-24,Regular
163,Yagnesh Mohan,customer163@example.com,Mumbai,Maharashtra,India,2022-11-20,Regular
164,Urvashi Wali,customer164@example.com,Visakhapatnam,Andhra Pradesh,India,2025-12-12,Regular
165,Ganga Pandey,customer165@example.com,Kolkata,West Bengal,India,2023-12-05,Regular
166,Damini Krishnamurthy,customer166@example.com,Kochi,Kerala,India,2024-11-10,New
167,Reyansh Mutti,customer167@example.com,Hyderabad,Telangana,India,2022-12-18,Regular
168,Rehaan Kalita,customer168@example.com,Jaipur,Rajasthan,India,2022-01-07,New
169,Barkha Chaudhry,customer169@example.com,Warangal,Telangana,India,2025-02-13,Regular
170,Utkarsh Patel,customer170@example.com,Ahmedabad,Gujarat,India,2022-08-27,Regular
171,Akshay Walla,customer171@example.com,Bhopal,Madhya Pradesh,India,2022-07-12,Regular
172,Chakradev Bhagat,customer172@example.com,Warangal,Telangana,India,2022-01-29,Occasional
173,Jonathan Swaminathan,customer173@example.com,Pune,Maharashtra,India,2025-09-16,Regular
174,Bhavani Singh,customer174@example.com,Kolkata,West Bengal,India,2021-11-15,Occasional
175,Harini Gour,customer175@example.com,Vijayawada,Andhra Pradesh,India,2025-01-27,Regular
176,Vanya Comar,customer176@example.com,Kochi,Kerala,India,2021-06-09,Occasional
177,Vyanjana Borah,customer177@example.com,Hyderabad,Telangana,India,2021-07-23,Occasional
178,Max Dixit,customer178@example.com,Ahmedabad,Gujarat,India,2025-11-28,Regular
179,Frederick Kothari,customer179@example.com,Visakhapatnam,Andhra Pradesh,India,2025-10-15,Premium
180,Upkaar Virk,customer180@example.com,Bhopal,Madhya Pradesh,India,2022-01-04,Premium
181,Saanvi Mishra,customer181@example.com,Warangal,Telangana,India,2024-03-27,Occasional
182,Darpan Chaudhary,customer182@example.com,Vijayawada,Andhra Pradesh,India,2024-08-25,Regular
183,Aishani Bumb,customer183@example.com,Mumbai,Maharashtra,India,2022-10-08,Regular
184,Oscar Borde,customer184@example.com,Chennai,Tamil Nadu,India,2022-05-03,Occasional
185,Nilima Seshadri,customer185@example.com,Chennai,Tamil Nadu,India,2022-05-02,Occasional
186,Bachittar Kata,customer186@example.com,Coimbatore,Tamil Nadu,India,2024-12-30,Regular
187,Sudiksha Bobal,customer187@example.com,Kolkata,West Bengal,India,2023-06-15,Regular
188,Rudra Sandal,customer188@example.com,Bhopal,Madhya Pradesh,India,2022-12-27,Occasional
189,Manthan Lata,customer189@example.com,Warangal,Telangana,India,2021-12-23,Regular
190,Darpan Gandhi,customer190@example.com,Coimbatore,Tamil Nadu,India,2022-03-18,Regular
191,Reva Dash,customer191@example.com,Hyderabad,Telangana,India,2023-08-14,Regular
192,Neha Magar,customer192@example.com,Bengaluru,Karnataka,India,2024-12-27,Regular
193,Raksha Buch,customer193@example.com,Mumbai,Maharashtra,India,2025-04-04,Regular
194,Ekantika Krishna,customer194@example.com,Kolkata,West Bengal,India,2021-05-04,Regular
195,Veer Bail,customer195@example.com,Delhi,Delhi,India,2021-03-22,Regular
196,Parth Singhal,customer196@example.com,Warangal,Telangana,India,2023-04-18,Premium
197,Arunima Golla,customer197@example.com,Bhopal,Madhya Pradesh,India,2025-06-01,Occasional
198,Vyanjana Chand,customer198@example.com,Bengaluru,Karnataka,India,2025-12-24,Regular
199,Nilima Nath,customer199@example.com,Coimbatore,Tamil Nadu,India,2024-12-31,Regular
200,Naveen Narayan,customer200@example.com,Ahmedabad,Gujarat,India,2023-09-25,Premium
201,Bhavya Rattan,customer201@example.com,Bengaluru,Karnataka,India,2024-07-02,Premium
202,Suhani Chakrabarti,customer202@example.com,Pune,Maharashtra,India,2025-09-06,Occasional
203,Ekiya D’Alia,customer203@example.com,Kochi,Kerala,India,2023-09-05,New
204,Turvi Sachdev,customer204@example.com,Hyderabad,Telangana,India,2024-06-09,Occasional
205,Zarna Pathak,customer205@example.com,Chennai,Tamil Nadu,India,2021-06-18,Occasional
206,Charan Jani,customer206@example.com,Visakhapatnam,Andhra Pradesh,India,2025-03-29,Premium
207,Bhavna Sarma,customer207@example.com,Kochi,Kerala,India,2023-04-10,Regular
208,Ayush Khatri,customer208@example.com,Coimbatore,Tamil Nadu,India,2025-02-14,Regular
209,Akshay Reddy,customer209@example.com,Jaipur,Rajasthan,India,2022-05-08,Occasional
210,Ishaan Shenoy,customer210@example.com,Bhopal,Madhya Pradesh,India,2021-10-17,New
211,Wishi Manne,customer211@example.com,Coimbatore,Tamil Nadu,India,2021-12-31,Regular
212,Ojasvi Subramanian,customer212@example.com,Kochi,Kerala,India,2025-05-01,Occasional
213,Tanmayi Dhillon,customer213@example.com,Bhopal,Madhya Pradesh,India,2025-01-07,Regular
214,Yashoda Deshpande,customer214@example.com,Bengaluru,Karnataka,India,2024-04-06,Occasional
215,Oeshi Oak,customer215@example.com,Pune,Maharashtra,India,2021-08-05,Occasional
216,Aarnav Mandal,customer216@example.com,Delhi,Delhi,India,2025-04-27,Occasional
217,Manthan Sekhon,customer217@example.com,Coimbatore,Tamil Nadu,India,2023-07-17,Occasional
218,Hemani Natarajan,customer218@example.com,Chennai,Tamil Nadu,India,2025-08-01,Regular
219,Tamanna Nagy,customer219@example.com,Kochi,Kerala,India,2025-09-11,Occasional
220,Leela Kaur,customer220@example.com,Delhi,Delhi,India,2022-08-10,Occasional
221,Eesha Solanki,customer221@example.com,Coimbatore,Tamil Nadu,India,2024-06-30,Regular
222,Max Tandon,customer222@example.com,Chennai,Tamil Nadu,India,2024-03-30,Occasional
223,Yadavi Narula,customer223@example.com,Kolkata,West Bengal,India,2021-04-26,Regular
224,Harish Vora,customer224@example.com,Coimbatore,Tamil Nadu,India,2021-11-08,Occasional
225,Maanas Rout,customer225@example.com,Chennai,Tamil Nadu,India,2024-11-20,Regular
226,Upasna Lanka,customer226@example.com,Visakhapatnam,Andhra Pradesh,India,2022-04-25,Regular
227,Faris Narasimhan,customer227@example.com,Pune,Maharashtra,India,2023-11-18,Regular
228,Edhitha Sura,customer228@example.com,Warangal,Telangana,India,2025-07-16,New
229,Ekapad Keer,customer229@example.com,Mumbai,Maharashtra,India,2025-08-08,Regular
230,Gautam Saraf,customer230@example.com,Ahmedabad,Gujarat,India,2023-06-12,Regular
231,Sachi Ganesan,customer231@example.com,Coimbatore,Tamil Nadu,India,2021-11-02,Regular
232,Chakradhar Nair,customer232@example.com,Hyderabad,Telangana,India,2023-07-20,Premium
233,Jagrati Prasad,customer233@example.com,Mumbai,Maharashtra,India,2021-06-24,Regular
234,Yash Wali,customer234@example.com,Mumbai,Maharashtra,India,2024-08-31,Premium
235,Onkar Gill,customer235@example.com,Jaipur,Rajasthan,India,2024-07-04,Regular
236,Wridesh Tank,customer236@example.com,Vijayawada,Andhra Pradesh,India,2021-09-03,Occasional
237,Vincent Shenoy,customer237@example.com,Delhi,Delhi,India,2025-12-17,Regular
238,Aadhya Andra,customer238@example.com,Ahmedabad,Gujarat,India,2023-03-01,Premium
239,Nakul Borah,customer239@example.com,Bhopal,Madhya Pradesh,India,2024-12-16,Regular
240,Chandani Samra,customer240@example.com,Mumbai,Maharashtra,India,2024-10-04,Premium
241,Chasmum Issac,customer241@example.com,Delhi,Delhi,India,2023-02-17,Premium
242,Hredhaan Khalsa,customer242@example.com,Bhopal,Madhya Pradesh,India,2024-04-10,Occasional
243,Chakrika Merchant,customer243@example.com,Visakhapatnam,Andhra Pradesh,India,2024-03-30,Occasional
244,Anvi Anand,customer244@example.com,Vijayawada,Andhra Pradesh,India,2021-03-10,Occasional
245,Watika Mangat,customer245@example.com,Chennai,Tamil Nadu,India,2025-10-25,Regular
246,Theodore Gupta,customer246@example.com,Warangal,Telangana,India,2022-12-16,New
247,Gunbir Baral,customer247@example.com,Bhopal,Madhya Pradesh,India,2023-02-18,Regular
248,Bahadurjit Patla,customer248@example.com,Pune,Maharashtra,India,2023-08-18,Occasional
249,Chakrika Narain,customer249@example.com,Warangal,Telangana,India,2022-02-13,Occasional
250,Sai Deo,customer250@example.com,Mumbai,Maharashtra,India,2024-07-14,Regular
251,Yachana Mahajan,customer251@example.com,Visakhapatnam,Andhra Pradesh,India,2025-08-03,Regular
252,Vasatika Merchant,customer252@example.com,Delhi,Delhi,India,2022-05-27,Occasional
253,Upadhriti Borra,customer253@example.com,Ahmedabad,Gujarat,India,2023-11-19,Premium
254,Mekhala Pau,customer254@example.com,Delhi,Delhi,India,2022-03-14,Occasional
255,Akshay Lalla,customer255@example.com,Delhi,Delhi,India,2021-10-08,Occasional
256,Suhani Pillay,customer256@example.com,Bhopal,Madhya Pradesh,India,2025-07-26,Regular
257,Kamya Chokshi,customer257@example.com,Jaipur,Rajasthan,India,2023-03-26,Regular
258,Aryan Narang,customer258@example.com,Ahmedabad,Gujarat,India,2022-12-28,Occasional
259,Ucchal Mittal,customer259@example.com,Mumbai,Maharashtra,India,2022-11-19,Regular
260,Logan Bath,customer260@example.com,Delhi,Delhi,India,2024-06-22,Occasional
261,Waida D’Alia,customer261@example.com,Jaipur,Rajasthan,India,2021-04-26,Occasional
262,Krishna Rama,customer262@example.com,Kolkata,West Bengal,India,2021-10-29,Regular
263,Oni Dubey,customer263@example.com,Visakhapatnam,Andhra Pradesh,India,2024-11-10,Regular
264,Vrishti Reddy,customer264@example.com,Kolkata,West Bengal,India,2024-07-13,Occasional
265,Kamala Kalla,customer265@example.com,Kochi,Kerala,India,2023-05-20,Occasional
266,Warinder Patil,customer266@example.com,Visakhapatnam,Andhra Pradesh,India,2024-10-09,Premium
267,Jagrati Bhat,customer267@example.com,Ahmedabad,Gujarat,India,2021-11-05,Occasional
268,Ranveer Das,customer268@example.com,Jaipur,Rajasthan,India,2024-05-21,Regular
269,Simon Bail,customer269@example.com,Coimbatore,Tamil Nadu,India,2024-11-13,New
270,Yagnesh Dass,customer270@example.com,Chennai,Tamil Nadu,India,2021-06-07,Occasional
271,Ekapad Johal,customer271@example.com,Chennai,Tamil Nadu,India,2025-10-21,Occasional
272,Viraj Narasimhan,customer272@example.com,Bengaluru,Karnataka,India,2025-12-27,Premium
273,Aradhana Dhillon,customer273@example.com,Chennai,Tamil Nadu,India,2022-04-04,New
274,Owen Choudhary,customer274@example.com,Jaipur,Rajasthan,India,2022-02-08,Occasional
275,Alexander Parmar,customer275@example.com,Warangal,Telangana,India,2021-03-22,Regular
276,Amol Ghosh,customer276@example.com,Bhopal,Madhya Pradesh,India,2023-01-10,Regular
277,Jonathan Sama,customer277@example.com,Chennai,Tamil Nadu,India,2023-04-05,Occasional
278,Devansh Soni,customer278@example.com,Delhi,Delhi,India,2025-06-23,Regular
279,Yochana Chopra,customer279@example.com,Chennai,Tamil Nadu,India,2024-10-24,Premium
280,Caleb Verma,customer280@example.com,Vijayawada,Andhra Pradesh,India,2024-11-05,Premium
281,Azaan Bhat,customer281@example.com,Kochi,Kerala,India,2023-07-27,Occasional
282,Pooja Chokshi,customer282@example.com,Bhopal,Madhya Pradesh,India,2025-01-28,Premium
283,Ethan Buch,customer283@example.com,Delhi,Delhi,India,2025-03-04,Regular
284,Dominic Date,customer284@example.com,Kochi,Kerala,India,2023-09-28,New
285,Lakshmi Wali,customer285@example.com,Ahmedabad,Gujarat,India,2023-05-05,Regular
286,Yashasvi Sani,customer286@example.com,Ahmedabad,Gujarat,India,2023-07-06,Regular
287,Tanveer Sani,customer287@example.com,Coimbatore,Tamil Nadu,India,2021-11-05,Premium
288,Odika Nori,customer288@example.com,Bengaluru,Karnataka,India,2024-11-03,Occasional
289,Ojasvi Chandran,customer289@example.com,Visakhapatnam,Andhra Pradesh,India,2024-11-09,Regular
290,Dhriti Kumer,customer290@example.com,Ahmedabad,Gujarat,India,2023-08-30,Regular
291,Urvi Bhavsar,customer291@example.com,Kochi,Kerala,India,2024-03-08,Occasional
292,Girik Sankaran,customer292@example.com,Jaipur,Rajasthan,India,2021-10-11,Occasional
293,Kalpit Bhasin,customer293@example.com,Bhopal,Madhya Pradesh,India,2021-10-28,Regular
294,Jason Roy,customer294@example.com,Coimbatore,Tamil Nadu,India,2025-12-28,New
295,Charan Mani,customer295@example.com,Kolkata,West Bengal,India,2024-01-04,Occasional
296,Hemang Tripathi,customer296@example.com,Vijayawada,Andhra Pradesh,India,2023-08-29,Occasional
297,Vasatika Kapur,customer297@example.com,Kolkata,West Bengal,India,2022-10-23,Regular
298,Jhalak Contractor,customer298@example.com,Chennai,Tamil Nadu,India,2021-12-03,Occasional
299,Pushti Bal,customer299@example.com,Mumbai,Maharashtra,India,2023-05-16,Occasional
300,Pranit Mahajan,customer300@example.com,Ahmedabad,Gujarat,India,2023-04-11,Regular
301,Indali Ahuja,customer301@example.com,Chennai,Tamil Nadu,India,2023-08-18,Regular
302,Nandini Boase,customer302@example.com,Warangal,Telangana,India,2022-07-18,Occasional
303,Gavin Wali,customer303@example.com,Chennai,Tamil Nadu,India,2022-03-17,Regular
304,Oni Setty,customer304@example.com,Pune,Maharashtra,India,2022-10-31,Occasional
305,Kala Muni,customer305@example.com,Warangal,Telangana,India,2023-11-26,Premium
306,Charles Dugal,customer306@example.com,Chennai,Tamil Nadu,India,2023-10-05,Regular
307,Finn Magar,customer307@example.com,Bengaluru,Karnataka,India,2022-05-05,Occasional
308,Vedika Sathe,customer308@example.com,Warangal,Telangana,India,2024-10-08,Regular
309,Tanveer Vala,customer309@example.com,Pune,Maharashtra,India,2024-07-10,Regular
310,Qushi Choudhry,customer310@example.com,Delhi,Delhi,India,2021-12-20,Premium
311,Darika Bath,customer311@example.com,Coimbatore,Tamil Nadu,India,2023-05-31,Regular
312,Christopher Amble,customer312@example.com,Bhopal,Madhya Pradesh,India,2022-11-17,Occasional
313,Siddharth Devan,customer313@example.com,Vijayawada,Andhra Pradesh,India,2022-09-28,Premium
314,Falak Dar,customer314@example.com,Bhopal,Madhya Pradesh,India,2023-03-05,Occasional
315,Qushi Gill,customer315@example.com,Delhi,Delhi,India,2021-01-25,Regular
316,Victor Tella,customer316@example.com,Pune,Maharashtra,India,2022-02-06,Regular
317,Ekbal Ranganathan,customer317@example.com,Delhi,Delhi,India,2025-10-02,Occasional
318,Anirudh Sharaf,customer318@example.com,Coimbatore,Tamil Nadu,India,2021-05-12,Regular
319,Pushti Ravel,customer319@example.com,Vijayawada,Andhra Pradesh,India,2021-08-30,Occasional
320,Ishwar Ravel,customer320@example.com,Kochi,Kerala,India,2024-07-21,Regular
321,Onveer Sharma,customer321@example.com,Chennai,Tamil Nadu,India,2021-03-06,Regular
322,Rajeshri Cherian,customer322@example.com,Mumbai,Maharashtra,India,2024-01-30,Regular
323,Nandini Viswanathan,customer323@example.com,Hyderabad,Telangana,India,2023-01-26,Regular
324,Dayita Nori,customer324@example.com,Visakhapatnam,Andhra Pradesh,India,2021-09-02,Occasional
325,Om Bose,customer325@example.com,Delhi,Delhi,India,2022-11-20,Occasional
326,Yashvi Hari,customer326@example.com,Coimbatore,Tamil Nadu,India,2025-05-06,Regular
327,Manbir Keer,customer327@example.com,Bengaluru,Karnataka,India,2023-12-22,New
328,Aahana Hora,customer328@example.com,Ahmedabad,Gujarat,India,2021-11-16,Premium
329,Faqid Goel,customer329@example.com,Delhi,Delhi,India,2022-06-24,Regular
330,Saumya Naidu,customer330@example.com,Visakhapatnam,Andhra Pradesh,India,2025-03-16,Premium
331,Ria Bir,customer331@example.com,Visakhapatnam,Andhra Pradesh,India,2023-09-10,Regular
332,Chavvi Maharaj,customer332@example.com,Coimbatore,Tamil Nadu,India,2024-12-27,Regular
333,Yashica Borah,customer333@example.com,Hyderabad,Telangana,India,2021-06-24,Regular
334,Siya Barad,customer334@example.com,Pune,Maharashtra,India,2023-08-23,Regular
335,Bhavini Bose,customer335@example.com,Pune,Maharashtra,India,2021-06-26,Regular
336,Turvi Barman,customer336@example.com,Bhopal,Madhya Pradesh,India,2021-10-08,Regular
337,Ekanta Soni,customer337@example.com,Kochi,Kerala,India,2024-10-29,New
338,David Seshadri,customer338@example.com,Delhi,Delhi,India,2025-04-07,Regular
339,Frado Thaman,customer339@example.com,Warangal,Telangana,India,2021-11-18,Regular
340,Yug Sarma,customer340@example.com,Vijayawada,Andhra Pradesh,India,2022-06-21,Regular
341,Januja Pradhan,customer341@example.com,Pune,Maharashtra,India,2024-09-27,Regular
342,Nilima Nigam,customer342@example.com,Warangal,Telangana,India,2023-05-29,Occasional
343,Dominic Narayan,customer343@example.com,Visakhapatnam,Andhra Pradesh,India,2021-06-12,Premium
344,Bhanumati Krishnan,customer344@example.com,Hyderabad,Telangana,India,2021-10-21,New
345,Finn Dhaliwal,customer345@example.com,Chennai,Tamil Nadu,India,2022-04-13,Occasional
346,Manya Dayal,customer346@example.com,Jaipur,Rajasthan,India,2023-12-23,Regular
347,Krisha Narasimhan,customer347@example.com,Bengaluru,Karnataka,India,2021-09-21,Regular
348,Pallavi Trivedi,customer348@example.com,Warangal,Telangana,India,2022-02-02,Regular
349,Janani More,customer349@example.com,Chennai,Tamil Nadu,India,2024-01-30,Regular
350,Harita Sunder,customer350@example.com,Mumbai,Maharashtra,India,2022-07-15,Occasional
351,Laksh Dubey,customer351@example.com,Bengaluru,Karnataka,India,2022-08-20,Regular
352,Harrison Tripathi,customer352@example.com,Vijayawada,Andhra Pradesh,India,2021-08-28,Occasional
353,Gayathri Deep,customer353@example.com,Kochi,Kerala,India,2025-08-05,Occasional
354,Nicholas Golla,customer354@example.com,Mumbai,Maharashtra,India,2024-03-16,Premium
355,Caleb Roy,customer355@example.com,Hyderabad,Telangana,India,2022-05-30,New
356,Sachi Mane,customer356@example.com,Jaipur,Rajasthan,India,2024-02-06,Occasional
357,William More,customer357@example.com,Delhi,Delhi,India,2024-10-26,Regular
358,Jhalak Sastry,customer358@example.com,Vijayawada,Andhra Pradesh,India,2024-12-28,Regular
359,Lavanya Thakkar,customer359@example.com,Jaipur,Rajasthan,India,2024-12-05,Occasional
360,Neel Iyengar,customer360@example.com,Visakhapatnam,Andhra Pradesh,India,2025-06-27,Regular
361,Charles Srivastava,customer361@example.com,Vijayawada,Andhra Pradesh,India,2022-03-06,Occasional
362,Zaitra Dash,customer362@example.com,Coimbatore,Tamil Nadu,India,2024-02-28,Occasional
363,Naveen Mahajan,customer363@example.com,Kochi,Kerala,India,2023-06-05,Premium
364,Rajeshri Chand,customer364@example.com,Jaipur,Rajasthan,India,2024-10-27,Occasional
365,Ikshita Bala,customer365@example.com,Pune,Maharashtra,India,2022-11-21,Regular
366,Meghana Thakkar,customer366@example.com,Visakhapatnam,Andhra Pradesh,India,2024-07-13,Regular
367,Libni Bumb,customer367@example.com,Ahmedabad,Gujarat,India,2024-03-07,Regular
368,Ayaan Nagar,customer368@example.com,Hyderabad,Telangana,India,2024-03-10,Occasional
369,Madhav Devan,customer369@example.com,Coimbatore,Tamil Nadu,India,2021-11-04,Regular
370,Urmi Dewan,customer370@example.com,Delhi,Delhi,India,2021-04-30,New
371,Abdul Buch,customer371@example.com,Visakhapatnam,Andhra Pradesh,India,2024-12-28,Occasional
372,Tanveer Doctor,customer372@example.com,Kolkata,West Bengal,India,2021-03-01,Occasional
373,Indrajit Mani,customer373@example.com,Delhi,Delhi,India,2025-09-02,Regular
374,Jairaj Batta,customer374@example.com,Ahmedabad,Gujarat,India,2023-01-09,New
375,Tanvi Bhatnagar,customer375@example.com,Mumbai,Maharashtra,India,2023-01-11,Regular
376,Amol Varma,customer376@example.com,Bhopal,Madhya Pradesh,India,2021-12-11,Regular
377,Maanas Manne,customer377@example.com,Kolkata,West Bengal,India,2025-11-22,Regular
378,Ira Khosla,customer378@example.com,Coimbatore,Tamil Nadu,India,2024-08-26,Occasional
379,Rachit Chada,customer379@example.com,Mumbai,Maharashtra,India,2025-11-08,Regular
380,Ekansh Vora,customer380@example.com,Chennai,Tamil Nadu,India,2025-06-15,Occasional
381,Madhavi Singhal,customer381@example.com,Warangal,Telangana,India,2025-08-18,Regular
382,Kashvi Kulkarni,customer382@example.com,Kolkata,West Bengal,India,2021-05-16,Regular
383,Ekansh Pai,customer383@example.com,Kolkata,West Bengal,India,2021-02-20,Regular
384,Gaurangi Deol,customer384@example.com,Visakhapatnam,Andhra Pradesh,India,2023-01-20,Regular
385,Hamsini Gill,customer385@example.com,Hyderabad,Telangana,India,2021-05-18,Regular
386,Qabil Deshmukh,customer386@example.com,Pune,Maharashtra,India,2024-12-14,Regular
387,Balhaar Memon,customer387@example.com,Chennai,Tamil Nadu,India,2021-07-16,Regular
388,Ryan Barman,customer388@example.com,Mumbai,Maharashtra,India,2022-09-19,Regular
389,Yutika Rao,customer389@example.com,Bhopal,Madhya Pradesh,India,2023-09-08,Regular
390,Zehaan Bansal,customer390@example.com,Bhopal,Madhya Pradesh,India,2025-08-15,Regular
391,Ishanvi Batta,customer391@example.com,Hyderabad,Telangana,India,2022-08-17,Regular
392,Jeet Pillai,customer392@example.com,Chennai,Tamil Nadu,India,2023-10-29,Premium
393,Ria Raju,customer393@example.com,Vijayawada,Andhra Pradesh,India,2024-09-19,Regular
394,Watika Tank,customer394@example.com,Ahmedabad,Gujarat,India,2023-11-20,Occasional
395,Fitan Samra,customer395@example.com,Vijayawada,Andhra Pradesh,India,2024-02-16,Regular
396,Pranit Memon,customer396@example.com,Vijayawada,Andhra Pradesh,India,2021-09-03,Regular
397,Fariq Narang,customer397@example.com,Kochi,Kerala,India,2023-09-25,Premium
398,Sanaya Sandhu,customer398@example.com,Mumbai,Maharashtra,India,2023-07-08,Regular
399,Indali Sekhon,customer399@example.com,Vijayawada,Andhra Pradesh,India,2022-06-02,Regular
400,Radhika Maharaj,customer400@example.com,Visakhapatnam,Andhra Pradesh,India,2021-05-12,Regular
401,Nidra Patla,customer401@example.com,Kolkata,West Bengal,India,2021-06-28,Regular
402,Azaan Dhar,customer402@example.com,Pune,Maharashtra,India,2025-05-14,Regular
403,Jonathan Bhavsar,customer403@example.com,Vijayawada,Andhra Pradesh,India,2024-09-23,Regular
404,Janaki Rajagopal,customer404@example.com,Pune,Maharashtra,India,2023-01-04,Occasional
405,Mitesh Sengupta,customer405@example.com,Mumbai,Maharashtra,India,2025-10-29,Regular
406,Sachi Bose,customer406@example.com,Chennai,Tamil Nadu,India,2024-02-27,Premium
407,Jeevika Rao,customer407@example.com,Chennai,Tamil Nadu,India,2025-11-19,Regular
408,Zaid Comar,customer408@example.com,Vijayawada,Andhra Pradesh,India,2023-09-04,Regular
409,Xalak Vasa,customer409@example.com,Kochi,Kerala,India,2021-03-22,Occasional
410,Adweta Lad,customer410@example.com,Chennai,Tamil Nadu,India,2024-04-17,Regular
411,Bhavika Swaminathan,customer411@example.com,Kolkata,West Bengal,India,2024-10-18,Regular
412,Krishna Borah,customer412@example.com,Jaipur,Rajasthan,India,2022-09-14,New
413,Sai Chahal,customer413@example.com,Ahmedabad,Gujarat,India,2024-11-05,Regular
414,Dhruv Mannan,customer414@example.com,Warangal,Telangana,India,2023-09-20,Occasional
415,Owen Pathak,customer415@example.com,Mumbai,Maharashtra,India,2023-07-21,Regular
416,Jairaj Iyer,customer416@example.com,Bengaluru,Karnataka,India,2025-04-30,Regular
417,Wakeeta Bal,customer417@example.com,Vijayawada,Andhra Pradesh,India,2022-03-08,Regular
418,Unni Dayal,customer418@example.com,Mumbai,Maharashtra,India,2024-01-27,Premium
419,Dayamai Rao,customer419@example.com,Hyderabad,Telangana,India,2021-09-25,Regular
420,Nimrat Borah,customer420@example.com,Vijayawada,Andhra Pradesh,India,2025-01-27,New
421,Ethan Sengupta,customer421@example.com,Visakhapatnam,Andhra Pradesh,India,2022-01-25,Occasional
422,Kabir Gopal,customer422@example.com,Kolkata,West Bengal,India,2024-12-18,Premium
423,Yadavi Bhakta,customer423@example.com,Hyderabad,Telangana,India,2022-02-05,Regular
424,Daksha Gala,customer424@example.com,Kolkata,West Bengal,India,2022-01-21,Regular
425,Umang Pal,customer425@example.com,Pune,Maharashtra,India,2022-05-19,Regular
426,Farhan Krishna,customer426@example.com,Hyderabad,Telangana,India,2025-06-01,Regular
427,Jeremiah Mitter,customer427@example.com,Coimbatore,Tamil Nadu,India,2022-09-02,Regular
428,Yadavi Ganguly,customer428@example.com,Coimbatore,Tamil Nadu,India,2025-07-16,Premium
429,Onveer Nazareth,customer429@example.com,Kolkata,West Bengal,India,2025-12-10,Premium
430,Ayush Bumb,customer430@example.com,Visakhapatnam,Andhra Pradesh,India,2025-10-18,Occasional
431,Shivansh Saha,customer431@example.com,Bengaluru,Karnataka,India,2021-05-22,Premium
432,Bimala Mittal,customer432@example.com,Jaipur,Rajasthan,India,2021-04-05,New
433,Nidra Mishra,customer433@example.com,Warangal,Telangana,India,2025-02-09,New
434,Darpan Dugar,customer434@example.com,Warangal,Telangana,India,2024-11-10,Regular
435,Veda Shetty,customer435@example.com,Delhi,Delhi,India,2024-09-27,Regular
436,Maanas Munshi,customer436@example.com,Kochi,Kerala,India,2022-09-26,Regular
437,Mohini De,customer437@example.com,Kochi,Kerala,India,2023-09-20,Regular
438,Eiravati Khurana,customer438@example.com,Kolkata,West Bengal,India,2024-02-26,New
439,Amara Sengupta,customer439@example.com,Mumbai,Maharashtra,India,2024-12-20,Occasional
440,Gunbir Bedi,customer440@example.com,Delhi,Delhi,India,2023-02-10,Regular
441,Omya Kothari,customer441@example.com,Jaipur,Rajasthan,India,2023-06-21,Premium
442,Dhriti Gupta,customer442@example.com,Vijayawada,Andhra Pradesh,India,2022-05-12,Premium
443,Yutika Sibal,customer443@example.com,Kochi,Kerala,India,2022-05-11,Regular
444,Widisha Bajaj,customer444@example.com,Chennai,Tamil Nadu,India,2025-03-30,Regular
445,Yashasvi Shankar,customer445@example.com,Warangal,Telangana,India,2021-10-07,Regular
446,Ira Bava,customer446@example.com,Bengaluru,Karnataka,India,2023-01-18,Regular
447,Warda Singhal,customer447@example.com,Bengaluru,Karnataka,India,2021-06-07,Premium
448,Hritik Sankar,customer448@example.com,Kolkata,West Bengal,India,2023-06-07,Occasional
449,Jasmit Rau,customer449@example.com,Kolkata,West Bengal,India,2022-02-21,Regular
450,Nandini Behl,customer450@example.com,Chennai,Tamil Nadu,India,2024-02-11,Regular
451,Janani Mani,customer451@example.com,Mumbai,Maharashtra,India,2025-11-07,Occasional
452,Yamini Seshadri,customer452@example.com,Kolkata,West Bengal,India,2021-08-17,Premium
453,Jagat Dave,customer453@example.com,Chennai,Tamil Nadu,India,2025-09-05,New
454,Kashvi Nori,customer454@example.com,Kochi,Kerala,India,2021-10-28,Occasional
455,Maanas Issac,customer455@example.com,Jaipur,Rajasthan,India,2025-09-30,Occasional
456,Xiti Baria,customer456@example.com,Bhopal,Madhya Pradesh,India,2025-05-01,Regular
457,Laksh Nath,customer457@example.com,Warangal,Telangana,India,2021-05-21,Regular
458,Manthan Varma,customer458@example.com,Visakhapatnam,Andhra Pradesh,India,2025-01-11,Premium
459,Eiravati Gaba,customer459@example.com,Mumbai,Maharashtra,India,2022-03-11,Occasional
460,Gayathri Tripathi,customer460@example.com,Warangal,Telangana,India,2024-05-05,Premium
461,Chandani Soman,customer461@example.com,Kochi,Kerala,India,2025-05-03,Regular
462,Garima Choudhary,customer462@example.com,Vijayawada,Andhra Pradesh,India,2021-02-21,Occasional
463,Avi Som,customer463@example.com,Bhopal,Madhya Pradesh,India,2024-07-18,Regular
464,Charan Srinivasan,customer464@example.com,Warangal,Telangana,India,2023-04-05,Regular
465,Manbir Kibe,customer465@example.com,Mumbai,Maharashtra,India,2022-06-14,Occasional
466,Rayaan Bahl,customer466@example.com,Mumbai,Maharashtra,India,2021-04-09,Regular
467,Omya Doshi,customer467@example.com,Kolkata,West Bengal,India,2024-10-02,Regular
468,Nirja Thaker,customer468@example.com,Jaipur,Rajasthan,India,2024-07-07,Premium
469,Lakshit Venkataraman,customer469@example.com,Delhi,Delhi,India,2025-01-05,Occasional
470,Vanya Vora,customer470@example.com,Jaipur,Rajasthan,India,2022-10-07,Regular
471,Oscar Sharaf,customer471@example.com,Warangal,Telangana,India,2024-03-16,Regular
472,Irya Lalla,customer472@example.com,Visakhapatnam,Andhra Pradesh,India,2025-07-15,Occasional
473,Yatin Mallick,customer473@example.com,Jaipur,Rajasthan,India,2025-02-13,Regular
474,Umang Mishra,customer474@example.com,Hyderabad,Telangana,India,2025-09-30,New
475,Vrinda Nadig,customer475@example.com,Visakhapatnam,Andhra Pradesh,India,2023-06-17,Occasional
476,Anusha Mani,customer476@example.com,Jaipur,Rajasthan,India,2025-01-30,Premium
477,Megha Pai,customer477@example.com,Kochi,Kerala,India,2022-01-14,Regular
478,Brijesh Mani,customer478@example.com,Ahmedabad,Gujarat,India,2022-04-01,Occasional
479,Riya Kunda,customer479@example.com,Bhopal,Madhya Pradesh,India,2021-09-03,Regular
480,Saksham Yohannan,customer480@example.com,Jaipur,Rajasthan,India,2025-01-28,Regular
481,Laksh Chopra,customer481@example.com,Coimbatore,Tamil Nadu,India,2023-04-23,Regular
482,Xavier Bedi,customer482@example.com,Warangal,Telangana,India,2025-12-29,Regular
483,Viraj Ben,customer483@example.com,Delhi,Delhi,India,2025-07-08,Regular
484,Ganga Sodhi,customer484@example.com,Visakhapatnam,Andhra Pradesh,India,2021-11-08,Premium
485,Abdul Dugar,customer485@example.com,Bengaluru,Karnataka,India,2021-11-09,Regular
486,Vansha Iyengar,customer486@example.com,Vijayawada,Andhra Pradesh,India,2024-06-18,Regular
487,Bhavika Bhargava,customer487@example.com,Visakhapatnam,Andhra Pradesh,India,2023-06-12,New
488,Baljiwan Gill,customer488@example.com,Coimbatore,Tamil Nadu,India,2021-10-05,Occasional
489,Balhaar Ranganathan,customer489@example.com,Hyderabad,Telangana,India,2024-07-22,Regular
490,Bimala Barad,customer490@example.com,Pune,Maharashtra,India,2025-03-20,Regular
491,Hredhaan Nayak,customer491@example.com,Warangal,Telangana,India,2021-01-29,New
492,Wakeeta Desai,customer492@example.com,Delhi,Delhi,India,2023-06-04,Occasional
493,Anjali Hans,customer493@example.com,Coimbatore,Tamil Nadu,India,2025-04-16,New
494,Nicholas Shanker,customer494@example.com,Visakhapatnam,Andhra Pradesh,India,2021-12-16,Occasional
495,Akshay Nazareth,customer495@example.com,Kolkata,West Bengal,India,2023-03-11,Regular
496,Parth Ravi,customer496@example.com,Chennai,Tamil Nadu,India,2023-07-06,Regular
497,Gabriel Rattan,customer497@example.com,Jaipur,Rajasthan,India,2024-08-21,Occasional
498,Logan Sood,customer498@example.com,Visakhapatnam,Andhra Pradesh,India,2021-10-24,Regular
499,Abeer Lal,customer499@example.com,Hyderabad,Telangana,India,2023-10-03,Regular
500,Sanya Loke,customer500@example.com,Ahmedabad,Gujarat,India,2024-04-06,Premium
501,Advay Lal,customer501@example.com,Mumbai,Maharashtra,India,2023-10-22,Regular
502,David Dani,customer502@example.com,Vijayawada,Andhra Pradesh,India,2024-01-23,Regular
503,Nathaniel Ravi,customer503@example.com,Hyderabad,Telangana,India,2024-12-16,New
504,Jacob Merchant,customer504@example.com,Jaipur,Rajasthan,India,2025-04-11,Occasional
505,Theodore Deol,customer505@example.com,Vijayawada,Andhra Pradesh,India,2024-02-16,Regular
506,Suhani Prakash,customer506@example.com,Ahmedabad,Gujarat,India,2025-01-25,Premium
507,Tejas Kota,customer507@example.com,Delhi,Delhi,India,2024-07-15,Premium
508,Janaki Brahmbhatt,customer508@example.com,Coimbatore,Tamil Nadu,India,2021-09-12,New
509,David Tiwari,customer509@example.com,Kolkata,West Bengal,India,2025-10-19,New
510,Nitesh Narang,customer510@example.com,Visakhapatnam,Andhra Pradesh,India,2022-09-21,Occasional
511,Jackson Jha,customer511@example.com,Kolkata,West Bengal,India,2025-06-05,New
512,Gavin Uppal,customer512@example.com,Mumbai,Maharashtra,India,2025-12-17,Regular
513,Sudiksha Deo,customer513@example.com,Mumbai,Maharashtra,India,2024-10-16,Regular
514,Tanmayi Bhardwaj,customer514@example.com,Kolkata,West Bengal,India,2025-05-14,New
515,Darika Bains,customer515@example.com,Chennai,Tamil Nadu,India,2025-10-03,Regular
516,Aarush Kamdar,customer516@example.com,Bengaluru,Karnataka,India,2024-05-15,Regular
517,Chakradev Sampath,customer517@example.com,Bhopal,Madhya Pradesh,India,2025-12-02,Regular
518,Darpan Biswas,customer518@example.com,Vijayawada,Andhra Pradesh,India,2023-12-07,Occasional
519,Bhavini Rege,customer519@example.com,Coimbatore,Tamil Nadu,India,2025-01-06,Premium
520,Osha Prasad,customer520@example.com,Kochi,Kerala,India,2022-07-14,Occasional
521,Krishna Prashad,customer521@example.com,Delhi,Delhi,India,2024-04-03,Regular
522,Ijaya Dani,customer522@example.com,Kochi,Kerala,India,2021-09-07,Regular
523,Joshua Kapoor,customer523@example.com,Coimbatore,Tamil Nadu,India,2022-07-09,Premium
524,Chanchal Sheth,customer524@example.com,Vijayawada,Andhra Pradesh,India,2021-01-11,Regular
525,Ladli Karpe,customer525@example.com,Jaipur,Rajasthan,India,2025-08-19,Regular
526,Hiral Dubey,customer526@example.com,Visakhapatnam,Andhra Pradesh,India,2023-02-08,Regular
527,Isaiah Balay,customer527@example.com,Bengaluru,Karnataka,India,2023-05-07,Regular
528,Wridesh Jhaveri,customer528@example.com,Kolkata,West Bengal,India,2024-07-26,Regular
529,Bahadurjit Sekhon,customer529@example.com,Ahmedabad,Gujarat,India,2021-07-29,Occasional
530,Chaitanya Ratti,customer530@example.com,Delhi,Delhi,India,2021-06-01,Regular
531,Teerth Bhalla,customer531@example.com,Pune,Maharashtra,India,2024-09-25,Occasional
532,Vivaan Nagar,customer532@example.com,Vijayawada,Andhra Pradesh,India,2022-03-12,Regular
533,Warjas Mittal,customer533@example.com,Delhi,Delhi,India,2025-11-30,Regular
534,Odika Mital,customer534@example.com,Kochi,Kerala,India,2022-03-22,Regular
535,Parth Sane,customer535@example.com,Pune,Maharashtra,India,2023-05-05,Occasional
536,Champak Padmanabhan,customer536@example.com,Vijayawada,Andhra Pradesh,India,2025-09-23,New
537,Omaja Rege,customer537@example.com,Delhi,Delhi,India,2024-03-30,Regular
538,Krisha Gour,customer538@example.com,Visakhapatnam,Andhra Pradesh,India,2022-04-09,Occasional
539,Wridesh Kar,customer539@example.com,Visakhapatnam,Andhra Pradesh,India,2025-07-30,New
540,Ubika Bhardwaj,customer540@example.com,Kolkata,West Bengal,India,2023-07-24,New
541,Omaja Wagle,customer541@example.com,Bengaluru,Karnataka,India,2025-10-14,Regular
542,Xavier Kumer,customer542@example.com,Jaipur,Rajasthan,India,2022-02-21,Regular
543,Farhan Sengupta,customer543@example.com,Warangal,Telangana,India,2022-09-24,Occasional
544,Rayaan Behl,customer544@example.com,Kolkata,West Bengal,India,2024-02-27,Premium
545,Balveer Bora,customer545@example.com,Bhopal,Madhya Pradesh,India,2023-04-15,Regular
546,Varenya Joshi,customer546@example.com,Vijayawada,Andhra Pradesh,India,2022-08-08,Premium
547,Alexander Kakar,customer547@example.com,Coimbatore,Tamil Nadu,India,2023-11-01,Occasional
548,Varenya Kibe,customer548@example.com,Bengaluru,Karnataka,India,2022-08-14,Premium
549,Wriddhish Nagy,customer549@example.com,Kochi,Kerala,India,2022-09-28,New
550,Unnati Walla,customer550@example.com,Pune,Maharashtra,India,2023-05-30,Regular
551,Advika Parsa,customer551@example.com,Delhi,Delhi,India,2024-01-22,Regular
552,Unnati Chaudhari,customer552@example.com,Coimbatore,Tamil Nadu,India,2025-05-13,Regular
553,Samar Prabhakar,customer553@example.com,Visakhapatnam,Andhra Pradesh,India,2024-12-29,Occasional
554,Chakradev Kant,customer554@example.com,Delhi,Delhi,India,2023-08-31,New
555,Advika Sahni,customer555@example.com,Visakhapatnam,Andhra Pradesh,India,2022-03-30,Occasional
556,Rohan Narayan,customer556@example.com,Kochi,Kerala,India,2023-07-07,Regular
557,Yatan Tata,customer557@example.com,Ahmedabad,Gujarat,India,2022-12-16,Premium
558,Aarini Suresh,customer558@example.com,Warangal,Telangana,India,2025-09-07,Regular
559,Om Pandey,customer559@example.com,Visakhapatnam,Andhra Pradesh,India,2025-03-05,New
560,Vrinda Gour,customer560@example.com,Chennai,Tamil Nadu,India,2022-06-10,Occasional
561,Bahadurjit Borde,customer561@example.com,Delhi,Delhi,India,2025-08-12,New
562,Nitara Devan,customer562@example.com,Kochi,Kerala,India,2021-05-31,Regular
563,Matthew Andra,customer563@example.com,Coimbatore,Tamil Nadu,India,2022-12-21,Premium
564,Kashvi Bhasin,customer564@example.com,Bengaluru,Karnataka,India,2022-11-11,Occasional
565,Amol Ahuja,customer565@example.com,Bhopal,Madhya Pradesh,India,2025-02-10,Premium
566,Advik Badal,customer566@example.com,Pune,Maharashtra,India,2025-07-12,Occasional
567,Bhavini Badal,customer567@example.com,Mumbai,Maharashtra,India,2025-07-03,Regular
568,Praneel Chhabra,customer568@example.com,Delhi,Delhi,India,2025-04-10,Premium
569,Wridesh Handa,customer569@example.com,Ahmedabad,Gujarat,India,2021-10-27,Regular
570,Irya Loke,customer570@example.com,Visakhapatnam,Andhra Pradesh,India,2025-06-24,Occasional
571,Kashvi Ravi,customer571@example.com,Bengaluru,Karnataka,India,2024-05-18,Regular
572,Upkaar Mital,customer572@example.com,Jaipur,Rajasthan,India,2024-11-27,Occasional
573,Girik Ravi,customer573@example.com,Jaipur,Rajasthan,India,2021-09-08,Occasional
574,Vamakshi Bhalla,customer574@example.com,Kolkata,West Bengal,India,2024-03-24,New
575,Fitan Tata,customer575@example.com,Bengaluru,Karnataka,India,2021-01-30,Regular
576,Girish Wable,customer576@example.com,Visakhapatnam,Andhra Pradesh,India,2024-09-10,Regular
577,Siddharth Soman,customer577@example.com,Mumbai,Maharashtra,India,2021-05-13,Occasional
578,Falan Mand,customer578@example.com,Bhopal,Madhya Pradesh,India,2023-04-23,Occasional
579,Praneel Murty,customer579@example.com,Bhopal,Madhya Pradesh,India,2025-08-15,Regular
580,Maanas Rao,customer580@example.com,Ahmedabad,Gujarat,India,2021-02-18,Regular
581,Nicholas Khosla,customer581@example.com,Kolkata,West Bengal,India,2021-08-28,New
582,Garima Rajagopalan,customer582@example.com,Jaipur,Rajasthan,India,2025-10-27,Regular
583,Xiti Pal,customer583@example.com,Delhi,Delhi,India,2022-03-11,Occasional
584,Rajeshri Kata,customer584@example.com,Kolkata,West Bengal,India,2021-06-16,Occasional
585,Mekhala Narain,customer585@example.com,Chennai,Tamil Nadu,India,2021-08-25,New
586,Shravya Swaminathan,customer586@example.com,Coimbatore,Tamil Nadu,India,2021-04-03,Regular
587,Keya Sankaran,customer587@example.com,Chennai,Tamil Nadu,India,2022-12-10,Regular
588,Frederick Merchant,customer588@example.com,Pune,Maharashtra,India,2022-08-01,Regular
589,Fitan Loyal,customer589@example.com,Vijayawada,Andhra Pradesh,India,2023-02-05,Regular
590,Mitesh Ramachandran,customer590@example.com,Coimbatore,Tamil Nadu,India,2022-04-25,Occasional
591,Hredhaan Chand,customer591@example.com,Mumbai,Maharashtra,India,2023-09-11,Premium
592,Sai Parsa,customer592@example.com,Coimbatore,Tamil Nadu,India,2021-01-17,Occasional
593,Kevin Chahal,customer593@example.com,Vijayawada,Andhra Pradesh,India,2023-04-19,New
594,Saumya Vala,customer594@example.com,Bhopal,Madhya Pradesh,India,2022-08-06,Regular
595,Atharv Chakraborty,customer595@example.com,Kolkata,West Bengal,India,2024-06-21,Occasional
596,Ekta Rajan,customer596@example.com,Bhopal,Madhya Pradesh,India,2024-01-05,Regular
597,Odika Rama,customer597@example.com,Kochi,Kerala,India,2021-02-08,Regular
598,Omkaar Rai,customer598@example.com,Kochi,Kerala,India,2021-09-21,Regular
599,Amruta Mitra,customer599@example.com,Visakhapatnam,Andhra Pradesh,India,2022-06-11,Regular
600,Madhav Bhatnagar,customer600@example.com,Mumbai,Maharashtra,India,2023-04-14,Occasional
601,Anya Sama,customer601@example.com,Vijayawada,Andhra Pradesh,India,2022-06-04,Occasional
602,Faraj Patel,customer602@example.com,Visakhapatnam,Andhra Pradesh,India,2023-07-21,Occasional
603,Warhi Hayre,customer603@example.com,Visakhapatnam,Andhra Pradesh,India,2023-02-22,Premium
604,Krishna Modi,customer604@example.com,Visakhapatnam,Andhra Pradesh,India,2024-11-23,Regular
605,Gaurangi Rai,customer605@example.com,Mumbai,Maharashtra,India,2021-01-22,Occasional
606,Gaurika Sani,customer606@example.com,Hyderabad,Telangana,India,2023-10-21,Regular
607,Ekani Iyer,customer607@example.com,Vijayawada,Andhra Pradesh,India,2022-02-27,Premium
608,Peter Rao,customer608@example.com,Bhopal,Madhya Pradesh,India,2025-01-28,Regular
609,Vritti Kibe,customer609@example.com,Vijayawada,Andhra Pradesh,India,2023-09-19,Regular
610,Avni Ramaswamy,customer610@example.com,Chennai,Tamil Nadu,India,2023-10-10,Premium
611,Ryan Gole,customer611@example.com,Ahmedabad,Gujarat,India,2024-02-09,Occasional
612,Triya Kadakia,customer612@example.com,Pune,Maharashtra,India,2025-09-06,Regular
613,Ekapad Rege,customer613@example.com,Bhopal,Madhya Pradesh,India,2024-09-24,Regular
614,Chavvi Khurana,customer614@example.com,Bengaluru,Karnataka,India,2025-04-01,Regular
615,Pallavi Purohit,customer615@example.com,Coimbatore,Tamil Nadu,India,2023-02-25,New
616,Varenya Rattan,customer616@example.com,Kochi,Kerala,India,2021-08-18,Regular
617,Balhaar Parsa,customer617@example.com,Coimbatore,Tamil Nadu,India,2025-07-19,Regular
618,Ikbal Kothari,customer618@example.com,Warangal,Telangana,India,2025-07-27,Regular
619,Chaitanya Ratta,customer619@example.com,Warangal,Telangana,India,2024-01-08,Premium
620,Hitesh Anne,customer620@example.com,Chennai,Tamil Nadu,India,2023-10-28,Occasional
621,Tristan Uppal,customer621@example.com,Vijayawada,Andhra Pradesh,India,2021-11-03,Occasional
622,Sanaya Prasad,customer622@example.com,Delhi,Delhi,India,2025-05-31,New
623,Xiti Dora,customer623@example.com,Kochi,Kerala,India,2024-04-30,Regular
624,Vasudha Cheema,customer624@example.com,Warangal,Telangana,India,2023-12-08,Occasional
625,Frederick D’Alia,customer625@example.com,Hyderabad,Telangana,India,2023-07-07,Regular
626,Devika Oza,customer626@example.com,Warangal,Telangana,India,2022-03-17,Regular
627,Vasudha Pall,customer627@example.com,Visakhapatnam,Andhra Pradesh,India,2024-11-15,Occasional
628,Raksha Sethi,customer628@example.com,Mumbai,Maharashtra,India,2025-01-19,Regular
629,Charita Basu,customer629@example.com,Coimbatore,Tamil Nadu,India,2023-09-18,Regular
630,Hemal Chopra,customer630@example.com,Pune,Maharashtra,India,2021-12-24,Premium
631,Zaitra Ghosh,customer631@example.com,Chennai,Tamil Nadu,India,2022-05-26,Regular
632,Ganga Sandhu,customer632@example.com,Jaipur,Rajasthan,India,2025-09-11,Occasional
633,Nidhi Gour,customer633@example.com,Ahmedabad,Gujarat,India,2024-12-06,Regular
634,Meghana Balakrishnan,customer634@example.com,Jaipur,Rajasthan,India,2022-08-03,Regular
635,Pushti Ramachandran,customer635@example.com,Warangal,Telangana,India,2022-09-06,Regular
636,Samesh Mallick,customer636@example.com,Kolkata,West Bengal,India,2021-01-14,New
637,Rachit Pau,customer637@example.com,Mumbai,Maharashtra,India,2021-07-14,Regular
638,Tanvi Comar,customer638@example.com,Warangal,Telangana,India,2023-10-10,Premium
639,Dhriti Rama,customer639@example.com,Hyderabad,Telangana,India,2023-03-27,Regular
640,Ijaya Pandey,customer640@example.com,Kolkata,West Bengal,India,2024-05-04,Premium
641,Chameli Chad,customer641@example.com,Chennai,Tamil Nadu,India,2024-11-23,Occasional
642,Jacob Khare,customer642@example.com,Bengaluru,Karnataka,India,2022-02-21,Regular
643,Qadim Prakash,customer643@example.com,Pune,Maharashtra,India,2023-08-07,Occasional
644,Omya Devi,customer644@example.com,Vijayawada,Andhra Pradesh,India,2022-03-16,Occasional
645,Pallavi Grewal,customer645@example.com,Ahmedabad,Gujarat,India,2025-11-21,Regular
646,Ojas Suri,customer646@example.com,Vijayawada,Andhra Pradesh,India,2025-02-21,Occasional
647,Rachit Murty,customer647@example.com,Bhopal,Madhya Pradesh,India,2023-06-17,Regular
648,Jagrati Andra,customer648@example.com,Warangal,Telangana,India,2024-11-02,Occasional
649,Robert Rajagopalan,customer649@example.com,Jaipur,Rajasthan,India,2025-02-14,Regular
650,Nilima Swamy,customer650@example.com,Mumbai,Maharashtra,India,2025-10-11,Premium
651,Vrinda Ganesh,customer651@example.com,Pune,Maharashtra,India,2024-07-15,Regular
652,Thomas Master,customer652@example.com,Kolkata,West Bengal,India,2021-09-14,New
653,Umang Yogi,customer653@example.com,Coimbatore,Tamil Nadu,India,2021-04-12,Regular
654,Tanvi Tandon,customer654@example.com,Visakhapatnam,Andhra Pradesh,India,2023-06-16,Regular
655,Ishaan Loyal,customer655@example.com,Bhopal,Madhya Pradesh,India,2025-09-04,New
656,Benjamin Sastry,customer656@example.com,Pune,Maharashtra,India,2025-08-15,Premium
657,Pavani Chaudry,customer657@example.com,Mumbai,Maharashtra,India,2025-08-25,Regular
658,Bachittar Sengupta,customer658@example.com,Warangal,Telangana,India,2023-02-09,New
659,Gagan Sarna,customer659@example.com,Coimbatore,Tamil Nadu,India,2023-03-28,Regular
660,Shaurya Panchal,customer660@example.com,Visakhapatnam,Andhra Pradesh,India,2021-12-31,Regular
661,Liam Jhaveri,customer661@example.com,Visakhapatnam,Andhra Pradesh,India,2024-08-23,Regular
662,Indali Walia,customer662@example.com,Hyderabad,Telangana,India,2022-10-05,Premium
663,Ekiya Master,customer663@example.com,Pune,Maharashtra,India,2023-05-24,Regular
664,Yoshita Chandran,customer664@example.com,Bengaluru,Karnataka,India,2023-06-18,Occasional
665,Daniel Malhotra,customer665@example.com,Chennai,Tamil Nadu,India,2022-02-26,Premium
666,Zaid Dhingra,customer666@example.com,Kochi,Kerala,India,2022-01-30,Regular
667,Maya Suri,customer667@example.com,Jaipur,Rajasthan,India,2023-09-28,Regular
668,Oeshi Prashad,customer668@example.com,Coimbatore,Tamil Nadu,India,2022-03-18,Regular
669,Girik Rau,customer669@example.com,Kochi,Kerala,India,2024-11-05,Premium
670,Jyoti Sha,customer670@example.com,Bhopal,Madhya Pradesh,India,2025-05-21,Regular
671,Aarnav Chander,customer671@example.com,Mumbai,Maharashtra,India,2025-02-25,Occasional
672,Dev Warrior,customer672@example.com,Bengaluru,Karnataka,India,2024-11-25,New
673,Pushti Kakar,customer673@example.com,Ahmedabad,Gujarat,India,2024-05-20,Regular
674,Ekantika Mander,customer674@example.com,Bengaluru,Karnataka,India,2025-03-18,Premium
675,Vedhika Oza,customer675@example.com,Coimbatore,Tamil Nadu,India,2023-11-16,Premium
676,Hardik Sharaf,customer676@example.com,Hyderabad,Telangana,India,2021-05-31,Regular
677,Nakul Sastry,customer677@example.com,Kochi,Kerala,India,2021-02-20,Regular
678,Priya Jain,customer678@example.com,Pune,Maharashtra,India,2024-11-19,Premium
679,Nathan Mahal,customer679@example.com,Mumbai,Maharashtra,India,2022-02-14,Premium
680,Zashil Butala,customer680@example.com,Vijayawada,Andhra Pradesh,India,2021-10-17,Regular
681,Charles Randhawa,customer681@example.com,Warangal,Telangana,India,2024-03-01,Occasional
682,Pushti Chand,customer682@example.com,Kolkata,West Bengal,India,2023-08-08,Regular
683,Tanay Sood,customer683@example.com,Pune,Maharashtra,India,2021-10-23,Regular
684,Upkaar Venkataraman,customer684@example.com,Warangal,Telangana,India,2021-08-31,Regular
685,Abhiram Oza,customer685@example.com,Chennai,Tamil Nadu,India,2024-10-14,New
686,Kevin Sridhar,customer686@example.com,Hyderabad,Telangana,India,2022-01-10,Occasional
687,Leela Chakraborty,customer687@example.com,Bhopal,Madhya Pradesh,India,2021-08-09,Occasional
688,Dhriti Pillai,customer688@example.com,Ahmedabad,Gujarat,India,2021-11-15,Regular
689,Lavanya Deol,customer689@example.com,Visakhapatnam,Andhra Pradesh,India,2023-07-19,New
690,Abhiram Gala,customer690@example.com,Hyderabad,Telangana,India,2022-03-20,New
691,Tanay Doshi,customer691@example.com,Coimbatore,Tamil Nadu,India,2024-09-29,Regular
692,Teerth Chadha,customer692@example.com,Visakhapatnam,Andhra Pradesh,India,2024-07-03,Premium
693,Jatin Rajagopalan,customer693@example.com,Vijayawada,Andhra Pradesh,India,2021-11-09,New
694,Divya Dey,customer694@example.com,Warangal,Telangana,India,2023-12-29,Occasional
695,Frado Kothari,customer695@example.com,Pune,Maharashtra,India,2023-02-09,Regular
696,Avi Mitra,customer696@example.com,Warangal,Telangana,India,2025-09-16,Premium
697,Manya Merchant,customer697@example.com,Jaipur,Rajasthan,India,2022-10-01,Regular
698,Warda Raju,customer698@example.com,Ahmedabad,Gujarat,India,2021-06-19,Occasional
699,Xalak Bobal,customer699@example.com,Delhi,Delhi,India,2021-12-17,New
700,Jalsa Nadig,customer700@example.com,Ahmedabad,Gujarat,India,2025-06-30,Regular
701,Osha Pau,customer701@example.com,Ahmedabad,Gujarat,India,2022-02-15,Regular
702,Urishilla Bora,customer702@example.com,Warangal,Telangana,India,2025-08-25,Occasional
703,Akshay Lala,customer703@example.com,Warangal,Telangana,India,2021-02-21,Occasional
704,Darpan Rao,customer704@example.com,Visakhapatnam,Andhra Pradesh,India,2022-11-02,Occasional
705,Yachana Sagar,customer705@example.com,Ahmedabad,Gujarat,India,2025-04-23,Occasional
706,Fitan Yadav,customer706@example.com,Chennai,Tamil Nadu,India,2024-08-09,Regular
707,Arunima Chacko,customer707@example.com,Bhopal,Madhya Pradesh,India,2025-07-29,Regular
708,Yasti Jani,customer708@example.com,Pune,Maharashtra,India,2023-08-21,Occasional
709,Mahika Bhatti,customer709@example.com,Delhi,Delhi,India,2022-04-28,Regular
710,William Bhardwaj,customer710@example.com,Warangal,Telangana,India,2023-08-22,Regular
711,Radha D’Alia,customer711@example.com,Pune,Maharashtra,India,2023-01-30,Occasional
712,Dayamai Gill,customer712@example.com,Pune,Maharashtra,India,2024-11-09,New
713,Laksh Apte,customer713@example.com,Visakhapatnam,Andhra Pradesh,India,2022-01-07,New
714,Idika Virk,customer714@example.com,Warangal,Telangana,India,2022-05-25,Premium
715,Ojas Prabhu,customer715@example.com,Warangal,Telangana,India,2025-05-26,Premium
716,Jacob Balan,customer716@example.com,Warangal,Telangana,India,2022-01-30,Occasional
717,Anita Viswanathan,customer717@example.com,Pune,Maharashtra,India,2023-11-07,Occasional
718,Faraj Taneja,customer718@example.com,Ahmedabad,Gujarat,India,2021-07-18,Premium
719,Christopher Tata,customer719@example.com,Ahmedabad,Gujarat,India,2024-11-15,Regular
720,Jhalak Dugar,customer720@example.com,Visakhapatnam,Andhra Pradesh,India,2025-10-28,Premium
721,Jack Kari,customer721@example.com,Pune,Maharashtra,India,2023-03-04,Occasional
722,Chaitanya Arora,customer722@example.com,Kochi,Kerala,India,2025-04-30,Regular
723,Urmi Patla,customer723@example.com,Bhopal,Madhya Pradesh,India,2023-01-30,Occasional
724,Praneel Banik,customer724@example.com,Mumbai,Maharashtra,India,2024-04-04,Regular
725,Udarsh Nagy,customer725@example.com,Pune,Maharashtra,India,2025-09-14,Premium
726,Ekaja Madan,customer726@example.com,Ahmedabad,Gujarat,India,2023-02-11,Regular
727,Jagdish Thakkar,customer727@example.com,Visakhapatnam,Andhra Pradesh,India,2021-08-30,Regular
728,Udant Varty,customer728@example.com,Coimbatore,Tamil Nadu,India,2021-06-13,Premium
729,Ekapad Shroff,customer729@example.com,Coimbatore,Tamil Nadu,India,2021-05-23,Regular
730,Falak Chadha,customer730@example.com,Warangal,Telangana,India,2023-05-28,Occasional
731,Abhiram Pillay,customer731@example.com,Jaipur,Rajasthan,India,2025-09-15,Regular
732,Daksha Kibe,customer732@example.com,Delhi,Delhi,India,2022-09-16,Occasional
733,Wakeeta Hayre,customer733@example.com,Kochi,Kerala,India,2024-12-12,Occasional
734,Matthew Ahuja,customer734@example.com,Jaipur,Rajasthan,India,2025-08-26,Occasional
735,Viraj Pal,customer735@example.com,Ahmedabad,Gujarat,India,2024-06-27,Premium
736,Aarav Puri,customer736@example.com,Bhopal,Madhya Pradesh,India,2021-01-30,Occasional
737,Samesh Wagle,customer737@example.com,Vijayawada,Andhra Pradesh,India,2023-08-14,Regular
738,Vyanjana Bhasin,customer738@example.com,Bengaluru,Karnataka,India,2023-01-10,Regular
739,Girik Bassi,customer739@example.com,Kochi,Kerala,India,2022-03-19,Regular
740,Kashish Shanker,customer740@example.com,Pune,Maharashtra,India,2022-12-21,Regular
741,Yashasvi Deol,customer741@example.com,Bengaluru,Karnataka,India,2021-09-21,Occasional
742,David Saran,customer742@example.com,Jaipur,Rajasthan,India,2024-05-10,Occasional
743,Bishakha Lal,customer743@example.com,Warangal,Telangana,India,2022-02-11,Premium
744,Eta Nadkarni,customer744@example.com,Visakhapatnam,Andhra Pradesh,India,2023-09-06,New
745,Vivaan Borde,customer745@example.com,Warangal,Telangana,India,2024-11-07,Occasional
746,Ikbal Dugal,customer746@example.com,Chennai,Tamil Nadu,India,2022-09-22,Regular
747,Shivani Shukla,customer747@example.com,Kolkata,West Bengal,India,2021-11-25,Regular
748,Jai Wason,customer748@example.com,Pune,Maharashtra,India,2023-09-03,Regular
749,Siya Morar,customer749@example.com,Pune,Maharashtra,India,2024-01-19,Occasional
750,Jagdish Chana,customer750@example.com,Jaipur,Rajasthan,India,2024-12-10,Regular
751,Banjeet Kale,customer751@example.com,Bhopal,Madhya Pradesh,India,2022-05-05,Premium
752,Gavin Kothari,customer752@example.com,Bengaluru,Karnataka,India,2023-10-16,Occasional
753,Yochana Bawa,customer753@example.com,Hyderabad,Telangana,India,2024-01-11,Occasional
754,Owen Balasubramanian,customer754@example.com,Mumbai,Maharashtra,India,2023-07-18,Regular
755,Zaid Chandra,customer755@example.com,Delhi,Delhi,India,2024-06-10,Regular
756,Logan Dara,customer756@example.com,Kolkata,West Bengal,India,2024-12-06,Regular
757,Tristan De,customer757@example.com,Chennai,Tamil Nadu,India,2021-02-07,Occasional
758,Kashish Chad,customer758@example.com,Warangal,Telangana,India,2022-09-08,Regular
759,Falan Bains,customer759@example.com,Warangal,Telangana,India,2025-12-15,Regular
760,Sachi Dave,customer760@example.com,Visakhapatnam,Andhra Pradesh,India,2021-07-20,Regular
761,Jason Basak,customer761@example.com,Ahmedabad,Gujarat,India,2021-10-13,Occasional
762,Om Sant,customer762@example.com,Hyderabad,Telangana,India,2024-12-03,Regular
763,Ayushman Raja,customer763@example.com,Jaipur,Rajasthan,India,2024-05-12,Premium
764,Irya Kala,customer764@example.com,Chennai,Tamil Nadu,India,2024-08-18,Regular
765,Ati Sehgal,customer765@example.com,Chennai,Tamil Nadu,India,2022-08-05,Occasional
766,Yatan Merchant,customer766@example.com,Kochi,Kerala,India,2022-04-07,Regular
767,Varenya Bhat,customer767@example.com,Pune,Maharashtra,India,2025-03-31,Premium
768,Leela Devan,customer768@example.com,Kolkata,West Bengal,India,2021-09-30,Occasional
769,Zaid Bahl,customer769@example.com,Bengaluru,Karnataka,India,2024-07-26,Premium
770,Varsha Sundaram,customer770@example.com,Ahmedabad,Gujarat,India,2024-04-03,Occasional
771,Lipika Madan,customer771@example.com,Ahmedabad,Gujarat,India,2023-12-05,Regular
772,Eiravati Kanda,customer772@example.com,Visakhapatnam,Andhra Pradesh,India,2022-07-13,Occasional
773,Dalbir Sodhi,customer773@example.com,Warangal,Telangana,India,2021-04-02,Regular
774,Viraj Dutta,customer774@example.com,Vijayawada,Andhra Pradesh,India,2025-07-03,Premium
775,Wridesh Lata,customer775@example.com,Hyderabad,Telangana,India,2021-11-08,Regular
776,Theodore Rama,customer776@example.com,Warangal,Telangana,India,2025-07-17,Occasional
777,Patrick Khalsa,customer777@example.com,Jaipur,Rajasthan,India,2024-01-08,Regular
778,Ayaan Pandey,customer778@example.com,Delhi,Delhi,India,2023-09-16,Occasional
779,Raghav Tailor,customer779@example.com,Delhi,Delhi,India,2025-10-30,Regular
780,Parth Swaminathan,customer780@example.com,Delhi,Delhi,India,2025-08-12,Premium
781,Daksh Kaul,customer781@example.com,Pune,Maharashtra,India,2021-04-28,Regular
782,Vanya Acharya,customer782@example.com,Jaipur,Rajasthan,India,2022-11-11,Regular
783,Kalpit Oak,customer783@example.com,Vijayawada,Andhra Pradesh,India,2023-10-28,New
784,Daniel Bains,customer784@example.com,Warangal,Telangana,India,2022-07-06,Regular
785,Indrajit Vora,customer785@example.com,Warangal,Telangana,India,2022-04-04,Regular
786,Kashvi Randhawa,customer786@example.com,Jaipur,Rajasthan,India,2024-02-08,Regular
787,Gayathri Mittal,customer787@example.com,Warangal,Telangana,India,2025-12-26,Regular
788,Nakul Sarkar,customer788@example.com,Mumbai,Maharashtra,India,2023-09-30,Occasional
789,Owen Parikh,customer789@example.com,Chennai,Tamil Nadu,India,2025-02-22,Regular
790,Kritika Mohanty,customer790@example.com,Bengaluru,Karnataka,India,2022-11-25,Premium
791,Peter Agarwal,customer791@example.com,Visakhapatnam,Andhra Pradesh,India,2023-07-05,Premium
792,Bachittar Gopal,customer792@example.com,Ahmedabad,Gujarat,India,2025-11-15,Regular
793,Hemang Taneja,customer793@example.com,Kochi,Kerala,India,2023-09-16,Regular
794,Faras Khanna,customer794@example.com,Vijayawada,Andhra Pradesh,India,2022-03-13,New
795,Oliver Chakrabarti,customer795@example.com,Visakhapatnam,Andhra Pradesh,India,2023-12-14,Occasional
796,Advay Lanka,customer796@example.com,Chennai,Tamil Nadu,India,2023-11-10,Premium
797,Ekansh Palla,customer797@example.com,Mumbai,Maharashtra,India,2022-10-14,Regular
798,Aarav Bava,customer798@example.com,Jaipur,Rajasthan,India,2023-03-09,Regular
799,Oni Ganesan,customer799@example.com,Kochi,Kerala,India,2024-04-14,Occasional
800,Kritika Panchal,customer800@example.com,Bengaluru,Karnataka,India,2024-07-10,New
801,Harrison Srinivas,customer801@example.com,Visakhapatnam,Andhra Pradesh,India,2025-08-24,Regular
802,Nicholas Seth,customer802@example.com,Kochi,Kerala,India,2025-12-01,Regular
803,Chaitaly Bahri,customer803@example.com,Jaipur,Rajasthan,India,2021-08-18,Regular
804,Henry Borah,customer804@example.com,Bhopal,Madhya Pradesh,India,2023-09-18,Occasional
805,Keya Dyal,customer805@example.com,Visakhapatnam,Andhra Pradesh,India,2023-11-28,Regular
806,Hamsini Subramanian,customer806@example.com,Jaipur,Rajasthan,India,2021-08-22,Regular
807,Nitesh Saraf,customer807@example.com,Visakhapatnam,Andhra Pradesh,India,2021-04-07,Regular
808,Harrison Narula,customer808@example.com,Kolkata,West Bengal,India,2022-05-04,Premium
809,Nimrat Zachariah,customer809@example.com,Kolkata,West Bengal,India,2022-10-01,Regular
810,Chameli Khanna,customer810@example.com,Kochi,Kerala,India,2023-04-05,Regular
811,Maya Swaminathan,customer811@example.com,Hyderabad,Telangana,India,2021-10-26,Regular
812,Jalsa Aggarwal,customer812@example.com,Warangal,Telangana,India,2022-04-23,Regular
813,Chaitaly Srinivasan,customer813@example.com,Kolkata,West Bengal,India,2024-08-21,Premium
814,Atharv Jhaveri,customer814@example.com,Pune,Maharashtra,India,2022-09-13,Occasional
815,Finn Solanki,customer815@example.com,Warangal,Telangana,India,2022-06-15,Regular
816,Mitali Sinha,customer816@example.com,Coimbatore,Tamil Nadu,India,2021-12-25,Premium
817,Gavin Ram,customer817@example.com,Jaipur,Rajasthan,India,2025-02-28,Regular
818,Lakshmi Pingle,customer818@example.com,Kolkata,West Bengal,India,2022-07-29,Regular
819,Chaitanya Lall,customer819@example.com,Kochi,Kerala,India,2022-08-03,Occasional
820,Adya Kara,customer820@example.com,Hyderabad,Telangana,India,2024-09-28,Regular
821,Matthew Chatterjee,customer821@example.com,Kochi,Kerala,India,2023-04-15,Regular
822,Odika Karan,customer822@example.com,Chennai,Tamil Nadu,India,2021-09-24,Regular
823,Lila Virk,customer823@example.com,Kolkata,West Bengal,India,2025-09-16,Regular
824,Warinder Soni,customer824@example.com,Hyderabad,Telangana,India,2024-07-24,Regular
825,Megha Banerjee,customer825@example.com,Kochi,Kerala,India,2023-07-18,Occasional
826,Jai Sen,customer826@example.com,Pune,Maharashtra,India,2025-04-09,New
827,Siddharth Hans,customer827@example.com,Warangal,Telangana,India,2022-06-22,Regular
828,Pallavi Brar,customer828@example.com,Bengaluru,Karnataka,India,2022-01-28,Premium
829,Manbir Kuruvilla,customer829@example.com,Vijayawada,Andhra Pradesh,India,2024-09-14,Regular
830,Gagan Rama,customer830@example.com,Kolkata,West Bengal,India,2023-09-21,Regular
831,Eshana Majumdar,customer831@example.com,Jaipur,Rajasthan,India,2025-09-25,Regular
832,Advik Virk,customer832@example.com,Pune,Maharashtra,India,2025-06-03,New
833,Oeshi Doctor,customer833@example.com,Delhi,Delhi,India,2024-07-27,Regular
834,Hitesh Chaudhuri,customer834@example.com,Pune,Maharashtra,India,2022-04-06,Occasional
835,Nirja Lalla,customer835@example.com,Hyderabad,Telangana,India,2023-06-08,Occasional
836,Urvashi Barad,customer836@example.com,Visakhapatnam,Andhra Pradesh,India,2024-04-05,Regular
837,Neha Dhawan,customer837@example.com,Pune,Maharashtra,India,2022-06-20,Premium
838,Meghana Narula,customer838@example.com,Visakhapatnam,Andhra Pradesh,India,2024-06-02,Regular
839,Vaishnavi Luthra,customer839@example.com,Mumbai,Maharashtra,India,2023-01-09,Occasional
840,Geetika Mitter,customer840@example.com,Visakhapatnam,Andhra Pradesh,India,2024-03-03,New
841,Vyanjana Chaudhari,customer841@example.com,Jaipur,Rajasthan,India,2023-08-25,Occasional
842,Charita Savant,customer842@example.com,Pune,Maharashtra,India,2022-12-10,Premium
843,Omaja Chakraborty,customer843@example.com,Visakhapatnam,Andhra Pradesh,India,2023-09-24,Premium
844,Siddharth Ray,customer844@example.com,Pune,Maharashtra,India,2022-08-07,Regular
845,Daksh Varma,customer845@example.com,Visakhapatnam,Andhra Pradesh,India,2025-02-14,Occasional
846,Deepa Toor,customer846@example.com,Delhi,Delhi,India,2022-05-09,Premium
847,Ayush Ghose,customer847@example.com,Vijayawada,Andhra Pradesh,India,2024-06-07,New
848,Dalbir Krish,customer848@example.com,Mumbai,Maharashtra,India,2022-08-22,Regular
849,Chandresh Patel,customer849@example.com,Visakhapatnam,Andhra Pradesh,India,2021-04-13,Occasional
850,Jyoti Shetty,customer850@example.com,Coimbatore,Tamil Nadu,India,2022-09-11,Premium
851,Jatin Balasubramanian,customer851@example.com,Vijayawada,Andhra Pradesh,India,2025-04-19,Occasional
852,Vrinda Sehgal,customer852@example.com,Vijayawada,Andhra Pradesh,India,2023-01-22,New
853,Inaya Padmanabhan,customer853@example.com,Bhopal,Madhya Pradesh,India,2022-07-06,Regular
854,Gautam Mane,customer854@example.com,Visakhapatnam,Andhra Pradesh,India,2022-05-24,Occasional
855,Chandran Gaba,customer855@example.com,Ahmedabad,Gujarat,India,2021-03-27,Regular
856,Timothy Kar,customer856@example.com,Pune,Maharashtra,India,2025-11-13,Regular
857,Nimrat Varghese,customer857@example.com,Chennai,Tamil Nadu,India,2022-10-05,Regular
858,Urvi Deo,customer858@example.com,Kochi,Kerala,India,2021-03-04,Regular
859,Udarsh Krishnan,customer859@example.com,Chennai,Tamil Nadu,India,2022-06-23,New
860,Pallavi Puri,customer860@example.com,Bengaluru,Karnataka,India,2023-08-08,Premium
861,Zayyan Kamdar,customer861@example.com,Coimbatore,Tamil Nadu,India,2023-12-20,Occasional
862,Mekhala Chaudry,customer862@example.com,Ahmedabad,Gujarat,India,2024-12-20,Occasional
863,Barkha Misra,customer863@example.com,Coimbatore,Tamil Nadu,India,2021-01-23,Occasional
864,Devansh Nayar,customer864@example.com,Ahmedabad,Gujarat,India,2021-12-02,Premium
865,Aradhana Lal,customer865@example.com,Pune,Maharashtra,India,2023-05-10,Occasional
866,Mason Varughese,customer866@example.com,Jaipur,Rajasthan,India,2023-07-18,Premium
867,Netra Nagarajan,customer867@example.com,Delhi,Delhi,India,2023-01-17,Regular
868,Widisha Merchant,customer868@example.com,Bengaluru,Karnataka,India,2022-03-11,Occasional
869,Nidhi Rama,customer869@example.com,Kochi,Kerala,India,2023-03-18,Regular
870,Hemal Kapadia,customer870@example.com,Bhopal,Madhya Pradesh,India,2021-04-20,Regular
871,Jagrati Tripathi,customer871@example.com,Kolkata,West Bengal,India,2025-07-20,Premium
872,Pratyush Memon,customer872@example.com,Pune,Maharashtra,India,2023-07-22,Occasional
873,Kabir Kuruvilla,customer873@example.com,Chennai,Tamil Nadu,India,2021-10-31,New
874,Gautami Chakraborty,customer874@example.com,Jaipur,Rajasthan,India,2025-10-03,Regular
875,Udant Mohanty,customer875@example.com,Vijayawada,Andhra Pradesh,India,2022-11-22,Occasional
876,Kamya Lad,customer876@example.com,Chennai,Tamil Nadu,India,2024-07-30,Regular
877,Ubika Dalal,customer877@example.com,Mumbai,Maharashtra,India,2025-12-25,New
878,Ekavir Sodhi,customer878@example.com,Kochi,Kerala,India,2025-01-01,Regular
879,Lakshmi Wagle,customer879@example.com,Coimbatore,Tamil Nadu,India,2022-08-28,Regular
880,Chatura Dora,customer880@example.com,Visakhapatnam,Andhra Pradesh,India,2023-07-16,New
881,Hema Rout,customer881@example.com,Kolkata,West Bengal,India,2022-03-03,Regular
882,Luke Mutti,customer882@example.com,Mumbai,Maharashtra,India,2025-11-05,Occasional
883,Vinaya Natarajan,customer883@example.com,Ahmedabad,Gujarat,India,2022-07-15,Regular
884,Dalbir Agrawal,customer884@example.com,Bengaluru,Karnataka,India,2022-07-04,Occasional
885,Shaurya Ganguly,customer885@example.com,Kochi,Kerala,India,2024-11-05,Regular
886,Vrishti Chakrabarti,customer886@example.com,Coimbatore,Tamil Nadu,India,2025-11-26,Regular
887,Pushti Raval,customer887@example.com,Visakhapatnam,Andhra Pradesh,India,2022-02-07,Regular
888,Leela Agrawal,customer888@example.com,Pune,Maharashtra,India,2024-08-25,Regular
889,Kashvi Atwal,customer889@example.com,Warangal,Telangana,India,2021-04-28,Occasional
890,Andrew Agrawal,customer890@example.com,Ahmedabad,Gujarat,India,2023-09-29,Occasional
891,Hemangini Muni,customer891@example.com,Mumbai,Maharashtra,India,2023-02-13,Premium
892,Leela Thakur,customer892@example.com,Bengaluru,Karnataka,India,2022-02-05,Regular
893,Dhruv Bath,customer893@example.com,Bhopal,Madhya Pradesh,India,2023-08-10,Regular
894,Tamanna Venkatesh,customer894@example.com,Coimbatore,Tamil Nadu,India,2023-07-16,Regular
895,Radha Desai,customer895@example.com,Bhopal,Madhya Pradesh,India,2025-06-17,Regular
896,Jagrati Guha,customer896@example.com,Kolkata,West Bengal,India,2023-12-01,Occasional
897,Anirudh Kari,customer897@example.com,Bhopal,Madhya Pradesh,India,2022-05-28,Premium
898,Siddharth Bains,customer898@example.com,Hyderabad,Telangana,India,2022-11-28,Regular
899,Jatin Peri,customer899@example.com,Pune,Maharashtra,India,2025-04-17,Regular
900,Aadhya Warrior,customer900@example.com,Warangal,Telangana,India,2021-04-27,Regular
901,Hritik Bahri,customer901@example.com,Hyderabad,Telangana,India,2021-05-31,Regular
902,Omaja Sawhney,customer902@example.com,Warangal,Telangana,India,2021-05-30,Occasional
903,Zayyan Som,customer903@example.com,Visakhapatnam,Andhra Pradesh,India,2024-03-27,Regular
904,Aditya Mitra,customer904@example.com,Bengaluru,Karnataka,India,2022-04-21,Premium
905,Zinal Madan,customer905@example.com,Mumbai,Maharashtra,India,2024-07-31,New
906,Henry Vaidya,customer906@example.com,Kolkata,West Bengal,India,2022-03-03,Occasional
907,Ishaan Cherian,customer907@example.com,Bengaluru,Karnataka,India,2022-01-01,Occasional
908,Ryan Lall,customer908@example.com,Kolkata,West Bengal,India,2025-03-27,Regular
909,Ishita Rout,customer909@example.com,Hyderabad,Telangana,India,2025-06-14,New
910,Balveer Taneja,customer910@example.com,Hyderabad,Telangana,India,2023-07-07,Regular
911,Ganga Keer,customer911@example.com,Coimbatore,Tamil Nadu,India,2022-10-08,Premium
912,Gaurav Choudhry,customer912@example.com,Vijayawada,Andhra Pradesh,India,2021-01-09,Regular
913,Manthan Chana,customer913@example.com,Delhi,Delhi,India,2025-11-19,Premium
914,Harrison Kunda,customer914@example.com,Mumbai,Maharashtra,India,2025-05-09,Regular
915,Chaman Lalla,customer915@example.com,Warangal,Telangana,India,2022-12-20,Premium
916,Harish Ghosh,customer916@example.com,Delhi,Delhi,India,2024-12-13,Regular
917,Jagvi Munshi,customer917@example.com,Jaipur,Rajasthan,India,2021-05-03,Regular
918,Girish Bath,customer918@example.com,Warangal,Telangana,India,2024-08-16,Occasional
919,Onkar Narasimhan,customer919@example.com,Kolkata,West Bengal,India,2021-01-31,Regular
920,Amrita Chander,customer920@example.com,Hyderabad,Telangana,India,2024-01-16,Regular
921,Qadim Comar,customer921@example.com,Jaipur,Rajasthan,India,2024-03-03,Regular
922,Tanmayi Magar,customer922@example.com,Bengaluru,Karnataka,India,2024-05-30,Regular
923,Oviya Ganesan,customer923@example.com,Hyderabad,Telangana,India,2024-04-13,Regular
924,Daniel Dutta,customer924@example.com,Chennai,Tamil Nadu,India,2021-12-18,Regular
925,Vasudha Sarma,customer925@example.com,Bengaluru,Karnataka,India,2021-11-19,Occasional
926,Jagrati Balakrishnan,customer926@example.com,Warangal,Telangana,India,2022-07-18,Regular
927,Vinaya Chowdhury,customer927@example.com,Pune,Maharashtra,India,2022-02-10,Premium
928,Chakradhar Bhatnagar,customer928@example.com,Ahmedabad,Gujarat,India,2024-07-01,Regular
929,Advik Vohra,customer929@example.com,Kochi,Kerala,India,2023-03-24,New
930,Hamsini Venkataraman,customer930@example.com,Ahmedabad,Gujarat,India,2025-11-27,Premium
931,Rachita Kothari,customer931@example.com,Coimbatore,Tamil Nadu,India,2025-06-14,Regular
932,Lekha Dixit,customer932@example.com,Visakhapatnam,Andhra Pradesh,India,2025-02-06,Regular
933,Advay Dugar,customer933@example.com,Pune,Maharashtra,India,2025-10-01,Regular
934,Warhi Gandhi,customer934@example.com,Hyderabad,Telangana,India,2025-04-20,Regular
935,Ekani Khosla,customer935@example.com,Warangal,Telangana,India,2021-08-21,Regular
936,Chandresh Tripathi,customer936@example.com,Vijayawada,Andhra Pradesh,India,2023-10-26,Occasional
937,Neha Keer,customer937@example.com,Warangal,Telangana,India,2022-11-23,Occasional
938,Sachi Sem,customer938@example.com,Vijayawada,Andhra Pradesh,India,2021-09-02,Occasional
939,Sanya Mutti,customer939@example.com,Bengaluru,Karnataka,India,2021-10-01,Premium
940,Andrew Chauhan,customer940@example.com,Ahmedabad,Gujarat,India,2022-01-04,Regular
941,Balendra Acharya,customer941@example.com,Visakhapatnam,Andhra Pradesh,India,2024-06-07,Regular
942,Yashoda Jhaveri,customer942@example.com,Kochi,Kerala,India,2021-10-10,Occasional
943,Januja Bhagat,customer943@example.com,Vijayawada,Andhra Pradesh,India,2024-11-18,Regular
944,Garima Solanki,customer944@example.com,Bengaluru,Karnataka,India,2022-11-24,Occasional
945,Ishaan Chatterjee,customer945@example.com,Warangal,Telangana,India,2024-02-03,Occasional
946,Harita Pant,customer946@example.com,Kolkata,West Bengal,India,2022-11-20,Premium
947,Hitesh Bath,customer947@example.com,Chennai,Tamil Nadu,India,2023-06-27,Premium
948,Logan Rout,customer948@example.com,Chennai,Tamil Nadu,India,2022-05-26,Occasional
949,Rohan Guha,customer949@example.com,Pune,Maharashtra,India,2021-11-29,New
950,Tanveer Shankar,customer950@example.com,Ahmedabad,Gujarat,India,2022-01-11,Regular
951,Hritik Sachdeva,customer951@example.com,Coimbatore,Tamil Nadu,India,2022-08-16,Regular
952,Shravya Shankar,customer952@example.com,Mumbai,Maharashtra,India,2021-05-25,Premium
953,Wishi Agrawal,customer953@example.com,Visakhapatnam,Andhra Pradesh,India,2025-04-16,Regular
954,Rachita Subramanian,customer954@example.com,Pune,Maharashtra,India,2025-07-06,Occasional
955,Oscar Dave,customer955@example.com,Hyderabad,Telangana,India,2025-04-29,Occasional
956,Ekanta Thaman,customer956@example.com,Pune,Maharashtra,India,2021-11-18,Regular
957,Yuvraj Mahal,customer957@example.com,Kochi,Kerala,India,2024-04-10,Regular
958,Chaitaly Sethi,customer958@example.com,Bhopal,Madhya Pradesh,India,2024-05-21,Regular
959,Nitara Vala,customer959@example.com,Kolkata,West Bengal,India,2022-02-19,Occasional
960,Teerth Iyer,customer960@example.com,Delhi,Delhi,India,2023-07-18,Regular
961,Hemani Deo,customer961@example.com,Bengaluru,Karnataka,India,2022-10-14,Regular
962,Jack Pandey,customer962@example.com,Kolkata,West Bengal,India,2022-07-07,Regular
963,Omisha Walla,customer963@example.com,Kochi,Kerala,India,2025-10-13,Regular
964,Agastya Virk,customer964@example.com,Kochi,Kerala,India,2023-06-08,Premium
965,Lakshmi Dhillon,customer965@example.com,Delhi,Delhi,India,2021-11-27,Premium
966,Ryan Loke,customer966@example.com,Jaipur,Rajasthan,India,2021-06-14,New
967,Zashil Dhingra,customer967@example.com,Bengaluru,Karnataka,India,2022-05-16,Regular
968,Samar Bali,customer968@example.com,Pune,Maharashtra,India,2021-07-12,Premium
969,Harsh Kapur,customer969@example.com,Pune,Maharashtra,India,2024-01-20,Occasional
970,Wazir Vaidya,customer970@example.com,Mumbai,Maharashtra,India,2025-10-10,Regular
971,Lakshmi Ram,customer971@example.com,Vijayawada,Andhra Pradesh,India,2023-06-13,Regular
972,Chatura Arya,customer972@example.com,Vijayawada,Andhra Pradesh,India,2024-07-18,Regular
973,Saanvi Kar,customer973@example.com,Kolkata,West Bengal,India,2023-02-20,Premium
974,Rishi Menon,customer974@example.com,Coimbatore,Tamil Nadu,India,2024-02-17,New
975,Falan Grover,customer975@example.com,Jaipur,Rajasthan,India,2024-10-26,New
976,Krishna Baria,customer976@example.com,Mumbai,Maharashtra,India,2022-06-24,Regular
977,Aishani De,customer977@example.com,Kochi,Kerala,India,2024-08-24,New
978,Abdul Narayanan,customer978@example.com,Warangal,Telangana,India,2022-05-15,Occasional
979,Balveer Dube,customer979@example.com,Delhi,Delhi,India,2024-12-19,Regular
980,Charvi Swaminathan,customer980@example.com,Kochi,Kerala,India,2023-09-30,Occasional
981,Elijah Nadkarni,customer981@example.com,Bengaluru,Karnataka,India,2025-11-15,New
982,Qarin Verma,customer982@example.com,Bengaluru,Karnataka,India,2025-06-21,Occasional
983,Ojasvi Yadav,customer983@example.com,Visakhapatnam,Andhra Pradesh,India,2021-07-31,Occasional
984,Ikshita Kant,customer984@example.com,Hyderabad,Telangana,India,2024-06-07,Premium
985,Garima Patel,customer985@example.com,Chennai,Tamil Nadu,India,2022-10-25,Occasional
986,Vaishnavi Andra,customer986@example.com,Pune,Maharashtra,India,2023-07-02,Regular
987,Sanaya Khosla,customer987@example.com,Jaipur,Rajasthan,India,2021-12-23,Premium
988,Ekani Raj,customer988@example.com,Bengaluru,Karnataka,India,2023-01-28,Occasional
989,Aahana Zachariah,customer989@example.com,Pune,Maharashtra,India,2021-12-19,Regular
990,Zansi Prasad,customer990@example.com,Kochi,Kerala,India,2023-05-29,Premium
991,Vidhi Bassi,customer991@example.com,Bengaluru,Karnataka,India,2025-05-17,Regular
992,Ekani Varkey,customer992@example.com,Delhi,Delhi,India,2023-07-10,Regular
993,Oliver Yogi,customer993@example.com,Mumbai,Maharashtra,India,2021-09-13,Regular
994,Dominic Kade,customer994@example.com,Warangal,Telangana,India,2025-07-15,Premium
995,Hemang Jha,customer995@example.com,Bengaluru,Karnataka,India,2022-10-25,Regular
996,Ekbal Dube,customer996@example.com,Delhi,Delhi,India,2025-07-29,New
997,Garima Barad,customer997@example.com,Warangal,Telangana,India,2021-03-15,Regular
998,Chatura Gokhale,customer998@example.com,Mumbai,Maharashtra,India,2021-09-29,Occasional
999,Vedant Kuruvilla,customer999@example.com,Chennai,Tamil Nadu,India,2023-02-22,New
1000,Shravya Ravel,customer1000@example.com,Mumbai,Maharashtra,India,2024-06-20,Occasional
1001,Anay Ramachandran,customer1001@example.com,Kolkata,West Bengal,India,2024-09-07,Regular
1002,Dev Bath,customer1002@example.com,Bengaluru,Karnataka,India,2022-01-03,Occasional
1003,Yadavi Cherian,customer1003@example.com,Kolkata,West Bengal,India,2021-08-14,Regular
1004,Gabriel Manda,customer1004@example.com,Vijayawada,Andhra Pradesh,India,2023-06-20,Regular
1005,Megha Balasubramanian,customer1005@example.com,Warangal,Telangana,India,2024-09-21,Occasional
1006,Thomas Deshpande,customer1006@example.com,Coimbatore,Tamil Nadu,India,2025-01-12,New
1007,Maanas Misra,customer1007@example.com,Visakhapatnam,Andhra Pradesh,India,2024-04-29,Regular
1008,Lohit Dasgupta,customer1008@example.com,Warangal,Telangana,India,2024-03-05,Regular
1009,Meera Yogi,customer1009@example.com,Mumbai,Maharashtra,India,2021-05-10,Occasional
1010,Dalaja Kade,customer1010@example.com,Coimbatore,Tamil Nadu,India,2025-08-29,Regular
1011,Nitara Vala,customer1011@example.com,Vijayawada,Andhra Pradesh,India,2023-12-05,New
1012,Qarin Kant,customer1012@example.com,Visakhapatnam,Andhra Pradesh,India,2022-03-19,Regular
1013,Ishwar Golla,customer1013@example.com,Pune,Maharashtra,India,2023-02-25,Regular
1014,Triya Bora,customer1014@example.com,Warangal,Telangana,India,2025-10-29,New
1015,Zashil Chaudhari,customer1015@example.com,Kochi,Kerala,India,2023-06-23,Premium
1016,Ganga Parikh,customer1016@example.com,Kochi,Kerala,India,2022-09-06,Regular
1017,Harish Mane,customer1017@example.com,Pune,Maharashtra,India,2022-02-03,Regular
1018,Eesha Sunder,customer1018@example.com,Pune,Maharashtra,India,2021-08-05,Regular
1019,Damini Dua,customer1019@example.com,Ahmedabad,Gujarat,India,2024-11-01,Premium
1020,Diya Sangha,customer1020@example.com,Bhopal,Madhya Pradesh,India,2025-10-24,Premium
1021,Dhriti Koshy,customer1021@example.com,Mumbai,Maharashtra,India,2022-06-08,Regular
1022,Aradhana Parsa,customer1022@example.com,Vijayawada,Andhra Pradesh,India,2022-11-20,Occasional
1023,Varsha Shere,customer1023@example.com,Ahmedabad,Gujarat,India,2022-02-22,Regular
1024,Dalaja Sur,customer1024@example.com,Delhi,Delhi,India,2024-10-15,Occasional
1025,Parth Bumb,customer1025@example.com,Warangal,Telangana,India,2025-09-10,Premium
1026,Ronith Lall,customer1026@example.com,Pune,Maharashtra,India,2023-05-22,Regular
1027,Anirudh Tripathi,customer1027@example.com,Kolkata,West Bengal,India,2021-08-26,Regular
1028,Simon Bansal,customer1028@example.com,Ahmedabad,Gujarat,India,2021-04-07,Regular
1029,Urmi Dixit,customer1029@example.com,Bhopal,Madhya Pradesh,India,2025-09-10,Occasional
1030,Udant Mannan,customer1030@example.com,Ahmedabad,Gujarat,India,2024-02-11,Regular
1031,Yachana Uppal,customer1031@example.com,Bengaluru,Karnataka,India,2022-02-20,Occasional
1032,Januja Thakkar,customer1032@example.com,Bengaluru,Karnataka,India,2021-10-09,Regular
1033,Noah Varkey,customer1033@example.com,Bhopal,Madhya Pradesh,India,2021-02-02,Occasional
1034,Nathaniel Gola,customer1034@example.com,Coimbatore,Tamil Nadu,India,2022-03-13,Premium
1035,Veda Parmer,customer1035@example.com,Bengaluru,Karnataka,India,2025-10-26,Regular
1036,Vinaya Kata,customer1036@example.com,Bengaluru,Karnataka,India,2021-05-06,Regular
1037,Kala Kaur,customer1037@example.com,Vijayawada,Andhra Pradesh,India,2021-07-15,Regular
1038,Zarna Patel,customer1038@example.com,Ahmedabad,Gujarat,India,2021-05-14,Occasional
1039,Suhani Batra,customer1039@example.com,Coimbatore,Tamil Nadu,India,2024-04-20,Premium
1040,Harshil Verma,customer1040@example.com,Chennai,Tamil Nadu,India,2021-05-04,Regular
1041,Owen Puri,customer1041@example.com,Ahmedabad,Gujarat,India,2023-04-30,Regular
1042,Faras Varughese,customer1042@example.com,Visakhapatnam,Andhra Pradesh,India,2024-03-22,Regular
1043,Udant Varty,customer1043@example.com,Ahmedabad,Gujarat,India,2023-02-21,Premium
1044,Hemani Sur,customer1044@example.com,Visakhapatnam,Andhra Pradesh,India,2024-06-14,Regular
1045,Yachana Dewan,customer1045@example.com,Jaipur,Rajasthan,India,2025-02-06,Regular
1046,Victor Bose,customer1046@example.com,Visakhapatnam,Andhra Pradesh,India,2024-09-28,Regular
1047,Siddharth Doctor,customer1047@example.com,Bhopal,Madhya Pradesh,India,2025-05-18,Regular
1048,Janaki Dani,customer1048@example.com,Coimbatore,Tamil Nadu,India,2022-08-04,New
1049,Ganga Comar,customer1049@example.com,Hyderabad,Telangana,India,2022-12-17,Occasional
1050,Varenya Kade,customer1050@example.com,Hyderabad,Telangana,India,2025-02-05,Premium
1051,Anthony Kohli,customer1051@example.com,Visakhapatnam,Andhra Pradesh,India,2022-05-16,Occasional
1052,Naveen Desai,customer1052@example.com,Mumbai,Maharashtra,India,2021-05-15,Occasional
1053,Manan Bhalla,customer1053@example.com,Kochi,Kerala,India,2025-05-12,Regular
1054,Pranit Varughese,customer1054@example.com,Jaipur,Rajasthan,India,2022-06-01,Regular
1055,Bhanumati Chada,customer1055@example.com,Kolkata,West Bengal,India,2024-06-13,Occasional
1056,Urishilla Subramaniam,customer1056@example.com,Ahmedabad,Gujarat,India,2022-11-04,Regular
1057,Nirja Dhar,customer1057@example.com,Mumbai,Maharashtra,India,2022-06-14,Regular
1058,Yasti Lalla,customer1058@example.com,Kochi,Kerala,India,2025-12-16,Occasional
1059,Sudiksha Biswas,customer1059@example.com,Delhi,Delhi,India,2022-06-06,Regular
1060,Lekha Deo,customer1060@example.com,Warangal,Telangana,India,2022-12-16,Occasional
1061,Samaksh Virk,customer1061@example.com,Bengaluru,Karnataka,India,2021-12-04,Regular
1062,Mason Char,customer1062@example.com,Kolkata,West Bengal,India,2025-04-16,Regular
1063,Balvan Wali,customer1063@example.com,Pune,Maharashtra,India,2022-07-06,Regular
1064,Girik Subramaniam,customer1064@example.com,Pune,Maharashtra,India,2025-04-13,Occasional
1065,Raagini Vig,customer1065@example.com,Pune,Maharashtra,India,2022-02-09,Occasional
1066,Caleb Wagle,customer1066@example.com,Coimbatore,Tamil Nadu,India,2024-07-31,Regular
1067,Vasatika Raj,customer1067@example.com,Delhi,Delhi,India,2024-08-25,Premium
1068,Pavani Desai,customer1068@example.com,Pune,Maharashtra,India,2023-12-26,Regular
1069,Viraj Chacko,customer1069@example.com,Warangal,Telangana,India,2023-03-02,Regular
1070,Aarini Gulati,customer1070@example.com,Kolkata,West Bengal,India,2023-05-31,Premium
1071,Jacob Venkatesh,customer1071@example.com,Kolkata,West Bengal,India,2021-01-17,Regular
1072,Samesh Mutti,customer1072@example.com,Warangal,Telangana,India,2021-01-23,Premium
1073,Hredhaan Dubey,customer1073@example.com,Delhi,Delhi,India,2024-06-24,Occasional
1074,Advika Wason,customer1074@example.com,Delhi,Delhi,India,2024-08-16,Regular
1075,Anya Ranganathan,customer1075@example.com,Coimbatore,Tamil Nadu,India,2024-08-08,New
1076,Vasudha Gola,customer1076@example.com,Coimbatore,Tamil Nadu,India,2022-09-25,Regular
1077,Zehaan Mohanty,customer1077@example.com,Jaipur,Rajasthan,India,2024-02-25,Occasional
1078,Mitali Devi,customer1078@example.com,Chennai,Tamil Nadu,India,2025-11-30,Occasional
1079,Sanya Edwin,customer1079@example.com,Kolkata,West Bengal,India,2022-01-05,New
1080,Yashoda Rattan,customer1080@example.com,Kolkata,West Bengal,India,2021-11-08,Regular
1081,Naveen Ramachandran,customer1081@example.com,Mumbai,Maharashtra,India,2023-11-18,Regular
1082,Maanav Sinha,customer1082@example.com,Warangal,Telangana,India,2021-01-17,New
1083,Devansh Lall,customer1083@example.com,Ahmedabad,Gujarat,India,2024-09-14,Regular
1084,Fariq Barad,customer1084@example.com,Chennai,Tamil Nadu,India,2022-11-21,Regular
1085,Bhavini Bhandari,customer1085@example.com,Pune,Maharashtra,India,2024-04-09,Premium
1086,Reva Anne,customer1086@example.com,Mumbai,Maharashtra,India,2022-06-29,Regular
1087,Robert Bandi,customer1087@example.com,Bhopal,Madhya Pradesh,India,2022-09-19,Occasional
1088,Omkaar Banik,customer1088@example.com,Visakhapatnam,Andhra Pradesh,India,2025-05-06,Regular
1089,Aadi Dugar,customer1089@example.com,Ahmedabad,Gujarat,India,2024-01-23,Premium
1090,Mugdha Pandit,customer1090@example.com,Warangal,Telangana,India,2021-09-27,Regular
1091,Sai Vasa,customer1091@example.com,Bhopal,Madhya Pradesh,India,2024-05-12,Regular
1092,Gautam Mane,customer1092@example.com,Pune,Maharashtra,India,2021-02-17,Occasional
1093,Idika Malhotra,customer1093@example.com,Pune,Maharashtra,India,2025-10-04,Premium
1094,Suhani Raval,customer1094@example.com,Hyderabad,Telangana,India,2022-12-05,Regular
1095,Advika Gill,customer1095@example.com,Chennai,Tamil Nadu,India,2025-11-22,Regular
1096,Elijah Thakur,customer1096@example.com,Mumbai,Maharashtra,India,2024-06-18,Premium
1097,Jackson Varghese,customer1097@example.com,Ahmedabad,Gujarat,India,2023-07-04,Regular
1098,Saanvi Purohit,customer1098@example.com,Ahmedabad,Gujarat,India,2023-03-12,Regular
1099,Yagnesh Nori,customer1099@example.com,Jaipur,Rajasthan,India,2025-10-16,Occasional
1100,Ayaan Subramaniam,customer1100@example.com,Warangal,Telangana,India,2024-11-26,Premium
1101,Ekansh Raja,customer1101@example.com,Warangal,Telangana,India,2021-12-28,Regular
1102,Diya Sachar,customer1102@example.com,Kochi,Kerala,India,2022-11-16,New
1103,Adya Kothari,customer1103@example.com,Ahmedabad,Gujarat,India,2024-01-03,New
1104,Mohini Oommen,customer1104@example.com,Kochi,Kerala,India,2023-06-12,Premium
1105,Vamakshi Murthy,customer1105@example.com,Jaipur,Rajasthan,India,2021-08-25,Regular
1106,Amruta Goswami,customer1106@example.com,Ahmedabad,Gujarat,India,2024-01-04,Premium
1107,Ryan Keer,customer1107@example.com,Hyderabad,Telangana,India,2022-08-14,Premium
1108,Samuel Karnik,customer1108@example.com,Pune,Maharashtra,India,2023-01-23,Occasional
1109,Ishani Dugal,customer1109@example.com,Ahmedabad,Gujarat,India,2022-09-22,Regular
1110,Farhan Tailor,customer1110@example.com,Jaipur,Rajasthan,India,2021-11-28,Occasional
1111,Vasatika Prabhu,customer1111@example.com,Bengaluru,Karnataka,India,2021-01-21,Regular
1112,Anvi Swaminathan,customer1112@example.com,Jaipur,Rajasthan,India,2023-09-07,Regular
1113,Mitali Kapadia,customer1113@example.com,Delhi,Delhi,India,2022-07-23,New
1114,Chatura Vora,customer1114@example.com,Vijayawada,Andhra Pradesh,India,2025-11-27,Occasional
1115,Bachittar Thakkar,customer1115@example.com,Jaipur,Rajasthan,India,2024-08-07,Regular
1116,Owen Shankar,customer1116@example.com,Coimbatore,Tamil Nadu,India,2023-12-15,Regular
1117,Diya Anand,customer1117@example.com,Kolkata,West Bengal,India,2022-01-09,Occasional
1118,Ladli Chaudhuri,customer1118@example.com,Mumbai,Maharashtra,India,2021-02-06,Regular
1119,Aashi Grover,customer1119@example.com,Hyderabad,Telangana,India,2023-10-09,Regular
1120,Warjas Luthra,customer1120@example.com,Visakhapatnam,Andhra Pradesh,India,2025-09-01,Premium
1121,Jasmit Gour,customer1121@example.com,Delhi,Delhi,India,2025-01-04,Regular
1122,Shivansh Saini,customer1122@example.com,Kochi,Kerala,India,2025-03-30,Occasional
1123,Nandini Mammen,customer1123@example.com,Coimbatore,Tamil Nadu,India,2024-03-02,Occasional
1124,Karan Karnik,customer1124@example.com,Hyderabad,Telangana,India,2024-11-01,Regular
1125,Warinder Sankaran,customer1125@example.com,Mumbai,Maharashtra,India,2021-11-07,New
1126,Madhav Doctor,customer1126@example.com,Kochi,Kerala,India,2024-03-29,New
1127,Patrick Sama,customer1127@example.com,Jaipur,Rajasthan,India,2025-01-09,Regular
1128,Zansi Walla,customer1128@example.com,Vijayawada,Andhra Pradesh,India,2025-04-02,Premium
1129,Charita Krishna,customer1129@example.com,Kolkata,West Bengal,India,2023-09-08,Regular
1130,Mitali Chaudhary,customer1130@example.com,Visakhapatnam,Andhra Pradesh,India,2025-10-13,Occasional
1131,Tanveer Kumar,customer1131@example.com,Kochi,Kerala,India,2022-05-23,Occasional
1132,Shivani Natt,customer1132@example.com,Bengaluru,Karnataka,India,2025-01-20,Occasional
1133,Jagvi Kurian,customer1133@example.com,Chennai,Tamil Nadu,India,2023-03-19,Premium
1134,Nisha Dara,customer1134@example.com,Vijayawada,Andhra Pradesh,India,2023-12-06,Premium
1135,Owen Mane,customer1135@example.com,Hyderabad,Telangana,India,2023-12-27,Regular
1136,Yashvi Sura,customer1136@example.com,Delhi,Delhi,India,2024-01-09,Regular
1137,Lakshmi Mangat,customer1137@example.com,Vijayawada,Andhra Pradesh,India,2024-10-20,Regular
1138,Oliver Nazareth,customer1138@example.com,Ahmedabad,Gujarat,India,2024-12-11,Occasional
1139,Ekbal Buch,customer1139@example.com,Bhopal,Madhya Pradesh,India,2024-08-03,Regular
1140,Vedant Murthy,customer1140@example.com,Coimbatore,Tamil Nadu,India,2022-05-19,Occasional
1141,Amara Rana,customer1141@example.com,Hyderabad,Telangana,India,2023-09-12,Occasional
1142,Janani Verma,customer1142@example.com,Ahmedabad,Gujarat,India,2023-04-23,Regular
1143,Oliver Gour,customer1143@example.com,Pune,Maharashtra,India,2024-10-30,New
1144,Wahab Krishnamurthy,customer1144@example.com,Kolkata,West Bengal,India,2021-03-13,Regular
1145,Ojas Ranganathan,customer1145@example.com,Pune,Maharashtra,India,2021-09-06,New
1146,Devansh Solanki,customer1146@example.com,Kolkata,West Bengal,India,2021-11-17,New
1147,Atharv Ranganathan,customer1147@example.com,Pune,Maharashtra,India,2025-08-31,Regular
1148,Hemang Lala,customer1148@example.com,Visakhapatnam,Andhra Pradesh,India,2025-06-16,Occasional
1149,Madhavi More,customer1149@example.com,Vijayawada,Andhra Pradesh,India,2022-04-28,Occasional
1150,Bhanumati Savant,customer1150@example.com,Kochi,Kerala,India,2022-12-14,Occasional
1151,Onkar Balakrishnan,customer1151@example.com,Jaipur,Rajasthan,India,2022-01-28,Regular
1152,Eshana Soni,customer1152@example.com,Chennai,Tamil Nadu,India,2021-04-20,Regular
1153,Sai Deshmukh,customer1153@example.com,Mumbai,Maharashtra,India,2024-12-22,Regular
1154,Tanmayi Saran,customer1154@example.com,Mumbai,Maharashtra,India,2025-08-03,Occasional
1155,Idika Subramaniam,customer1155@example.com,Vijayawada,Andhra Pradesh,India,2025-06-15,Regular
1156,Gaurav Sathe,customer1156@example.com,Vijayawada,Andhra Pradesh,India,2025-08-04,Regular
1157,Nitara Lad,customer1157@example.com,Kolkata,West Bengal,India,2023-08-15,Regular
1158,Advaith Acharya,customer1158@example.com,Bhopal,Madhya Pradesh,India,2022-04-29,New
1159,Hemangini Mangat,customer1159@example.com,Vijayawada,Andhra Pradesh,India,2025-06-14,Regular
1160,Vyanjana Sood,customer1160@example.com,Warangal,Telangana,India,2024-12-28,Regular
1161,Qushi Master,customer1161@example.com,Ahmedabad,Gujarat,India,2023-07-20,Regular
1162,Kashvi Gulati,customer1162@example.com,Delhi,Delhi,India,2022-12-20,Occasional
1163,Megha Krish,customer1163@example.com,Kochi,Kerala,India,2024-07-03,Occasional
1164,Kritika Kannan,customer1164@example.com,Mumbai,Maharashtra,India,2022-05-23,Premium
1165,Pahal Khatri,customer1165@example.com,Vijayawada,Andhra Pradesh,India,2023-03-29,Premium
1166,Bhavani Wali,customer1166@example.com,Bhopal,Madhya Pradesh,India,2025-05-25,Regular
1167,Raghav Biswas,customer1167@example.com,Mumbai,Maharashtra,India,2023-04-16,Occasional
1168,Bimala Choudhry,customer1168@example.com,Chennai,Tamil Nadu,India,2022-07-21,Regular
1169,Anita Swamy,customer1169@example.com,Ahmedabad,Gujarat,India,2024-11-15,Regular
1170,Anirudh Doshi,customer1170@example.com,Ahmedabad,Gujarat,India,2022-08-07,Occasional
1171,Quincy Chaudry,customer1171@example.com,Bengaluru,Karnataka,India,2021-06-04,Premium
1172,Jeremiah Sarma,customer1172@example.com,Vijayawada,Andhra Pradesh,India,2023-05-27,Regular
1173,Gautam Dora,customer1173@example.com,Chennai,Tamil Nadu,India,2021-01-26,Premium
1174,Teerth Oommen,customer1174@example.com,Bhopal,Madhya Pradesh,India,2021-02-15,Regular
1175,Wishi Prabhu,customer1175@example.com,Visakhapatnam,Andhra Pradesh,India,2024-07-29,Regular
1176,Ganga Buch,customer1176@example.com,Warangal,Telangana,India,2024-12-11,Regular
1177,Amaira Ramanathan,customer1177@example.com,Vijayawada,Andhra Pradesh,India,2022-03-30,Regular
1178,Pratyush Handa,customer1178@example.com,Visakhapatnam,Andhra Pradesh,India,2021-08-10,Occasional
1179,Advik Dara,customer1179@example.com,Hyderabad,Telangana,India,2023-02-16,New
1180,Saanvi Kota,customer1180@example.com,Bhopal,Madhya Pradesh,India,2023-02-13,Regular
1181,Triveni Chandra,customer1181@example.com,Visakhapatnam,Andhra Pradesh,India,2021-04-15,New
1182,Urvashi Ramachandran,customer1182@example.com,Bhopal,Madhya Pradesh,India,2025-06-08,Regular
1183,Nathan Basak,customer1183@example.com,Visakhapatnam,Andhra Pradesh,India,2023-08-28,Regular
1184,Zehaan Srivastava,customer1184@example.com,Mumbai,Maharashtra,India,2025-09-04,Regular
1185,Jalsa Ben,customer1185@example.com,Visakhapatnam,Andhra Pradesh,India,2023-07-18,Premium
1186,Warinder Saraf,customer1186@example.com,Kochi,Kerala,India,2022-11-08,Premium
1187,Oliver Majumdar,customer1187@example.com,Jaipur,Rajasthan,India,2023-10-06,Regular
1188,Meghana Kibe,customer1188@example.com,Vijayawada,Andhra Pradesh,India,2025-12-22,Occasional
1189,Vaishnavi Dubey,customer1189@example.com,Bhopal,Madhya Pradesh,India,2021-01-28,Premium
1190,Yuvraj Dugar,customer1190@example.com,Bhopal,Madhya Pradesh,India,2024-02-28,Regular
1191,Hamsini Bhasin,customer1191@example.com,Bhopal,Madhya Pradesh,India,2025-04-03,Occasional
1192,Mitesh Yadav,customer1192@example.com,Bhopal,Madhya Pradesh,India,2021-07-05,New
1193,Vinaya Kaul,customer1193@example.com,Coimbatore,Tamil Nadu,India,2021-11-30,Regular
1194,Reva Hans,customer1194@example.com,Kolkata,West Bengal,India,2023-09-12,Regular
1195,Ishita Desai,customer1195@example.com,Vijayawada,Andhra Pradesh,India,2021-03-08,New
1196,Vedhika Sarma,customer1196@example.com,Bhopal,Madhya Pradesh,India,2023-02-18,Regular
1197,Vrishti Gupta,customer1197@example.com,Hyderabad,Telangana,India,2025-10-03,Premium
1198,Ijaya Naik,customer1198@example.com,Jaipur,Rajasthan,India,2025-10-27,Regular
1199,Naveen Biswas,customer1199@example.com,Bhopal,Madhya Pradesh,India,2024-12-26,New
1200,Shivani Merchant,customer1200@example.com,Mumbai,Maharashtra,India,2025-07-09,Regular
1201,Sudiksha Acharya,customer1201@example.com,Visakhapatnam,Andhra Pradesh,India,2023-03-30,Regular
1202,Qasim Bahl,customer1202@example.com,Kolkata,West Bengal,India,2025-04-21,Occasional
1203,Ekani Bhatnagar,customer1203@example.com,Bengaluru,Karnataka,India,2024-02-06,Occasional
1204,Ranveer Viswanathan,customer1204@example.com,Kolkata,West Bengal,India,2025-08-02,Regular
1205,Barkha Naidu,customer1205@example.com,Kochi,Kerala,India,2025-03-26,Premium
1206,Indrajit Char,customer1206@example.com,Bengaluru,Karnataka,India,2024-06-27,Occasional
1207,Caleb Dayal,customer1207@example.com,Visakhapatnam,Andhra Pradesh,India,2025-06-14,Regular
1208,Saksham Chhabra,customer1208@example.com,Bengaluru,Karnataka,India,2022-07-10,Premium
1209,Hardik Balay,customer1209@example.com,Pune,Maharashtra,India,2025-02-16,Occasional
1210,Vrishti Vora,customer1210@example.com,Jaipur,Rajasthan,India,2025-11-10,Occasional
1211,Jeevika Kant,customer1211@example.com,Chennai,Tamil Nadu,India,2023-03-07,Regular
1212,Sathvik Swamy,customer1212@example.com,Coimbatore,Tamil Nadu,India,2021-08-09,Regular
1213,Darsh Patel,customer1213@example.com,Delhi,Delhi,India,2021-09-06,Occasional
1214,Jyoti Bhardwaj,customer1214@example.com,Ahmedabad,Gujarat,India,2025-09-30,Regular
1215,Ekavir Modi,customer1215@example.com,Delhi,Delhi,India,2023-04-06,Occasional
1216,Zilmil Chatterjee,customer1216@example.com,Bengaluru,Karnataka,India,2021-08-31,New
1217,Lekha Gupta,customer1217@example.com,Kolkata,West Bengal,India,2021-11-11,Regular
1218,Praneel Sagar,customer1218@example.com,Chennai,Tamil Nadu,India,2022-08-24,Premium
1219,Tara Sane,customer1219@example.com,Delhi,Delhi,India,2021-11-24,Regular
1220,Pranit Ratti,customer1220@example.com,Kochi,Kerala,India,2021-11-20,Regular
1221,Nakul Walla,customer1221@example.com,Pune,Maharashtra,India,2025-04-18,Regular
1222,Divya Nair,customer1222@example.com,Vijayawada,Andhra Pradesh,India,2024-10-08,Regular
1223,Qushi Naik,customer1223@example.com,Mumbai,Maharashtra,India,2024-02-29,Occasional
1224,Keya Kumar,customer1224@example.com,Vijayawada,Andhra Pradesh,India,2023-01-18,Regular
1225,Sara Ranganathan,customer1225@example.com,Visakhapatnam,Andhra Pradesh,India,2024-01-24,Premium
1226,Bhavani Babu,customer1226@example.com,Mumbai,Maharashtra,India,2021-01-01,Regular
1227,Chasmum Ahuja,customer1227@example.com,Visakhapatnam,Andhra Pradesh,India,2025-05-28,Regular
1228,Tanish Murty,customer1228@example.com,Bhopal,Madhya Pradesh,India,2023-07-23,Occasional
1229,Yasti Dubey,customer1229@example.com,Kochi,Kerala,India,2021-03-09,Regular
1230,Triveni Parekh,customer1230@example.com,Warangal,Telangana,India,2021-10-20,Regular
1231,Alka Peri,customer1231@example.com,Mumbai,Maharashtra,India,2022-05-01,Regular
1232,Viraj Kunda,customer1232@example.com,Chennai,Tamil Nadu,India,2025-12-14,Regular
1233,Mugdha Kalla,customer1233@example.com,Bengaluru,Karnataka,India,2023-07-23,Regular
1234,Vasudha Ghose,customer1234@example.com,Kolkata,West Bengal,India,2021-08-28,Occasional
1235,Charita Barad,customer1235@example.com,Jaipur,Rajasthan,India,2025-02-26,Regular
1236,Farhan Bhalla,customer1236@example.com,Vijayawada,Andhra Pradesh,India,2025-11-26,Regular
1237,Radha Saha,customer1237@example.com,Kolkata,West Bengal,India,2023-11-05,Occasional
1238,Advay Raja,customer1238@example.com,Kochi,Kerala,India,2022-01-10,Occasional
1239,Benjamin Nagar,customer1239@example.com,Chennai,Tamil Nadu,India,2021-06-18,Occasional
1240,Eta Thakkar,customer1240@example.com,Visakhapatnam,Andhra Pradesh,India,2025-08-05,Occasional
1241,Chandresh Ramaswamy,customer1241@example.com,Coimbatore,Tamil Nadu,India,2022-11-17,Occasional
1242,Tristan Sankaran,customer1242@example.com,Ahmedabad,Gujarat,India,2024-10-16,Regular
1243,Manbir Deo,customer1243@example.com,Vijayawada,Andhra Pradesh,India,2023-06-20,Regular
1244,Vamakshi Bawa,customer1244@example.com,Bhopal,Madhya Pradesh,India,2023-11-11,Regular
1245,Adweta Chada,customer1245@example.com,Hyderabad,Telangana,India,2025-08-31,Occasional
1246,Kalpit Deshmukh,customer1246@example.com,Bhopal,Madhya Pradesh,India,2024-05-23,Regular
1247,Vinaya Rana,customer1247@example.com,Jaipur,Rajasthan,India,2025-02-03,Regular
1248,Yatin Kibe,customer1248@example.com,Bengaluru,Karnataka,India,2025-11-11,Regular
1249,Qushi Naik,customer1249@example.com,Ahmedabad,Gujarat,India,2021-08-11,Regular
1250,Isaiah Sachdev,customer1250@example.com,Visakhapatnam,Andhra Pradesh,India,2025-11-25,Regular
1251,Ijaya Halder,customer1251@example.com,Jaipur,Rajasthan,India,2024-08-08,Regular
1252,Arjun Mody,customer1252@example.com,Bhopal,Madhya Pradesh,India,2023-09-24,Regular
1253,Riya Dhingra,customer1253@example.com,Kochi,Kerala,India,2022-06-10,Premium
1254,Vivaan Iyengar,customer1254@example.com,Bengaluru,Karnataka,India,2024-09-30,Regular
1255,Frederick Chowdhury,customer1255@example.com,Kolkata,West Bengal,India,2024-03-07,Regular
1256,Manbir Mani,customer1256@example.com,Ahmedabad,Gujarat,India,2021-06-19,Regular
1257,Indrajit Mody,customer1257@example.com,Kochi,Kerala,India,2021-02-12,Regular
1258,Arin Narula,customer1258@example.com,Hyderabad,Telangana,India,2024-10-30,Regular
1259,Samar Virk,customer1259@example.com,Coimbatore,Tamil Nadu,India,2022-10-12,Premium
1260,Lohit Badami,customer1260@example.com,Chennai,Tamil Nadu,India,2023-03-15,Regular
1261,Aadhya Garde,customer1261@example.com,Hyderabad,Telangana,India,2024-03-16,Regular
1262,Sai Madan,customer1262@example.com,Vijayawada,Andhra Pradesh,India,2021-07-06,Premium
1263,Abhiram Bhavsar,customer1263@example.com,Hyderabad,Telangana,India,2021-06-14,New
1264,Jagvi Chokshi,customer1264@example.com,Warangal,Telangana,India,2024-04-22,New
1265,Libni Kashyap,customer1265@example.com,Kolkata,West Bengal,India,2021-03-01,Premium
1266,Diya Sundaram,customer1266@example.com,Delhi,Delhi,India,2024-03-28,Regular
1267,Quincy Issac,customer1267@example.com,Bengaluru,Karnataka,India,2025-07-10,Occasional
1268,Anthony Baral,customer1268@example.com,Vijayawada,Andhra Pradesh,India,2025-04-05,Regular
1269,Gauri Suri,customer1269@example.com,Delhi,Delhi,India,2023-02-08,Regular
1270,Andrew Palan,customer1270@example.com,Bhopal,Madhya Pradesh,India,2024-05-07,Regular
1271,Chasmum Keer,customer1271@example.com,Coimbatore,Tamil Nadu,India,2023-12-30,New
1272,David Kurian,customer1272@example.com,Delhi,Delhi,India,2025-04-07,Regular
1273,Ati Kar,customer1273@example.com,Visakhapatnam,Andhra Pradesh,India,2024-04-17,New
1274,Maya Devan,customer1274@example.com,Coimbatore,Tamil Nadu,India,2022-04-17,Regular
1275,Utkarsh Sahni,customer1275@example.com,Visakhapatnam,Andhra Pradesh,India,2021-09-30,Occasional
1276,Pooja Muni,customer1276@example.com,Warangal,Telangana,India,2023-01-17,Regular
1277,Karan Jhaveri,customer1277@example.com,Ahmedabad,Gujarat,India,2023-10-21,Regular
1278,Lakshit More,customer1278@example.com,Bengaluru,Karnataka,India,2022-03-07,Occasional
1279,Qushi Dhillon,customer1279@example.com,Chennai,Tamil Nadu,India,2025-06-16,Occasional
1280,Eesha Bir,customer1280@example.com,Kochi,Kerala,India,2025-10-21,Premium
1281,Qarin Nadkarni,customer1281@example.com,Mumbai,Maharashtra,India,2025-09-28,Regular
1282,Eiravati Sachdev,customer1282@example.com,Vijayawada,Andhra Pradesh,India,2022-03-29,Regular
1283,Saanvi Mahal,customer1283@example.com,Ahmedabad,Gujarat,India,2024-07-01,Regular
1284,Hredhaan Deep,customer1284@example.com,Chennai,Tamil Nadu,India,2022-04-18,Regular
1285,Amara Kashyap,customer1285@example.com,Pune,Maharashtra,India,2022-07-28,Regular
1286,Atharv Parmer,customer1286@example.com,Chennai,Tamil Nadu,India,2022-12-23,New
1287,Krish Thakkar,customer1287@example.com,Vijayawada,Andhra Pradesh,India,2021-09-04,Occasional
1288,Qarin Ram,customer1288@example.com,Hyderabad,Telangana,India,2024-12-27,Occasional
1289,Laksh Gade,customer1289@example.com,Delhi,Delhi,India,2025-03-07,Regular
1290,Bachittar Rege,customer1290@example.com,Bhopal,Madhya Pradesh,India,2022-08-24,Occasional
1291,Nitara Kapadia,customer1291@example.com,Hyderabad,Telangana,India,2021-02-16,Regular
1292,Dominic Goel,customer1292@example.com,Warangal,Telangana,India,2022-09-23,Premium
1293,Ekta Shankar,customer1293@example.com,Hyderabad,Telangana,India,2024-09-26,Regular
1294,Nidhi Barman,customer1294@example.com,Visakhapatnam,Andhra Pradesh,India,2023-02-06,Occasional
1295,Meera Yadav,customer1295@example.com,Hyderabad,Telangana,India,2024-03-27,Regular
1296,Ikbal Seth,customer1296@example.com,Hyderabad,Telangana,India,2025-06-20,Regular
1297,Yatan Venkataraman,customer1297@example.com,Chennai,Tamil Nadu,India,2024-11-20,Regular
1298,Balveer Ram,customer1298@example.com,Kochi,Kerala,India,2025-07-30,Occasional
1299,Ranveer Manne,customer1299@example.com,Hyderabad,Telangana,India,2025-05-23,Premium
1300,Daksha Mangal,customer1300@example.com,Mumbai,Maharashtra,India,2024-09-27,Regular
1301,Pahal Menon,customer1301@example.com,Bhopal,Madhya Pradesh,India,2024-12-04,Occasional
1302,Ubika Seth,customer1302@example.com,Pune,Maharashtra,India,2021-06-19,Regular
1303,Pranit Deshmukh,customer1303@example.com,Kochi,Kerala,India,2021-10-08,Occasional
1304,Ekiya Seshadri,customer1304@example.com,Pune,Maharashtra,India,2024-05-06,Regular
1305,Sudiksha Jaggi,customer1305@example.com,Bhopal,Madhya Pradesh,India,2021-03-19,Premium
1306,Zashil Naik,customer1306@example.com,Visakhapatnam,Andhra Pradesh,India,2024-11-13,Regular
1307,Gavin Comar,customer1307@example.com,Delhi,Delhi,India,2022-05-25,Regular
1308,Frederick Viswanathan,customer1308@example.com,Hyderabad,Telangana,India,2024-10-28,Regular
1309,Kritika Rai,customer1309@example.com,Jaipur,Rajasthan,India,2024-04-08,Occasional
1310,Gautami Doctor,customer1310@example.com,Bhopal,Madhya Pradesh,India,2021-05-17,Regular
1311,Praneel Behl,customer1311@example.com,Visakhapatnam,Andhra Pradesh,India,2022-05-19,Regular
1312,Dayamai Sehgal,customer1312@example.com,Kolkata,West Bengal,India,2024-07-27,Premium
1313,Jacob Deep,customer1313@example.com,Pune,Maharashtra,India,2023-06-17,New
1314,Zehaan Arora,customer1314@example.com,Visakhapatnam,Andhra Pradesh,India,2022-09-23,Regular
1315,Wishi Ahluwalia,customer1315@example.com,Ahmedabad,Gujarat,India,2024-11-25,Regular
1316,Teerth Soni,customer1316@example.com,Delhi,Delhi,India,2025-03-14,Regular
1317,Riya Buch,customer1317@example.com,Mumbai,Maharashtra,India,2024-11-10,Regular
1318,Arunima Johal,customer1318@example.com,Kochi,Kerala,India,2021-01-21,Regular
1319,Manbir Bhakta,customer1319@example.com,Chennai,Tamil Nadu,India,2021-06-01,Occasional
1320,Maanav Bali,customer1320@example.com,Mumbai,Maharashtra,India,2023-12-21,Occasional
1321,Garima Chahal,customer1321@example.com,Bengaluru,Karnataka,India,2025-12-02,Occasional
1322,Omaja Gokhale,customer1322@example.com,Bhopal,Madhya Pradesh,India,2021-06-02,Premium
1323,Peter Shah,customer1323@example.com,Delhi,Delhi,India,2022-05-17,New
1324,Balendra Chander,customer1324@example.com,Ahmedabad,Gujarat,India,2025-12-04,Regular
1325,Jyoti Raghavan,customer1325@example.com,Delhi,Delhi,India,2023-07-19,Regular
1326,Dhruv Master,customer1326@example.com,Chennai,Tamil Nadu,India,2021-07-30,Regular
1327,Jairaj Maharaj,customer1327@example.com,Warangal,Telangana,India,2025-01-02,New
1328,Shaurya Kadakia,customer1328@example.com,Coimbatore,Tamil Nadu,India,2023-10-20,Regular
1329,Gagan Sule,customer1329@example.com,Ahmedabad,Gujarat,India,2021-06-30,Occasional
1330,Edhitha Lad,customer1330@example.com,Chennai,Tamil Nadu,India,2023-06-12,Premium
1331,Kai Taneja,customer1331@example.com,Delhi,Delhi,India,2025-06-21,Occasional
1332,Waida Gole,customer1332@example.com,Jaipur,Rajasthan,India,2025-06-03,Premium
1333,Rishi Agarwal,customer1333@example.com,Warangal,Telangana,India,2022-12-25,Regular
1334,Udyati Dalal,customer1334@example.com,Kochi,Kerala,India,2022-01-03,Regular
1335,Odika Bath,customer1335@example.com,Visakhapatnam,Andhra Pradesh,India,2022-10-07,Regular
1336,Simon Apte,customer1336@example.com,Kolkata,West Bengal,India,2023-11-04,Regular
1337,Aachal Bir,customer1337@example.com,Bhopal,Madhya Pradesh,India,2022-09-18,Regular
1338,Yashawini Naik,customer1338@example.com,Bhopal,Madhya Pradesh,India,2023-08-15,Premium
1339,Gauri Om,customer1339@example.com,Bhopal,Madhya Pradesh,India,2021-01-20,Regular
1340,Parth Hari,customer1340@example.com,Vijayawada,Andhra Pradesh,India,2024-05-15,Premium
1341,Varenya Som,customer1341@example.com,Kochi,Kerala,India,2023-10-24,Regular
1342,Vasatika Dugal,customer1342@example.com,Chennai,Tamil Nadu,India,2021-04-21,Occasional
1343,Turvi Sachdev,customer1343@example.com,Vijayawada,Andhra Pradesh,India,2024-12-02,Regular
1344,Diya Wason,customer1344@example.com,Bhopal,Madhya Pradesh,India,2021-06-24,Regular
1345,Garima Pandya,customer1345@example.com,Pune,Maharashtra,India,2021-02-28,Occasional
1346,Avni Balasubramanian,customer1346@example.com,Delhi,Delhi,India,2021-07-25,Regular
1347,Noah Ramachandran,customer1347@example.com,Visakhapatnam,Andhra Pradesh,India,2023-11-20,Regular
1348,Darika Murty,customer1348@example.com,Mumbai,Maharashtra,India,2022-08-06,Regular
1349,Odika Chadha,customer1349@example.com,Bhopal,Madhya Pradesh,India,2021-04-09,Regular
1350,Kamya Seth,customer1350@example.com,Warangal,Telangana,India,2025-03-25,Occasional
1351,Chasmum Gill,customer1351@example.com,Vijayawada,Andhra Pradesh,India,2023-07-30,Regular
1352,Baljiwan Jaggi,customer1352@example.com,Coimbatore,Tamil Nadu,India,2021-12-15,Regular
1353,Yashawini Bakshi,customer1353@example.com,Chennai,Tamil Nadu,India,2021-10-15,Regular
1354,Ranveer Oak,customer1354@example.com,Delhi,Delhi,India,2025-02-08,Premium
1355,Falak Dhar,customer1355@example.com,Coimbatore,Tamil Nadu,India,2025-02-11,Regular
1356,Samesh Bansal,customer1356@example.com,Bengaluru,Karnataka,India,2021-11-02,Premium
1357,Jack Agrawal,customer1357@example.com,Ahmedabad,Gujarat,India,2024-11-28,New
1358,Gagan Nath,customer1358@example.com,Jaipur,Rajasthan,India,2023-08-25,Occasional
1359,Harshil Verma,customer1359@example.com,Mumbai,Maharashtra,India,2024-12-21,Regular
1360,Devika Kadakia,customer1360@example.com,Pune,Maharashtra,India,2023-08-29,Regular
1361,Reyansh Mangat,customer1361@example.com,Jaipur,Rajasthan,India,2023-09-24,Occasional
1362,Ridhi Dalal,customer1362@example.com,Kolkata,West Bengal,India,2023-05-10,Regular
1363,Nakul Mahal,customer1363@example.com,Visakhapatnam,Andhra Pradesh,India,2023-04-28,Regular
1364,Yoshita Chaudry,customer1364@example.com,Kochi,Kerala,India,2021-12-22,Occasional
1365,Eiravati Madan,customer1365@example.com,Vijayawada,Andhra Pradesh,India,2022-10-04,Regular
1366,Yash Garg,customer1366@example.com,Kolkata,West Bengal,India,2022-03-16,Regular
1367,Hamsini Zachariah,customer1367@example.com,Vijayawada,Andhra Pradesh,India,2021-08-10,Occasional
1368,Kalpit Balakrishnan,customer1368@example.com,Bengaluru,Karnataka,India,2024-10-10,Premium
1369,Hitesh Rajagopal,customer1369@example.com,Ahmedabad,Gujarat,India,2025-01-02,Regular
1370,Pooja Ramanathan,customer1370@example.com,Bhopal,Madhya Pradesh,India,2021-06-17,Occasional
1371,Ishani Muni,customer1371@example.com,Visakhapatnam,Andhra Pradesh,India,2022-07-11,New
1372,Farhan Shroff,customer1372@example.com,Ahmedabad,Gujarat,India,2023-10-30,Premium
1373,Girik Sidhu,customer1373@example.com,Coimbatore,Tamil Nadu,India,2025-10-31,Premium
1374,Dayita Shroff,customer1374@example.com,Coimbatore,Tamil Nadu,India,2021-10-30,Occasional
1375,Udarsh Dhawan,customer1375@example.com,Kochi,Kerala,India,2025-01-01,Premium
1376,Manya Goswami,customer1376@example.com,Bengaluru,Karnataka,India,2023-03-13,Occasional
1377,Sudiksha Sura,customer1377@example.com,Chennai,Tamil Nadu,India,2023-10-24,Premium
1378,Vaishnavi Chowdhury,customer1378@example.com,Bengaluru,Karnataka,India,2021-04-05,Premium
1379,Triya Garde,customer1379@example.com,Ahmedabad,Gujarat,India,2023-12-28,Regular
1380,Joshua Trivedi,customer1380@example.com,Hyderabad,Telangana,India,2023-05-27,Regular
1381,Hredhaan Nanda,customer1381@example.com,Visakhapatnam,Andhra Pradesh,India,2021-11-16,New
1382,Chasmum Walia,customer1382@example.com,Bhopal,Madhya Pradesh,India,2025-09-24,Regular
1383,Odika Khare,customer1383@example.com,Kolkata,West Bengal,India,2024-12-03,Premium
1384,Vasatika Rajagopalan,customer1384@example.com,Ahmedabad,Gujarat,India,2023-01-28,Regular
1385,Sathvik Sankar,customer1385@example.com,Hyderabad,Telangana,India,2021-07-25,Premium
1386,Warinder Ghose,customer1386@example.com,Vijayawada,Andhra Pradesh,India,2024-09-14,Regular
1387,Ishwar Sheth,customer1387@example.com,Mumbai,Maharashtra,India,2021-08-31,Premium
1388,Sai Goda,customer1388@example.com,Coimbatore,Tamil Nadu,India,2023-10-08,Occasional
1389,Ekaraj Chopra,customer1389@example.com,Delhi,Delhi,India,2023-08-16,Occasional
1390,Warda Bhat,customer1390@example.com,Bhopal,Madhya Pradesh,India,2024-03-23,Regular
1391,Liam Acharya,customer1391@example.com,Bhopal,Madhya Pradesh,India,2021-10-09,Premium
1392,Sneha Wali,customer1392@example.com,Bengaluru,Karnataka,India,2022-04-01,Regular
1393,Sanya Hayre,customer1393@example.com,Jaipur,Rajasthan,India,2023-06-25,Regular
1394,Chandani Modi,customer1394@example.com,Coimbatore,Tamil Nadu,India,2022-10-01,Regular
1395,Gaurav Anand,customer1395@example.com,Kochi,Kerala,India,2024-09-12,Regular
1396,Joshua Menon,customer1396@example.com,Pune,Maharashtra,India,2025-05-05,New
1397,Chatresh Acharya,customer1397@example.com,Kolkata,West Bengal,India,2021-07-13,Regular
1398,Imaran Manda,customer1398@example.com,Vijayawada,Andhra Pradesh,India,2025-10-06,Regular
1399,Rachana Ramesh,customer1399@example.com,Visakhapatnam,Andhra Pradesh,India,2021-04-07,Occasional
1400,Nidra Raj,customer1400@example.com,Warangal,Telangana,India,2023-09-16,Occasional
1401,Oscar Soman,customer1401@example.com,Coimbatore,Tamil Nadu,India,2024-09-14,Regular
1402,Leena Parsa,customer1402@example.com,Hyderabad,Telangana,India,2022-03-09,Premium
1403,Bhavya Dass,customer1403@example.com,Delhi,Delhi,India,2024-07-20,Regular
1404,Ekbal Babu,customer1404@example.com,Kolkata,West Bengal,India,2022-02-22,Premium
1405,Rajeshri Deshpande,customer1405@example.com,Hyderabad,Telangana,India,2022-03-24,Occasional
1406,Ojasvi Shah,customer1406@example.com,Warangal,Telangana,India,2021-09-21,Regular
1407,Suhani Upadhyay,customer1407@example.com,Delhi,Delhi,India,2024-08-15,Regular
1408,Leena Pant,customer1408@example.com,Pune,Maharashtra,India,2024-08-10,Regular
1409,Panini Amble,customer1409@example.com,Coimbatore,Tamil Nadu,India,2022-12-03,New
1410,Warjas Thaker,customer1410@example.com,Bhopal,Madhya Pradesh,India,2025-12-01,Regular
1411,Jeevika Bandi,customer1411@example.com,Hyderabad,Telangana,India,2023-04-17,Regular
1412,Jyoti Chowdhury,customer1412@example.com,Bhopal,Madhya Pradesh,India,2021-04-28,Occasional
1413,Fariq Dhar,customer1413@example.com,Bhopal,Madhya Pradesh,India,2025-12-08,Regular
1414,Udyati Varughese,customer1414@example.com,Mumbai,Maharashtra,India,2025-06-24,Premium
1415,Yatan Sodhi,customer1415@example.com,Warangal,Telangana,India,2021-09-01,Occasional
1416,Chatresh Oza,customer1416@example.com,Mumbai,Maharashtra,India,2021-08-31,Occasional
1417,Upasna Setty,customer1417@example.com,Jaipur,Rajasthan,India,2025-07-21,Occasional
1418,Garima Sama,customer1418@example.com,Bengaluru,Karnataka,India,2025-05-12,New
1419,Bimala Ganesh,customer1419@example.com,Pune,Maharashtra,India,2024-01-02,Premium
1420,Abha Bhat,customer1420@example.com,Chennai,Tamil Nadu,India,2021-04-20,Regular
1421,Charan Manne,customer1421@example.com,Kochi,Kerala,India,2025-01-10,Occasional
1422,Vedhika Butala,customer1422@example.com,Coimbatore,Tamil Nadu,India,2021-03-26,Regular
1423,Arunima Krishnan,customer1423@example.com,Warangal,Telangana,India,2022-01-30,Regular
1424,Anvi Kurian,customer1424@example.com,Jaipur,Rajasthan,India,2022-02-16,Regular
1425,Owen Dora,customer1425@example.com,Coimbatore,Tamil Nadu,India,2021-02-14,Occasional
1426,Parth Lal,customer1426@example.com,Visakhapatnam,Andhra Pradesh,India,2024-10-19,Occasional
1427,Pratyush Wable,customer1427@example.com,Pune,Maharashtra,India,2023-01-04,Regular
1428,Frado Dhillon,customer1428@example.com,Vijayawada,Andhra Pradesh,India,2021-04-13,Premium
1429,Nitara Rajagopal,customer1429@example.com,Vijayawada,Andhra Pradesh,India,2022-04-24,Occasional
1430,Oliver Kade,customer1430@example.com,Ahmedabad,Gujarat,India,2023-01-10,Occasional
1431,Chatura Lalla,customer1431@example.com,Pune,Maharashtra,India,2025-12-01,Premium
1432,Oliver Shetty,customer1432@example.com,Delhi,Delhi,India,2021-12-27,Regular
1433,Charvi Soni,customer1433@example.com,Warangal,Telangana,India,2024-05-23,Regular
1434,Ladli Ramakrishnan,customer1434@example.com,Kochi,Kerala,India,2025-07-13,Regular
1435,Maanav Wali,customer1435@example.com,Jaipur,Rajasthan,India,2025-01-14,Regular
1436,Bhavya Sen,customer1436@example.com,Kochi,Kerala,India,2024-09-12,Regular
1437,Benjamin Chatterjee,customer1437@example.com,Visakhapatnam,Andhra Pradesh,India,2024-04-01,Regular
1438,Rachana Mahajan,customer1438@example.com,Kolkata,West Bengal,India,2025-07-09,Regular
1439,Amara Chaudhari,customer1439@example.com,Pune,Maharashtra,India,2023-11-07,Regular
1440,Triya Khurana,customer1440@example.com,Delhi,Delhi,India,2023-03-05,Regular
1441,Pranit Munshi,customer1441@example.com,Visakhapatnam,Andhra Pradesh,India,2022-08-29,Regular
1442,Abhiram Bir,customer1442@example.com,Delhi,Delhi,India,2025-08-29,Premium
1443,Guneet Vohra,customer1443@example.com,Jaipur,Rajasthan,India,2021-02-07,Regular
1444,Indali Kanda,customer1444@example.com,Chennai,Tamil Nadu,India,2021-11-19,Occasional
1445,Reyansh Bandi,customer1445@example.com,Warangal,Telangana,India,2023-05-31,Regular
1446,Dakshesh Kalla,customer1446@example.com,Delhi,Delhi,India,2021-03-15,Occasional
1447,Gabriel De,customer1447@example.com,Visakhapatnam,Andhra Pradesh,India,2022-01-14,Regular
1448,Indrajit Gour,customer1448@example.com,Delhi,Delhi,India,2024-03-14,Regular
1449,Unni Borra,customer1449@example.com,Warangal,Telangana,India,2023-02-27,Premium
1450,Prisha Naik,customer1450@example.com,Mumbai,Maharashtra,India,2024-11-09,Regular
1451,Ethan Malhotra,customer1451@example.com,Kochi,Kerala,India,2023-03-11,Regular
1452,Lipika Natarajan,customer1452@example.com,Bengaluru,Karnataka,India,2021-07-13,Premium
1453,Alka Gokhale,customer1453@example.com,Delhi,Delhi,India,2021-07-06,Regular
1454,Vyanjana Iyer,customer1454@example.com,Ahmedabad,Gujarat,India,2024-09-30,Regular
1455,Vyanjana Chopra,customer1455@example.com,Warangal,Telangana,India,2024-05-04,Premium
1456,Tejas Cherian,customer1456@example.com,Pune,Maharashtra,India,2022-03-23,Regular
1457,Harshil Banerjee,customer1457@example.com,Jaipur,Rajasthan,India,2024-10-03,Regular
1458,Zashil Sehgal,customer1458@example.com,Pune,Maharashtra,India,2021-08-15,Occasional
1459,Manthan Acharya,customer1459@example.com,Hyderabad,Telangana,India,2021-02-28,Regular
1460,Amaira Doshi,customer1460@example.com,Delhi,Delhi,India,2021-04-28,Occasional
1461,Aarush Varma,customer1461@example.com,Vijayawada,Andhra Pradesh,India,2023-10-22,New
1462,Rajata Raval,customer1462@example.com,Bhopal,Madhya Pradesh,India,2025-03-05,New
1463,Aarush Rajagopalan,customer1463@example.com,Chennai,Tamil Nadu,India,2021-08-06,Regular
1464,Jagrati Nath,customer1464@example.com,Bengaluru,Karnataka,India,2025-02-06,Occasional
1465,Christopher Chana,customer1465@example.com,Bengaluru,Karnataka,India,2023-07-30,Premium
1466,Faris Sharaf,customer1466@example.com,Mumbai,Maharashtra,India,2024-02-10,Regular
1467,Patrick Baral,customer1467@example.com,Bengaluru,Karnataka,India,2023-06-20,Premium
1468,Chandani Ramakrishnan,customer1468@example.com,Delhi,Delhi,India,2024-04-08,Regular
1469,Vidhi Chad,customer1469@example.com,Mumbai,Maharashtra,India,2021-11-28,Regular
1470,Logan Banik,customer1470@example.com,Warangal,Telangana,India,2024-09-22,Regular
1471,William Suresh,customer1471@example.com,Chennai,Tamil Nadu,India,2022-08-23,Occasional
1472,Darika Tata,customer1472@example.com,Kolkata,West Bengal,India,2024-04-22,Regular
1473,Amol Bansal,customer1473@example.com,Chennai,Tamil Nadu,India,2025-07-17,Regular
1474,Geetika Basak,customer1474@example.com,Bengaluru,Karnataka,India,2023-11-21,Regular
1475,Siddharth Virk,customer1475@example.com,Delhi,Delhi,India,2024-06-13,Regular
1476,Viraj Bora,customer1476@example.com,Jaipur,Rajasthan,India,2024-11-25,Regular
1477,Vrinda Bahl,customer1477@example.com,Coimbatore,Tamil Nadu,India,2021-04-25,Regular
1478,Xavier De,customer1478@example.com,Pune,Maharashtra,India,2025-01-04,Regular
1479,Chandresh Mohanty,customer1479@example.com,Coimbatore,Tamil Nadu,India,2021-02-14,Occasional
1480,Onkar Bhatt,customer1480@example.com,Jaipur,Rajasthan,India,2021-10-30,Premium
1481,Widisha Kannan,customer1481@example.com,Pune,Maharashtra,India,2021-11-27,Regular
1482,Pooja Nazareth,customer1482@example.com,Vijayawada,Andhra Pradesh,India,2021-07-16,Regular
1483,Jai Devan,customer1483@example.com,Pune,Maharashtra,India,2024-06-02,Regular
1484,Chakradev Ghose,customer1484@example.com,Delhi,Delhi,India,2023-09-27,New
1485,Jai Mahal,customer1485@example.com,Mumbai,Maharashtra,India,2023-11-09,Occasional
1486,Om Pingle,customer1486@example.com,Visakhapatnam,Andhra Pradesh,India,2022-03-15,Regular
1487,Reva Kohli,customer1487@example.com,Jaipur,Rajasthan,India,2025-09-16,Occasional
1488,Kiaan Chaudhry,customer1488@example.com,Pune,Maharashtra,India,2025-12-14,Regular
1489,Amol Sur,customer1489@example.com,Coimbatore,Tamil Nadu,India,2024-03-14,Occasional
1490,Abhimanyu Gola,customer1490@example.com,Pune,Maharashtra,India,2021-09-08,Premium
1491,Omaja Soni,customer1491@example.com,Jaipur,Rajasthan,India,2021-10-04,Regular
1492,Luke Madan,customer1492@example.com,Ahmedabad,Gujarat,India,2022-01-30,Regular
1493,Nisha Khare,customer1493@example.com,Kochi,Kerala,India,2025-06-14,Regular
1494,Pranit Tata,customer1494@example.com,Vijayawada,Andhra Pradesh,India,2022-06-27,Regular
1495,Ijaya Sahota,customer1495@example.com,Vijayawada,Andhra Pradesh,India,2021-10-01,Regular
1496,Rehaan Dalal,customer1496@example.com,Kochi,Kerala,India,2021-01-15,Regular
1497,Janaki Zacharia,customer1497@example.com,Vijayawada,Andhra Pradesh,India,2025-07-06,Premium
1498,Ucchal Joshi,customer1498@example.com,Coimbatore,Tamil Nadu,India,2025-04-26,Occasional
1499,Rishi Chowdhury,customer1499@example.com,Delhi,Delhi,India,2023-05-09,Occasional
1500,Widisha Goda,customer1500@example.com,Bengaluru,Karnataka,India,2022-04-09,Regular
1501,Chatura Patla,customer1501@example.com,Chennai,Tamil Nadu,India,2022-05-12,Regular
1502,Radhika Krishnamurthy,customer1502@example.com,Bengaluru,Karnataka,India,2023-06-05,Occasional
1503,Caleb Chawla,customer1503@example.com,Kochi,Kerala,India,2023-11-05,Regular
1504,Nakul Balakrishnan,customer1504@example.com,Kolkata,West Bengal,India,2021-06-12,New
1505,Ekavir Keer,customer1505@example.com,Kolkata,West Bengal,India,2025-02-16,Regular
1506,Oni Issac,customer1506@example.com,Ahmedabad,Gujarat,India,2024-10-14,Regular
1507,Imaran Nanda,customer1507@example.com,Bhopal,Madhya Pradesh,India,2023-10-09,Occasional
1508,Warjas Sachar,customer1508@example.com,Delhi,Delhi,India,2022-12-09,Regular
1509,Thomas Borah,customer1509@example.com,Kochi,Kerala,India,2022-09-14,New
1510,Chatura Sarin,customer1510@example.com,Vijayawada,Andhra Pradesh,India,2025-01-03,Occasional
1511,Suhani Gokhale,customer1511@example.com,Ahmedabad,Gujarat,India,2022-03-27,Regular
1512,Laban Shankar,customer1512@example.com,Bhopal,Madhya Pradesh,India,2024-04-18,Premium
1513,Anamika Jain,customer1513@example.com,Kochi,Kerala,India,2022-08-27,Regular
1514,Azad Bhasin,customer1514@example.com,Visakhapatnam,Andhra Pradesh,India,2023-11-10,Regular
1515,Indrajit Shroff,customer1515@example.com,Visakhapatnam,Andhra Pradesh,India,2023-05-22,Regular
1516,Onveer Oza,customer1516@example.com,Jaipur,Rajasthan,India,2024-11-25,New
1517,Naksh Garde,customer1517@example.com,Visakhapatnam,Andhra Pradesh,India,2022-11-15,Regular
1518,Gabriel Sabharwal,customer1518@example.com,Kochi,Kerala,India,2025-12-02,Regular
1519,Tarak Solanki,customer1519@example.com,Kochi,Kerala,India,2025-06-10,Regular
1520,Akshay Sangha,customer1520@example.com,Hyderabad,Telangana,India,2024-12-08,Premium
1521,Falak Saraf,customer1521@example.com,Chennai,Tamil Nadu,India,2023-02-06,Regular
1522,Manthan Ahluwalia,customer1522@example.com,Ahmedabad,Gujarat,India,2025-12-06,Regular
1523,Banjeet Singhal,customer1523@example.com,Vijayawada,Andhra Pradesh,India,2024-07-21,Regular
1524,Pavani Wali,customer1524@example.com,Kolkata,West Bengal,India,2025-04-16,Regular
1525,Guneet Sethi,customer1525@example.com,Kolkata,West Bengal,India,2024-05-10,Occasional
1526,Fiyaz Arora,customer1526@example.com,Jaipur,Rajasthan,India,2025-03-19,Occasional
1527,Kevin Parmer,customer1527@example.com,Bengaluru,Karnataka,India,2024-06-17,Regular
1528,Gautam Babu,customer1528@example.com,Hyderabad,Telangana,India,2023-07-08,Regular
1529,Neel Sharaf,customer1529@example.com,Mumbai,Maharashtra,India,2025-01-30,Regular
1530,Suhani Sheth,customer1530@example.com,Warangal,Telangana,India,2025-11-08,Premium
1531,Qasim Prabhakar,customer1531@example.com,Vijayawada,Andhra Pradesh,India,2022-03-07,Premium
1532,Ekavir Rajan,customer1532@example.com,Mumbai,Maharashtra,India,2024-12-13,Regular
1533,Chaman Sandhu,customer1533@example.com,Kochi,Kerala,India,2023-11-01,Regular
1534,Faris Nayak,customer1534@example.com,Kolkata,West Bengal,India,2023-04-19,Regular
1535,Charan Choudhry,customer1535@example.com,Warangal,Telangana,India,2021-06-20,Regular
1536,Udyati Baria,customer1536@example.com,Vijayawada,Andhra Pradesh,India,2024-04-04,Regular
1537,Parth Bhavsar,customer1537@example.com,Warangal,Telangana,India,2024-02-10,Regular
1538,Lakshit Natt,customer1538@example.com,Kochi,Kerala,India,2025-10-09,Occasional
1539,Vanya Kadakia,customer1539@example.com,Hyderabad,Telangana,India,2023-01-12,Occasional
1540,Ira Loke,customer1540@example.com,Visakhapatnam,Andhra Pradesh,India,2022-12-02,Premium
1541,Aradhana Bhagat,customer1541@example.com,Kochi,Kerala,India,2025-04-14,Regular
1542,Hemani Sethi,customer1542@example.com,Vijayawada,Andhra Pradesh,India,2021-07-16,Regular
1543,Upma Wali,customer1543@example.com,Bengaluru,Karnataka,India,2025-02-19,Regular
1544,Siya Pillai,customer1544@example.com,Pune,Maharashtra,India,2025-07-14,Regular
1545,Tanvi Chahal,customer1545@example.com,Kolkata,West Bengal,India,2021-07-23,Regular
1546,Praneel Mani,customer1546@example.com,Delhi,Delhi,India,2021-09-07,Regular
1547,Nitesh Majumdar,customer1547@example.com,Bengaluru,Karnataka,India,2021-08-28,Regular
1548,Watika Dora,customer1548@example.com,Delhi,Delhi,India,2021-12-15,Regular
1549,Chaaya Saha,customer1549@example.com,Vijayawada,Andhra Pradesh,India,2022-09-27,Regular
1550,Urvi Palan,customer1550@example.com,Chennai,Tamil Nadu,India,2025-08-10,Regular
1551,Ansh Manne,customer1551@example.com,Delhi,Delhi,India,2024-07-29,Regular
1552,Anthony Kata,customer1552@example.com,Vijayawada,Andhra Pradesh,India,2022-08-11,Regular
1553,Nisha Oza,customer1553@example.com,Mumbai,Maharashtra,India,2025-06-03,Occasional
1554,Sai Shankar,customer1554@example.com,Kochi,Kerala,India,2023-10-11,Occasional
1555,Damini Garg,customer1555@example.com,Jaipur,Rajasthan,India,2023-08-03,Premium
1556,Veda Prabhu,customer1556@example.com,Coimbatore,Tamil Nadu,India,2023-03-19,Regular
1557,Manbir Pandit,customer1557@example.com,Pune,Maharashtra,India,2023-06-15,Regular
1558,Ojas Dyal,customer1558@example.com,Kolkata,West Bengal,India,2023-06-03,Premium
1559,Qabil Gill,customer1559@example.com,Visakhapatnam,Andhra Pradesh,India,2025-07-22,Occasional
1560,Wazir Dada,customer1560@example.com,Ahmedabad,Gujarat,India,2022-04-22,New
1561,Jonathan Sastry,customer1561@example.com,Pune,Maharashtra,India,2021-05-08,Regular
1562,Qarin Jha,customer1562@example.com,Jaipur,Rajasthan,India,2023-03-21,Regular
1563,Edhitha Padmanabhan,customer1563@example.com,Warangal,Telangana,India,2025-10-14,Regular
1564,Saumya Zacharia,customer1564@example.com,Coimbatore,Tamil Nadu,India,2022-04-05,Regular
1565,Jairaj Bakshi,customer1565@example.com,Bengaluru,Karnataka,India,2022-05-21,Occasional
1566,Maanav Shanker,customer1566@example.com,Vijayawada,Andhra Pradesh,India,2024-06-10,Occasional
1567,Aayush Tripathi,customer1567@example.com,Bhopal,Madhya Pradesh,India,2023-09-22,Regular
1568,Urvi Mann,customer1568@example.com,Warangal,Telangana,India,2023-10-27,Occasional
1569,Riya Nigam,customer1569@example.com,Pune,Maharashtra,India,2025-11-18,Premium
1570,Banjeet Dewan,customer1570@example.com,Mumbai,Maharashtra,India,2021-12-15,Premium
1571,Darika Bakshi,customer1571@example.com,Pune,Maharashtra,India,2025-09-08,Occasional
1572,Sanaya Parikh,customer1572@example.com,Ahmedabad,Gujarat,India,2024-06-01,Regular
1573,Christopher Hayer,customer1573@example.com,Jaipur,Rajasthan,India,2021-10-15,Premium
1574,Arunima Hayre,customer1574@example.com,Delhi,Delhi,India,2025-12-18,Regular
1575,Sanaya Chahal,customer1575@example.com,Kolkata,West Bengal,India,2021-03-12,Regular
1576,Robert Swaminathan,customer1576@example.com,Vijayawada,Andhra Pradesh,India,2025-05-10,New
1577,Jalsa Rao,customer1577@example.com,Bhopal,Madhya Pradesh,India,2023-09-15,New
1578,Kala Raju,customer1578@example.com,Ahmedabad,Gujarat,India,2022-04-05,Regular
1579,Bhavani Pai,customer1579@example.com,Mumbai,Maharashtra,India,2024-03-04,Premium
1580,Sanaya Chahal,customer1580@example.com,Pune,Maharashtra,India,2023-12-28,Occasional
1581,Ojasvi Savant,customer1581@example.com,Jaipur,Rajasthan,India,2022-11-02,Premium
1582,Panini Sachdeva,customer1582@example.com,Pune,Maharashtra,India,2023-06-16,New
1583,Maanas Johal,customer1583@example.com,Kolkata,West Bengal,India,2022-03-10,Premium
1584,Gautami Bhatti,customer1584@example.com,Coimbatore,Tamil Nadu,India,2023-08-01,Regular
1585,Abeer Rout,customer1585@example.com,Ahmedabad,Gujarat,India,2024-03-13,Regular
1586,Parth Shere,customer1586@example.com,Kolkata,West Bengal,India,2023-04-30,Regular
1587,Ryan Grewal,customer1587@example.com,Kolkata,West Bengal,India,2025-10-31,Regular
1588,Vritti Basak,customer1588@example.com,Coimbatore,Tamil Nadu,India,2024-04-01,Regular
1589,Wakeeta Sheth,customer1589@example.com,Bengaluru,Karnataka,India,2023-07-28,Premium
1590,Aarnav Dube,customer1590@example.com,Hyderabad,Telangana,India,2022-11-29,Occasional
1591,Urmi Dash,customer1591@example.com,Chennai,Tamil Nadu,India,2023-03-28,Regular
1592,Praneel Swamy,customer1592@example.com,Mumbai,Maharashtra,India,2023-06-13,Regular
1593,Jagdish Malhotra,customer1593@example.com,Mumbai,Maharashtra,India,2023-01-31,Regular
1594,Janaki Srivastava,customer1594@example.com,Kolkata,West Bengal,India,2025-03-12,Regular
1595,Aarna Soni,customer1595@example.com,Kochi,Kerala,India,2025-10-24,Occasional
1596,Yauvani Badal,customer1596@example.com,Ahmedabad,Gujarat,India,2022-01-07,Regular
1597,Dalbir Dhingra,customer1597@example.com,Jaipur,Rajasthan,India,2023-03-18,Premium
1598,Krishna Parikh,customer1598@example.com,Kochi,Kerala,India,2023-09-21,Regular
1599,Anjali Patel,customer1599@example.com,Pune,Maharashtra,India,2022-05-23,Regular
1600,Chanakya Mann,customer1600@example.com,Kochi,Kerala,India,2024-07-27,Premium
1601,Yoshita Hari,customer1601@example.com,Vijayawada,Andhra Pradesh,India,2023-06-26,Regular
1602,Oliver Naidu,customer1602@example.com,Chennai,Tamil Nadu,India,2022-07-24,New
1603,Anika Patil,customer1603@example.com,Warangal,Telangana,India,2023-09-10,Occasional
1604,Maanas Arya,customer1604@example.com,Visakhapatnam,Andhra Pradesh,India,2021-10-25,Occasional
1605,Kashish Sundaram,customer1605@example.com,Mumbai,Maharashtra,India,2022-03-02,Occasional
1606,Nicholas Chaudry,customer1606@example.com,Hyderabad,Telangana,India,2024-07-04,Regular
1607,Yahvi Kant,customer1607@example.com,Pune,Maharashtra,India,2022-11-08,Occasional
1608,Omisha Sharma,customer1608@example.com,Warangal,Telangana,India,2022-08-09,Regular
1609,Karan Badal,customer1609@example.com,Warangal,Telangana,India,2021-08-26,Occasional
1610,Devika Patil,customer1610@example.com,Chennai,Tamil Nadu,India,2025-01-29,Regular
1611,Hema Gera,customer1611@example.com,Vijayawada,Andhra Pradesh,India,2022-03-08,Regular
1612,Jagat Kapadia,customer1612@example.com,Pune,Maharashtra,India,2023-08-05,Occasional
1613,Utkarsh Mohanty,customer1613@example.com,Jaipur,Rajasthan,India,2022-02-04,Regular
1614,Kalpit Brar,customer1614@example.com,Bengaluru,Karnataka,India,2022-01-25,Regular
1615,Faras Bahl,customer1615@example.com,Kochi,Kerala,India,2024-08-12,Regular
1616,Brijesh Hegde,customer1616@example.com,Chennai,Tamil Nadu,India,2025-02-13,Occasional
1617,Yochana Bhargava,customer1617@example.com,Jaipur,Rajasthan,India,2021-12-01,Regular
1618,Zehaan Bassi,customer1618@example.com,Mumbai,Maharashtra,India,2024-12-28,Regular
1619,Advaith Char,customer1619@example.com,Bengaluru,Karnataka,India,2021-07-25,Regular
1620,Ryan Goyal,customer1620@example.com,Vijayawada,Andhra Pradesh,India,2022-01-20,Regular
1621,Gautam Dhingra,customer1621@example.com,Jaipur,Rajasthan,India,2023-12-29,Regular
1622,Indira Dyal,customer1622@example.com,Coimbatore,Tamil Nadu,India,2023-05-12,Regular
1623,Yashasvi Bir,customer1623@example.com,Bhopal,Madhya Pradesh,India,2025-04-05,Occasional
1624,Teerth Handa,customer1624@example.com,Warangal,Telangana,India,2021-11-04,Premium
1625,Aayush Chaudhary,customer1625@example.com,Kochi,Kerala,India,2023-05-26,Occasional
1626,Jeevika Goyal,customer1626@example.com,Bhopal,Madhya Pradesh,India,2022-10-27,Premium
1627,Pratyush Pant,customer1627@example.com,Mumbai,Maharashtra,India,2024-09-27,Occasional
1628,Tanish Varkey,customer1628@example.com,Bengaluru,Karnataka,India,2024-03-25,Occasional
1629,Isaiah Murthy,customer1629@example.com,Bengaluru,Karnataka,India,2022-12-08,Regular
1630,Imaran Venkatesh,customer1630@example.com,Vijayawada,Andhra Pradesh,India,2022-01-20,Regular
1631,Jalsa Mani,customer1631@example.com,Chennai,Tamil Nadu,India,2022-02-27,Occasional
1632,Fitan Narang,customer1632@example.com,Visakhapatnam,Andhra Pradesh,India,2025-09-27,Regular
1633,Lekha Mander,customer1633@example.com,Bengaluru,Karnataka,India,2025-03-14,Regular
1634,Sachi Kara,customer1634@example.com,Mumbai,Maharashtra,India,2024-11-20,Regular
1635,Bina Sangha,customer1635@example.com,Delhi,Delhi,India,2025-09-17,Regular
1636,Vamakshi Pillai,customer1636@example.com,Visakhapatnam,Andhra Pradesh,India,2022-08-10,Occasional
1637,Vyanjana Cheema,customer1637@example.com,Kochi,Kerala,India,2022-07-12,Premium
1638,Frederick Dar,customer1638@example.com,Ahmedabad,Gujarat,India,2024-05-16,Occasional
1639,Nandini Chaudry,customer1639@example.com,Vijayawada,Andhra Pradesh,India,2022-03-22,New
1640,Januja Issac,customer1640@example.com,Pune,Maharashtra,India,2022-06-09,Regular
1641,Netra Das,customer1641@example.com,Kolkata,West Bengal,India,2023-11-19,Regular
1642,Xalak Mallick,customer1642@example.com,Hyderabad,Telangana,India,2022-12-25,Occasional
1643,Mugdha Parekh,customer1643@example.com,Coimbatore,Tamil Nadu,India,2025-12-13,Occasional
1644,Vedhika Vaidya,customer1644@example.com,Vijayawada,Andhra Pradesh,India,2025-01-18,New
1645,Suhani Chokshi,customer1645@example.com,Visakhapatnam,Andhra Pradesh,India,2023-05-17,Occasional
1646,Vrishti Tank,customer1646@example.com,Pune,Maharashtra,India,2022-01-15,Occasional
1647,Ayushman Chaudhary,customer1647@example.com,Kochi,Kerala,India,2022-12-19,Regular
1648,Wishi Bala,customer1648@example.com,Chennai,Tamil Nadu,India,2021-06-14,New
1649,Eta Dua,customer1649@example.com,Coimbatore,Tamil Nadu,India,2022-07-11,Regular
1650,Faraj Venkatesh,customer1650@example.com,Mumbai,Maharashtra,India,2023-07-30,Regular
1651,Saksham Memon,customer1651@example.com,Mumbai,Maharashtra,India,2025-03-10,Regular
1652,Yamini Lal,customer1652@example.com,Jaipur,Rajasthan,India,2025-03-27,Premium
1653,Andrew Balay,customer1653@example.com,Coimbatore,Tamil Nadu,India,2025-08-13,Regular
1654,Leela Sengupta,customer1654@example.com,Pune,Maharashtra,India,2024-08-30,Occasional
1655,Saanvi Sharaf,customer1655@example.com,Kochi,Kerala,India,2023-09-05,Premium
1656,Peter Mitter,customer1656@example.com,Warangal,Telangana,India,2021-04-22,Regular
1657,Raagini Desai,customer1657@example.com,Coimbatore,Tamil Nadu,India,2022-05-25,Regular
1658,Vinaya Choudhary,customer1658@example.com,Warangal,Telangana,India,2023-08-29,New
1659,Upma Soni,customer1659@example.com,Bengaluru,Karnataka,India,2025-11-03,Regular
1660,Yashawini Bhalla,customer1660@example.com,Hyderabad,Telangana,India,2025-10-13,New
1661,Warda Purohit,customer1661@example.com,Delhi,Delhi,India,2024-04-30,Regular
1662,Ekani Bhat,customer1662@example.com,Vijayawada,Andhra Pradesh,India,2024-01-01,New
1663,Kabir Peri,customer1663@example.com,Bhopal,Madhya Pradesh,India,2021-03-29,Regular
1664,Harita Rai,customer1664@example.com,Bengaluru,Karnataka,India,2023-12-20,Occasional
1665,Hemani Parikh,customer1665@example.com,Bhopal,Madhya Pradesh,India,2021-10-30,Regular
1666,Daksh Konda,customer1666@example.com,Visakhapatnam,Andhra Pradesh,India,2024-07-03,Regular
1667,Devika Chad,customer1667@example.com,Warangal,Telangana,India,2023-02-09,Regular
1668,Ishwar Nazareth,customer1668@example.com,Bhopal,Madhya Pradesh,India,2021-07-23,Regular
1669,Eshana Barad,customer1669@example.com,Hyderabad,Telangana,India,2022-06-12,Regular
1670,Yutika Sama,customer1670@example.com,Mumbai,Maharashtra,India,2024-12-02,Occasional
1671,Upasna Bains,customer1671@example.com,Kochi,Kerala,India,2023-04-09,Regular
1672,Madhavi Naidu,customer1672@example.com,Visakhapatnam,Andhra Pradesh,India,2023-09-11,Premium
1673,Vrinda Chaudhry,customer1673@example.com,Warangal,Telangana,India,2025-11-14,Premium
1674,Watika Thakkar,customer1674@example.com,Kolkata,West Bengal,India,2022-10-02,Premium
1675,Chandani Patla,customer1675@example.com,Jaipur,Rajasthan,India,2023-11-21,Regular
1676,Watika Borra,customer1676@example.com,Visakhapatnam,Andhra Pradesh,India,2024-09-16,Regular
1677,Bhavna Lanka,customer1677@example.com,Hyderabad,Telangana,India,2025-07-23,Occasional
1678,Neelima Kara,customer1678@example.com,Coimbatore,Tamil Nadu,India,2021-05-28,Premium
1679,Gayathri Mahajan,customer1679@example.com,Coimbatore,Tamil Nadu,India,2021-10-13,Regular
1680,Prisha Kadakia,customer1680@example.com,Bengaluru,Karnataka,India,2021-07-28,Regular
1681,Chasmum Thaman,customer1681@example.com,Chennai,Tamil Nadu,India,2023-12-16,Regular
1682,Dhriti Iyengar,customer1682@example.com,Vijayawada,Andhra Pradesh,India,2023-07-21,Occasional
1683,Zayan Varma,customer1683@example.com,Warangal,Telangana,India,2024-07-11,Regular
1684,Anirudh Varty,customer1684@example.com,Bhopal,Madhya Pradesh,India,2024-11-09,Regular
1685,Tanay Sibal,customer1685@example.com,Delhi,Delhi,India,2022-08-03,Occasional
1686,Darpan Vig,customer1686@example.com,Kochi,Kerala,India,2023-04-13,Occasional
1687,Turvi Divan,customer1687@example.com,Visakhapatnam,Andhra Pradesh,India,2022-09-16,New
1688,Charita Saran,customer1688@example.com,Bengaluru,Karnataka,India,2023-01-17,Premium
1689,Devansh Jani,customer1689@example.com,Jaipur,Rajasthan,India,2024-06-28,Premium
1690,Bhavini Dyal,customer1690@example.com,Visakhapatnam,Andhra Pradesh,India,2024-07-05,Regular
1691,Nidra Khare,customer1691@example.com,Pune,Maharashtra,India,2023-03-08,Occasional
1692,Rehaan Bala,customer1692@example.com,Visakhapatnam,Andhra Pradesh,India,2021-12-19,Occasional
1693,Ucchal Sunder,customer1693@example.com,Bhopal,Madhya Pradesh,India,2023-02-03,Regular
1694,Pahal Bansal,customer1694@example.com,Visakhapatnam,Andhra Pradesh,India,2025-10-06,Regular
1695,Anjali Deshpande,customer1695@example.com,Chennai,Tamil Nadu,India,2022-09-20,Premium
1696,Arunima Goda,customer1696@example.com,Warangal,Telangana,India,2021-04-01,Premium
1697,Anmol Bhakta,customer1697@example.com,Warangal,Telangana,India,2021-05-12,Regular
1698,Chanchal Bhatt,customer1698@example.com,Delhi,Delhi,India,2021-09-18,Regular
1699,Gautam Ranganathan,customer1699@example.com,Delhi,Delhi,India,2024-06-18,Regular
1700,Isaac Tella,customer1700@example.com,Bengaluru,Karnataka,India,2022-03-13,Regular
1701,Watika Chana,customer1701@example.com,Visakhapatnam,Andhra Pradesh,India,2022-01-10,Premium
1702,Dhriti Narayan,customer1702@example.com,Ahmedabad,Gujarat,India,2023-01-10,Regular
1703,Warinder Sampath,customer1703@example.com,Vijayawada,Andhra Pradesh,India,2025-12-21,Regular
1704,Hredhaan Gill,customer1704@example.com,Kochi,Kerala,India,2022-11-09,New
1705,Ria Rege,customer1705@example.com,Hyderabad,Telangana,India,2022-10-28,Occasional
1706,Vritti Walla,customer1706@example.com,Visakhapatnam,Andhra Pradesh,India,2023-03-02,Occasional
1707,Edhitha Sampath,customer1707@example.com,Chennai,Tamil Nadu,India,2024-03-10,Regular
1708,Arunima Dhillon,customer1708@example.com,Ahmedabad,Gujarat,India,2025-01-15,Regular
1709,Jhalak Morar,customer1709@example.com,Delhi,Delhi,India,2024-02-02,Regular
1710,Chatura Khatri,customer1710@example.com,Hyderabad,Telangana,India,2021-03-07,Occasional
1711,Dayamai Patil,customer1711@example.com,Kochi,Kerala,India,2023-02-25,New
1712,Saanvi Rama,customer1712@example.com,Kolkata,West Bengal,India,2022-01-15,Regular
1713,Aadhya Mitra,customer1713@example.com,Chennai,Tamil Nadu,India,2021-01-25,Regular
1714,Chameli Kade,customer1714@example.com,Jaipur,Rajasthan,India,2021-10-08,Premium
1715,Edhitha Ray,customer1715@example.com,Bhopal,Madhya Pradesh,India,2022-05-13,New
1716,Faris Swamy,customer1716@example.com,Pune,Maharashtra,India,2021-04-16,New
1717,Gaurangi Sami,customer1717@example.com,Bengaluru,Karnataka,India,2025-01-03,Regular
1718,Advika Toor,customer1718@example.com,Coimbatore,Tamil Nadu,India,2021-11-08,Regular
1719,Osha Narain,customer1719@example.com,Pune,Maharashtra,India,2021-07-26,Regular
1720,Charles Gour,customer1720@example.com,Bengaluru,Karnataka,India,2024-11-09,Occasional
1721,Aarush Rattan,customer1721@example.com,Kochi,Kerala,India,2024-10-09,Premium
1722,Dipta Butala,customer1722@example.com,Jaipur,Rajasthan,India,2022-09-14,Premium
1723,Zaid Varty,customer1723@example.com,Mumbai,Maharashtra,India,2021-12-11,Regular
1724,Ekaja Seth,customer1724@example.com,Bhopal,Madhya Pradesh,India,2022-02-09,Premium
1725,Abha Ghose,customer1725@example.com,Kochi,Kerala,India,2025-01-26,Regular
1726,Rushil Chad,customer1726@example.com,Mumbai,Maharashtra,India,2023-10-15,Regular
1727,Qabil Ramaswamy,customer1727@example.com,Ahmedabad,Gujarat,India,2024-07-11,Occasional
1728,Ansh Bajaj,customer1728@example.com,Delhi,Delhi,India,2024-03-18,Occasional
1729,Gaurav Shere,customer1729@example.com,Warangal,Telangana,India,2025-10-02,Regular
1730,Om Bawa,customer1730@example.com,Ahmedabad,Gujarat,India,2022-09-08,Regular
1731,Abha Dixit,customer1731@example.com,Mumbai,Maharashtra,India,2024-05-30,Premium
1732,Onkar Dalal,customer1732@example.com,Warangal,Telangana,India,2021-10-04,Regular
1733,Sudiksha Talwar,customer1733@example.com,Chennai,Tamil Nadu,India,2021-02-13,New
1734,Samar Halder,customer1734@example.com,Bengaluru,Karnataka,India,2022-01-04,Regular
1735,Warda Raja,customer1735@example.com,Delhi,Delhi,India,2023-04-08,Regular
1736,Samuel Kale,customer1736@example.com,Kochi,Kerala,India,2022-02-09,Occasional
1737,Omya Gole,customer1737@example.com,Visakhapatnam,Andhra Pradesh,India,2023-05-30,Regular
1738,Ayush Mannan,customer1738@example.com,Mumbai,Maharashtra,India,2024-06-23,Occasional
1739,Shravya Kothari,customer1739@example.com,Vijayawada,Andhra Pradesh,India,2023-03-25,New
1740,Frederick Anne,customer1740@example.com,Chennai,Tamil Nadu,India,2024-02-23,Premium
1741,Ekiya Rao,customer1741@example.com,Warangal,Telangana,India,2024-12-27,New
1742,Pallavi Kunda,customer1742@example.com,Warangal,Telangana,India,2022-10-22,Regular
1743,Daniel Ben,customer1743@example.com,Jaipur,Rajasthan,India,2021-08-15,Premium
1744,Urishilla Pandya,customer1744@example.com,Visakhapatnam,Andhra Pradesh,India,2023-11-01,Occasional
1745,Zehaan Thaman,customer1745@example.com,Vijayawada,Andhra Pradesh,India,2021-05-22,Regular
1746,Megha Prabhakar,customer1746@example.com,Hyderabad,Telangana,India,2024-03-29,Occasional
1747,Praneel Lad,customer1747@example.com,Vijayawada,Andhra Pradesh,India,2022-02-15,Premium
1748,Harinakshi Sidhu,customer1748@example.com,Kolkata,West Bengal,India,2022-06-12,New
1749,Edhitha Wali,customer1749@example.com,Ahmedabad,Gujarat,India,2022-02-14,Regular
1750,Abha Dada,customer1750@example.com,Coimbatore,Tamil Nadu,India,2024-09-07,Occasional
1751,Joshua Tata,customer1751@example.com,Bengaluru,Karnataka,India,2023-09-01,Regular
1752,Qushi Mandal,customer1752@example.com,Vijayawada,Andhra Pradesh,India,2023-05-24,Occasional
1753,Zansi Munshi,customer1753@example.com,Mumbai,Maharashtra,India,2023-03-29,Occasional
1754,Diya Swamy,customer1754@example.com,Warangal,Telangana,India,2024-09-15,Occasional
1755,Chatresh Gulati,customer1755@example.com,Hyderabad,Telangana,India,2022-04-15,Regular
1756,Victor Goswami,customer1756@example.com,Delhi,Delhi,India,2022-04-07,Regular
1757,Abha Gade,customer1757@example.com,Warangal,Telangana,India,2021-04-22,Regular
1758,Jack Talwar,customer1758@example.com,Jaipur,Rajasthan,India,2024-12-22,Regular
1759,Ishanvi Sundaram,customer1759@example.com,Kolkata,West Bengal,India,2021-05-07,Regular
1760,Isaiah Divan,customer1760@example.com,Pune,Maharashtra,India,2024-11-23,Premium
1761,Girik Jani,customer1761@example.com,Coimbatore,Tamil Nadu,India,2022-01-20,Regular
1762,Om Trivedi,customer1762@example.com,Pune,Maharashtra,India,2023-06-02,Regular
1763,Aayush Vora,customer1763@example.com,Kochi,Kerala,India,2023-04-28,Premium
1764,Omaja Bose,customer1764@example.com,Jaipur,Rajasthan,India,2025-11-09,Occasional
1765,Girindra Narasimhan,customer1765@example.com,Warangal,Telangana,India,2023-02-04,Regular
1766,Jairaj Ramesh,customer1766@example.com,Ahmedabad,Gujarat,India,2021-03-22,Premium
1767,Ekiya Dube,customer1767@example.com,Coimbatore,Tamil Nadu,India,2024-03-06,Occasional
1768,Triveni Srinivasan,customer1768@example.com,Chennai,Tamil Nadu,India,2021-03-31,Premium
1769,Abdul Narayan,customer1769@example.com,Pune,Maharashtra,India,2024-11-11,Regular
1770,Ekta Dayal,customer1770@example.com,Bengaluru,Karnataka,India,2021-05-17,Regular
1771,Barkha Naidu,customer1771@example.com,Coimbatore,Tamil Nadu,India,2022-10-19,Premium
1772,Lakshmi Chanda,customer1772@example.com,Kochi,Kerala,India,2021-06-22,New
1773,Pranav Khatri,customer1773@example.com,Vijayawada,Andhra Pradesh,India,2024-05-24,Occasional
1774,Ansh Joshi,customer1774@example.com,Chennai,Tamil Nadu,India,2024-05-24,Regular
1775,Neha Mane,customer1775@example.com,Delhi,Delhi,India,2022-05-22,New
1776,Chanchal Swaminathan,customer1776@example.com,Pune,Maharashtra,India,2022-04-24,Regular
1777,Karan Parmer,customer1777@example.com,Warangal,Telangana,India,2024-09-05,Regular
1778,Yauvani Iyengar,customer1778@example.com,Warangal,Telangana,India,2021-10-26,Regular
1779,Lipika Soni,customer1779@example.com,Bhopal,Madhya Pradesh,India,2025-03-02,Premium
1780,Gautam Sami,customer1780@example.com,Chennai,Tamil Nadu,India,2023-04-15,Occasional
1781,Radha Sandhu,customer1781@example.com,Hyderabad,Telangana,India,2024-02-19,New
1782,Yochana Om,customer1782@example.com,Warangal,Telangana,India,2021-10-16,Occasional
1783,Mohammed Tandon,customer1783@example.com,Coimbatore,Tamil Nadu,India,2024-12-11,Regular
1784,Bina Sidhu,customer1784@example.com,Coimbatore,Tamil Nadu,India,2025-06-27,Regular
1785,Vanya Mital,customer1785@example.com,Warangal,Telangana,India,2024-09-20,Regular
1786,Charita Kothari,customer1786@example.com,Hyderabad,Telangana,India,2022-04-07,Regular
1787,Chakrika Batta,customer1787@example.com,Mumbai,Maharashtra,India,2025-06-14,Regular
1788,Chakradev Varghese,customer1788@example.com,Mumbai,Maharashtra,India,2025-09-08,Occasional
1789,Nitara Chandra,customer1789@example.com,Chennai,Tamil Nadu,India,2021-12-01,Regular
1790,Isha Kumar,customer1790@example.com,Jaipur,Rajasthan,India,2024-12-14,New
1791,Yahvi Babu,customer1791@example.com,Kochi,Kerala,India,2025-12-25,Occasional
1792,Praneel Gopal,customer1792@example.com,Vijayawada,Andhra Pradesh,India,2021-12-20,New
1793,Fiyaz Saha,customer1793@example.com,Kochi,Kerala,India,2024-05-05,Occasional
1794,Suhani Sengupta,customer1794@example.com,Bengaluru,Karnataka,India,2023-07-14,Premium
1795,Rachit Kakar,customer1795@example.com,Delhi,Delhi,India,2023-04-04,Premium
1796,Aashi Cherian,customer1796@example.com,Ahmedabad,Gujarat,India,2022-07-30,Regular
1797,Abdul Rana,customer1797@example.com,Coimbatore,Tamil Nadu,India,2024-09-09,Occasional
1798,Onveer Sood,customer1798@example.com,Hyderabad,Telangana,India,2021-12-29,New
1799,Vidhi Mitter,customer1799@example.com,Hyderabad,Telangana,India,2024-11-30,Occasional
1800,Chasmum Chahal,customer1800@example.com,Delhi,Delhi,India,2024-01-26,Occasional
1801,Akshay Halder,customer1801@example.com,Vijayawada,Andhra Pradesh,India,2022-01-24,Regular
1802,Raghav Bala,customer1802@example.com,Chennai,Tamil Nadu,India,2021-12-14,Regular
1803,Maanav Khurana,customer1803@example.com,Chennai,Tamil Nadu,India,2022-10-13,Regular
1804,Gabriel Mitra,customer1804@example.com,Hyderabad,Telangana,India,2024-09-15,New
1805,Urvi Sami,customer1805@example.com,Bengaluru,Karnataka,India,2024-12-10,Occasional
1806,Ojas Dua,customer1806@example.com,Warangal,Telangana,India,2021-03-09,Premium
1807,Urishilla Bahri,customer1807@example.com,Chennai,Tamil Nadu,India,2024-10-15,Occasional
1808,Saksham Menon,customer1808@example.com,Ahmedabad,Gujarat,India,2024-10-28,Regular
1809,Charan Nath,customer1809@example.com,Bhopal,Madhya Pradesh,India,2025-11-05,Regular
1810,Rachana Sagar,customer1810@example.com,Vijayawada,Andhra Pradesh,India,2021-01-25,Premium
1811,Balhaar Sura,customer1811@example.com,Warangal,Telangana,India,2025-03-21,Regular
1812,Yochana Sura,customer1812@example.com,Visakhapatnam,Andhra Pradesh,India,2024-05-26,Occasional
1813,Anirudh Sami,customer1813@example.com,Warangal,Telangana,India,2022-12-22,Regular
1814,Devansh Loyal,customer1814@example.com,Hyderabad,Telangana,India,2025-11-26,Regular
1815,Jackson Talwar,customer1815@example.com,Bengaluru,Karnataka,India,2024-07-20,Regular
1816,Rajata Bail,customer1816@example.com,Mumbai,Maharashtra,India,2023-12-14,Occasional
1817,Rehaan Singh,customer1817@example.com,Bhopal,Madhya Pradesh,India,2022-05-17,Occasional
1818,Vincent Tripathi,customer1818@example.com,Vijayawada,Andhra Pradesh,India,2023-12-05,Occasional
1819,Upadhriti Deep,customer1819@example.com,Pune,Maharashtra,India,2022-11-14,Regular
1820,Omaja Parsa,customer1820@example.com,Mumbai,Maharashtra,India,2023-07-01,Regular
1821,Sarthak Mandal,customer1821@example.com,Chennai,Tamil Nadu,India,2025-01-07,Premium
1822,Kai Ghose,customer1822@example.com,Kochi,Kerala,India,2021-09-25,Regular
1823,Vyanjana Chaudhuri,customer1823@example.com,Bengaluru,Karnataka,India,2022-09-12,Premium
1824,Chavvi Keer,customer1824@example.com,Kolkata,West Bengal,India,2024-07-16,Regular
1825,Andrew Parmer,customer1825@example.com,Delhi,Delhi,India,2022-10-13,Premium
1826,Nathan Ghosh,customer1826@example.com,Pune,Maharashtra,India,2023-03-22,New
1827,Devansh Nazareth,customer1827@example.com,Chennai,Tamil Nadu,India,2025-04-14,Regular
1828,Utkarsh Dara,customer1828@example.com,Kolkata,West Bengal,India,2024-08-30,Regular
1829,Vidhi Kuruvilla,customer1829@example.com,Warangal,Telangana,India,2025-10-13,Premium
1830,Chakradhar Loke,customer1830@example.com,Kochi,Kerala,India,2023-11-24,Occasional
1831,Chandresh Sarma,customer1831@example.com,Coimbatore,Tamil Nadu,India,2022-04-15,Occasional
1832,Hitesh Chaudry,customer1832@example.com,Jaipur,Rajasthan,India,2024-11-21,Premium
1833,Yashica Cheema,customer1833@example.com,Coimbatore,Tamil Nadu,India,2025-10-14,Occasional
1834,Samesh Pathak,customer1834@example.com,Bengaluru,Karnataka,India,2022-06-03,Premium
1835,Riya Toor,customer1835@example.com,Chennai,Tamil Nadu,India,2022-05-03,New
1836,Mitesh Patla,customer1836@example.com,Delhi,Delhi,India,2025-03-29,Regular
1837,Jason Jaggi,customer1837@example.com,Visakhapatnam,Andhra Pradesh,India,2023-11-06,Regular
1838,Abeer Korpal,customer1838@example.com,Coimbatore,Tamil Nadu,India,2024-09-26,New
1839,Bhavini Tiwari,customer1839@example.com,Hyderabad,Telangana,India,2025-01-11,New
1840,Amaira Pradhan,customer1840@example.com,Coimbatore,Tamil Nadu,India,2022-06-17,Regular
1841,Yatan Doshi,customer1841@example.com,Vijayawada,Andhra Pradesh,India,2024-07-13,Regular
1842,Vedant Devi,customer1842@example.com,Warangal,Telangana,India,2025-07-04,Regular
1843,Nimrat Shanker,customer1843@example.com,Kochi,Kerala,India,2024-08-25,Occasional
1844,Ayushman Savant,customer1844@example.com,Warangal,Telangana,India,2025-05-23,Premium
1845,Zansi Boase,customer1845@example.com,Coimbatore,Tamil Nadu,India,2022-03-29,Occasional
1846,Divya Ratti,customer1846@example.com,Chennai,Tamil Nadu,India,2021-09-21,Premium
1847,Darsh Ramaswamy,customer1847@example.com,Coimbatore,Tamil Nadu,India,2022-05-26,Regular
1848,Dalbir Venkatesh,customer1848@example.com,Visakhapatnam,Andhra Pradesh,India,2021-04-26,Regular
1849,Neelima Modi,customer1849@example.com,Visakhapatnam,Andhra Pradesh,India,2023-07-08,Premium
1850,Abhiram Mammen,customer1850@example.com,Jaipur,Rajasthan,India,2023-09-02,Regular
1851,Netra Sehgal,customer1851@example.com,Coimbatore,Tamil Nadu,India,2025-06-28,Premium
1852,Hemani Ravel,customer1852@example.com,Warangal,Telangana,India,2022-09-30,Regular
1853,Frado Bansal,customer1853@example.com,Visakhapatnam,Andhra Pradesh,India,2022-09-05,Regular
1854,Madhavi Date,customer1854@example.com,Bengaluru,Karnataka,India,2025-07-28,Premium
1855,Tanay Chander,customer1855@example.com,Coimbatore,Tamil Nadu,India,2025-06-06,Occasional
1856,Harini Dutta,customer1856@example.com,Pune,Maharashtra,India,2025-05-09,Premium
1857,Aarna Khurana,customer1857@example.com,Kolkata,West Bengal,India,2021-03-14,Premium
1858,Yashasvi Choudhry,customer1858@example.com,Bhopal,Madhya Pradesh,India,2023-08-03,Regular
1859,Aashi Tripathi,customer1859@example.com,Coimbatore,Tamil Nadu,India,2021-07-06,Occasional
1860,Champak Dash,customer1860@example.com,Kolkata,West Bengal,India,2024-01-07,Premium
1861,Abdul Setty,customer1861@example.com,Visakhapatnam,Andhra Pradesh,India,2024-10-26,Regular
1862,Vivaan Palla,customer1862@example.com,Pune,Maharashtra,India,2023-11-20,Regular
1863,Logan Purohit,customer1863@example.com,Bengaluru,Karnataka,India,2023-07-19,Regular
1864,Henry Narang,customer1864@example.com,Kolkata,West Bengal,India,2025-06-03,Occasional
1865,Jalsa Sha,customer1865@example.com,Hyderabad,Telangana,India,2025-05-24,Regular
1866,Pavani Sabharwal,customer1866@example.com,Jaipur,Rajasthan,India,2021-11-01,Regular
1867,David Sandal,customer1867@example.com,Mumbai,Maharashtra,India,2021-09-12,Regular
1868,Tanish Sehgal,customer1868@example.com,Bhopal,Madhya Pradesh,India,2022-02-09,Regular
1869,Neha Venkataraman,customer1869@example.com,Hyderabad,Telangana,India,2021-08-31,Premium
1870,Wishi Sampath,customer1870@example.com,Delhi,Delhi,India,2024-05-11,Premium
1871,Omaja Gaba,customer1871@example.com,Chennai,Tamil Nadu,India,2024-09-29,Regular
1872,Vedhika Shankar,customer1872@example.com,Kochi,Kerala,India,2022-03-25,Regular
1873,Simon Shah,customer1873@example.com,Visakhapatnam,Andhra Pradesh,India,2022-02-06,New
1874,Naksh Pingle,customer1874@example.com,Ahmedabad,Gujarat,India,2025-01-10,Occasional
1875,Imaran Dara,customer1875@example.com,Delhi,Delhi,India,2022-01-04,Occasional
1876,Banjeet Virk,customer1876@example.com,Pune,Maharashtra,India,2024-02-23,Regular
1877,Kamya Mody,customer1877@example.com,Kochi,Kerala,India,2022-04-22,Regular
1878,Chaitaly Sunder,customer1878@example.com,Bhopal,Madhya Pradesh,India,2024-03-09,Regular
1879,Lucky Sama,customer1879@example.com,Pune,Maharashtra,India,2021-03-28,Regular
1880,Bhanumati Kale,customer1880@example.com,Bengaluru,Karnataka,India,2021-06-01,Premium
1881,Aarnav Das,customer1881@example.com,Jaipur,Rajasthan,India,2022-07-23,Regular
1882,Ekansh Basu,customer1882@example.com,Bhopal,Madhya Pradesh,India,2025-08-29,Occasional
1883,Dayita Sethi,customer1883@example.com,Mumbai,Maharashtra,India,2024-07-21,Premium
1884,Vaishnavi Deo,customer1884@example.com,Kolkata,West Bengal,India,2023-11-16,Regular
1885,Shivani Sen,customer1885@example.com,Kochi,Kerala,India,2022-03-07,Regular
1886,Gaurav Rout,customer1886@example.com,Chennai,Tamil Nadu,India,2022-04-08,New
1887,Megha Nori,customer1887@example.com,Warangal,Telangana,India,2024-04-18,Regular
1888,Saanvi Mall,customer1888@example.com,Chennai,Tamil Nadu,India,2025-08-08,Regular
1889,Aryan More,customer1889@example.com,Coimbatore,Tamil Nadu,India,2021-10-03,Occasional
1890,Frederick Hans,customer1890@example.com,Vijayawada,Andhra Pradesh,India,2025-10-10,Premium
1891,Ranbir Soni,customer1891@example.com,Chennai,Tamil Nadu,India,2025-08-11,Regular
1892,Jai Wali,customer1892@example.com,Kochi,Kerala,India,2025-04-11,Regular
1893,Anvi Jha,customer1893@example.com,Bhopal,Madhya Pradesh,India,2022-07-13,Occasional
1894,Frado Walla,customer1894@example.com,Coimbatore,Tamil Nadu,India,2023-02-02,Regular
1895,Chakradev Swamy,customer1895@example.com,Chennai,Tamil Nadu,India,2023-09-23,Regular
1896,Rajeshri Gole,customer1896@example.com,Kochi,Kerala,India,2021-03-14,Occasional
1897,Edhitha Raja,customer1897@example.com,Pune,Maharashtra,India,2024-07-13,New
1898,Ishwar Chaudhary,customer1898@example.com,Hyderabad,Telangana,India,2023-03-11,Occasional
1899,Bhavika Dhawan,customer1899@example.com,Pune,Maharashtra,India,2025-08-11,New
1900,Gaurav Dube,customer1900@example.com,Jaipur,Rajasthan,India,2022-07-22,Premium
1901,Omkaar Bhargava,customer1901@example.com,Chennai,Tamil Nadu,India,2023-08-12,Occasional
1902,Avi Bhardwaj,customer1902@example.com,Kochi,Kerala,India,2023-10-08,Occasional
1903,Hardik Nagarajan,customer1903@example.com,Kolkata,West Bengal,India,2023-07-15,Regular
1904,Ekiya Kuruvilla,customer1904@example.com,Bengaluru,Karnataka,India,2022-03-19,Regular
1905,Charles Jain,customer1905@example.com,Warangal,Telangana,India,2024-03-12,Premium
1906,Waida Trivedi,customer1906@example.com,Jaipur,Rajasthan,India,2023-01-15,Regular
1907,Ishwar Luthra,customer1907@example.com,Ahmedabad,Gujarat,India,2025-04-17,Regular
1908,Ucchal Ray,customer1908@example.com,Pune,Maharashtra,India,2021-07-08,New
1909,Ayush Reddy,customer1909@example.com,Chennai,Tamil Nadu,India,2021-07-23,Occasional
1910,Amruta Chaudhuri,customer1910@example.com,Pune,Maharashtra,India,2022-12-28,Occasional
1911,Daksha Ray,customer1911@example.com,Bhopal,Madhya Pradesh,India,2023-02-05,Occasional
1912,Xiti Jani,customer1912@example.com,Coimbatore,Tamil Nadu,India,2024-10-17,Regular
1913,Om Korpal,customer1913@example.com,Hyderabad,Telangana,India,2022-03-19,Premium
1914,Siya Barman,customer1914@example.com,Vijayawada,Andhra Pradesh,India,2025-07-29,New
1915,Bimala Ganesh,customer1915@example.com,Kochi,Kerala,India,2021-01-04,Premium
1916,Vasatika Mahajan,customer1916@example.com,Ahmedabad,Gujarat,India,2021-01-02,Occasional
1917,Indali Kala,customer1917@example.com,Warangal,Telangana,India,2023-02-19,Regular
1918,Chakradev Edwin,customer1918@example.com,Visakhapatnam,Andhra Pradesh,India,2025-12-24,Regular
1919,Charita Chakraborty,customer1919@example.com,Warangal,Telangana,India,2025-07-18,Regular
1920,Logan Mammen,customer1920@example.com,Pune,Maharashtra,India,2024-05-13,Premium
1921,Yamini Nadkarni,customer1921@example.com,Bengaluru,Karnataka,India,2024-09-04,Occasional
1922,Sneha Mahajan,customer1922@example.com,Delhi,Delhi,India,2023-12-01,Occasional
1923,Harita Kade,customer1923@example.com,Kolkata,West Bengal,India,2023-02-04,Regular
1924,Amol Deol,customer1924@example.com,Bengaluru,Karnataka,India,2024-11-29,Occasional
1925,Aayush Andra,customer1925@example.com,Ahmedabad,Gujarat,India,2021-01-07,Occasional
1926,Vrinda Ramaswamy,customer1926@example.com,Bhopal,Madhya Pradesh,India,2022-06-24,Regular
1927,Faras Yohannan,customer1927@example.com,Pune,Maharashtra,India,2025-07-30,Regular
1928,Jatin Pandit,customer1928@example.com,Jaipur,Rajasthan,India,2021-04-07,Occasional
1929,Lila Goel,customer1929@example.com,Delhi,Delhi,India,2024-03-15,Regular
1930,Turvi Prabhakar,customer1930@example.com,Vijayawada,Andhra Pradesh,India,2021-01-27,Regular
1931,Aditya Kant,customer1931@example.com,Bengaluru,Karnataka,India,2022-08-23,Occasional
1932,Ishita Handa,customer1932@example.com,Vijayawada,Andhra Pradesh,India,2021-03-03,New
1933,Timothy Kaur,customer1933@example.com,Delhi,Delhi,India,2021-10-07,Occasional
1934,Balhaar Mand,customer1934@example.com,Kochi,Kerala,India,2025-03-15,New
1935,Abhimanyu Hayre,customer1935@example.com,Hyderabad,Telangana,India,2025-03-12,Regular
1936,Arunima Tella,customer1936@example.com,Pune,Maharashtra,India,2024-05-15,New
1937,Rishi Gill,customer1937@example.com,Jaipur,Rajasthan,India,2025-03-15,Regular
1938,Dhruv Datta,customer1938@example.com,Jaipur,Rajasthan,India,2021-07-23,Premium
1939,Anusha Handa,customer1939@example.com,Kolkata,West Bengal,India,2023-03-18,Premium
1940,Sudiksha Agate,customer1940@example.com,Vijayawada,Andhra Pradesh,India,2021-03-13,Premium
1941,Ekantika Sankaran,customer1941@example.com,Pune,Maharashtra,India,2024-08-19,New
1942,Jairaj Vasa,customer1942@example.com,Bengaluru,Karnataka,India,2024-06-18,Regular
1943,Janaki Varughese,customer1943@example.com,Warangal,Telangana,India,2024-12-20,Occasional
1944,Champak Mall,customer1944@example.com,Visakhapatnam,Andhra Pradesh,India,2021-05-16,Regular
1945,Diya Ahluwalia,customer1945@example.com,Bhopal,Madhya Pradesh,India,2024-07-29,Regular
1946,Gaurika Bumb,customer1946@example.com,Hyderabad,Telangana,India,2024-05-02,Regular
1947,Upkaar Sampath,customer1947@example.com,Chennai,Tamil Nadu,India,2025-11-12,Occasional
1948,Ronith Gala,customer1948@example.com,Pune,Maharashtra,India,2021-08-20,Regular
1949,Dev Chatterjee,customer1949@example.com,Warangal,Telangana,India,2023-10-20,Occasional
1950,Rachana Bajwa,customer1950@example.com,Hyderabad,Telangana,India,2021-03-28,Regular
1951,Yug Chokshi,customer1951@example.com,Vijayawada,Andhra Pradesh,India,2023-11-05,Regular
1952,Harini Bhagat,customer1952@example.com,Bengaluru,Karnataka,India,2025-01-11,Occasional
1953,Elijah Sarna,customer1953@example.com,Kolkata,West Bengal,India,2023-11-03,Occasional
1954,Jeet Chada,customer1954@example.com,Pune,Maharashtra,India,2021-10-25,Regular
1955,Krishna Munshi,customer1955@example.com,Warangal,Telangana,India,2021-07-08,Occasional
1956,David Sathe,customer1956@example.com,Kochi,Kerala,India,2021-07-22,Occasional
1957,Rachana Bhatti,customer1957@example.com,Visakhapatnam,Andhra Pradesh,India,2021-06-20,Occasional
1958,Charles Menon,customer1958@example.com,Chennai,Tamil Nadu,India,2021-11-13,Regular
1959,Gopal Roy,customer1959@example.com,Warangal,Telangana,India,2024-03-31,Occasional
1960,Sudiksha Rajagopalan,customer1960@example.com,Hyderabad,Telangana,India,2022-12-26,Regular
1961,Harrison Nori,customer1961@example.com,Pune,Maharashtra,India,2024-12-13,Regular
1962,Zansi Narasimhan,customer1962@example.com,Warangal,Telangana,India,2021-03-22,Premium
1963,Harshil Arora,customer1963@example.com,Bengaluru,Karnataka,India,2022-08-22,Occasional
1964,Jonathan Upadhyay,customer1964@example.com,Bengaluru,Karnataka,India,2021-07-29,Occasional
1965,Oviya Srivastava,customer1965@example.com,Ahmedabad,Gujarat,India,2023-03-08,New
1966,Xavier Devan,customer1966@example.com,Warangal,Telangana,India,2024-10-13,Regular
1967,Joshua Muni,customer1967@example.com,Jaipur,Rajasthan,India,2021-05-17,Occasional
1968,Yochana Parmar,customer1968@example.com,Vijayawada,Andhra Pradesh,India,2025-12-22,Premium
1969,Manan Singh,customer1969@example.com,Visakhapatnam,Andhra Pradesh,India,2023-08-25,Regular
1970,Bishakha Pillay,customer1970@example.com,Bhopal,Madhya Pradesh,India,2023-08-18,Regular
1971,Dakshesh Khanna,customer1971@example.com,Hyderabad,Telangana,India,2021-01-26,Premium
1972,Pahal Padmanabhan,customer1972@example.com,Chennai,Tamil Nadu,India,2025-04-25,New
1973,Saksham Biswas,customer1973@example.com,Delhi,Delhi,India,2022-08-31,Occasional
1974,Vamakshi Sibal,customer1974@example.com,Vijayawada,Andhra Pradesh,India,2023-11-28,New
1975,Chandani Sahota,customer1975@example.com,Ahmedabad,Gujarat,India,2023-10-26,Regular
1976,Henry Sha,customer1976@example.com,Mumbai,Maharashtra,India,2023-10-18,Regular
1977,Theodore Aggarwal,customer1977@example.com,Warangal,Telangana,India,2021-05-12,Premium
1978,Unnati Kala,customer1978@example.com,Jaipur,Rajasthan,India,2022-11-24,Regular
1979,Garima Prashad,customer1979@example.com,Kolkata,West Bengal,India,2023-01-13,Regular
1980,Qarin Ahuja,customer1980@example.com,Pune,Maharashtra,India,2022-09-30,Premium
1981,Ethan Parmar,customer1981@example.com,Warangal,Telangana,India,2024-02-02,Regular
1982,Lucky Mannan,customer1982@example.com,Visakhapatnam,Andhra Pradesh,India,2021-04-04,Regular
1983,Jagvi Bassi,customer1983@example.com,Kolkata,West Bengal,India,2024-09-30,Regular
1984,Rudra Mander,customer1984@example.com,Hyderabad,Telangana,India,2021-04-03,Regular
1985,Adweta Ghosh,customer1985@example.com,Visakhapatnam,Andhra Pradesh,India,2022-06-26,Regular
1986,Pranav Hayre,customer1986@example.com,Warangal,Telangana,India,2023-11-22,Regular
1987,Adweta Chaudhuri,customer1987@example.com,Warangal,Telangana,India,2021-03-08,Regular
1988,Ladli Choudhry,customer1988@example.com,Delhi,Delhi,India,2021-03-07,Regular
1989,Dalaja Shan,customer1989@example.com,Bhopal,Madhya Pradesh,India,2023-11-18,Occasional
1990,Kashish Garg,customer1990@example.com,Warangal,Telangana,India,2023-01-17,Regular
1991,Dhruv Dani,customer1991@example.com,Delhi,Delhi,India,2025-06-26,Regular
1992,Ranveer Handa,customer1992@example.com,Bhopal,Madhya Pradesh,India,2022-03-25,Regular
1993,Kavya Nadkarni,customer1993@example.com,Bengaluru,Karnataka,India,2025-07-13,Regular
1994,Chakradhar Gulati,customer1994@example.com,Mumbai,Maharashtra,India,2024-08-27,Regular
1995,Manthan Narang,customer1995@example.com,Mumbai,Maharashtra,India,2025-07-22,Regular
1996,Ati Date,customer1996@example.com,Mumbai,Maharashtra,India,2023-02-07,Regular
1997,Shaurya Bumb,customer1997@example.com,Bengaluru,Karnataka,India,2025-04-29,Occasional
1998,Oliver Trivedi,customer1998@example.com,Visakhapatnam,Andhra Pradesh,India,2025-01-02,Premium
1999,Wishi Venkataraman,customer1999@example.com,Visakhapatnam,Andhra Pradesh,India,2024-04-20,Regular
2000,Ekanta Prakash,customer2000@example.com,Ahmedabad,Gujarat,India,2024-12-13,Regular
2001,Warda Som,customer2001@example.com,Kochi,Kerala,India,2025-06-21,Regular
2002,Balhaar Johal,customer2002@example.com,Ahmedabad,Gujarat,India,2023-04-14,Premium
2003,Siya Keer,customer2003@example.com,Delhi,Delhi,India,2022-11-14,Occasional
2004,Damini Sandal,customer2004@example.com,Delhi,Delhi,India,2024-05-15,New
2005,Kavya Kumar,customer2005@example.com,Visakhapatnam,Andhra Pradesh,India,2024-03-17,Occasional
2006,Krish Chad,customer2006@example.com,Kolkata,West Bengal,India,2025-09-07,Regular
2007,Zilmil Pandey,customer2007@example.com,Chennai,Tamil Nadu,India,2023-07-06,Regular
2008,Udyati Vala,customer2008@example.com,Warangal,Telangana,India,2022-12-17,Regular
2009,Shravya Sibal,customer2009@example.com,Coimbatore,Tamil Nadu,India,2023-11-12,Occasional
2010,Jhalak Tank,customer2010@example.com,Ahmedabad,Gujarat,India,2024-09-05,Regular
2011,Lavanya Bakshi,customer2011@example.com,Ahmedabad,Gujarat,India,2023-09-12,Occasional
2012,Vivaan Lanka,customer2012@example.com,Visakhapatnam,Andhra Pradesh,India,2022-07-12,New
2013,Fitan Menon,customer2013@example.com,Bengaluru,Karnataka,India,2021-08-24,Premium
2014,Aradhana Kari,customer2014@example.com,Kochi,Kerala,India,2025-04-08,Regular
2015,Ekbal Parsa,customer2015@example.com,Bengaluru,Karnataka,India,2021-11-02,New
2016,Gauri Hegde,customer2016@example.com,Kochi,Kerala,India,2021-04-29,Regular
2017,Chasmum Maharaj,customer2017@example.com,Hyderabad,Telangana,India,2023-10-20,Regular
2018,Advika Anand,customer2018@example.com,Visakhapatnam,Andhra Pradesh,India,2022-08-16,Regular
2019,Hiral Raval,customer2019@example.com,Coimbatore,Tamil Nadu,India,2023-07-20,Regular
2020,Urmi Vala,customer2020@example.com,Coimbatore,Tamil Nadu,India,2024-06-14,Regular
2021,Vedant Karan,customer2021@example.com,Pune,Maharashtra,India,2022-04-09,New
2022,Vivaan Varty,customer2022@example.com,Bhopal,Madhya Pradesh,India,2022-10-15,Occasional
2023,Triya Oak,customer2023@example.com,Warangal,Telangana,India,2025-12-29,Regular
2024,Raghav Sanghvi,customer2024@example.com,Delhi,Delhi,India,2021-09-24,Regular
2025,Reva Sengupta,customer2025@example.com,Coimbatore,Tamil Nadu,India,2024-07-21,Regular
2026,Kavya Dewan,customer2026@example.com,Kolkata,West Bengal,India,2025-10-02,New
2027,Dalaja Andra,customer2027@example.com,Hyderabad,Telangana,India,2025-11-30,Occasional
2028,Harinakshi Kar,customer2028@example.com,Jaipur,Rajasthan,India,2025-04-02,Regular
2029,Netra Yogi,customer2029@example.com,Kochi,Kerala,India,2024-07-26,Regular
2030,Arin Balay,customer2030@example.com,Delhi,Delhi,India,2023-07-20,Premium
2031,Ganga Raman,customer2031@example.com,Jaipur,Rajasthan,India,2022-03-09,Regular
2032,Mahika Bhatt,customer2032@example.com,Kochi,Kerala,India,2024-03-30,New
2033,Raghav Soman,customer2033@example.com,Warangal,Telangana,India,2025-07-19,New
2034,Siya Modi,customer2034@example.com,Jaipur,Rajasthan,India,2021-12-04,Occasional
2035,Hemang Goel,customer2035@example.com,Kochi,Kerala,India,2021-10-17,Regular
2036,Avi Grover,customer2036@example.com,Ahmedabad,Gujarat,India,2021-04-10,Occasional
2037,Libni Mander,customer2037@example.com,Bhopal,Madhya Pradesh,India,2022-09-11,Regular
2038,Bishakha Viswanathan,customer2038@example.com,Delhi,Delhi,India,2022-10-02,Occasional
2039,Dakshesh Pillay,customer2039@example.com,Jaipur,Rajasthan,India,2021-08-06,Regular
2040,Onveer Narain,customer2040@example.com,Hyderabad,Telangana,India,2025-05-31,Regular
2041,Naksh Choudhry,customer2041@example.com,Delhi,Delhi,India,2024-06-30,Premium
2042,Vanya Biswas,customer2042@example.com,Jaipur,Rajasthan,India,2022-02-06,Occasional
2043,Kalpit Jha,customer2043@example.com,Delhi,Delhi,India,2024-04-23,Premium
2044,Vaishnavi Dutt,customer2044@example.com,Bhopal,Madhya Pradesh,India,2023-08-21,Occasional
2045,Samaksh Thakkar,customer2045@example.com,Vijayawada,Andhra Pradesh,India,2025-11-22,Regular
2046,Saksham Amble,customer2046@example.com,Vijayawada,Andhra Pradesh,India,2024-11-26,Regular
2047,Devansh Rastogi,customer2047@example.com,Mumbai,Maharashtra,India,2022-03-20,Occasional
2048,Vritti Sharma,customer2048@example.com,Hyderabad,Telangana,India,2023-02-06,Regular
2049,Gavin Mani,customer2049@example.com,Kochi,Kerala,India,2024-12-08,Regular
2050,Chameli Raman,customer2050@example.com,Mumbai,Maharashtra,India,2024-11-18,Occasional
2051,Zaid Gola,customer2051@example.com,Coimbatore,Tamil Nadu,India,2022-06-29,Occasional
2052,Leena Goswami,customer2052@example.com,Warangal,Telangana,India,2024-09-04,New
2053,Maya Bassi,customer2053@example.com,Chennai,Tamil Nadu,India,2025-11-02,Premium
2054,Anusha Yogi,customer2054@example.com,Vijayawada,Andhra Pradesh,India,2023-01-15,Regular
2055,Teerth Tak,customer2055@example.com,Coimbatore,Tamil Nadu,India,2023-06-26,Regular
2056,Jyoti Bose,customer2056@example.com,Vijayawada,Andhra Pradesh,India,2024-07-01,Regular
2057,Nimrat Seshadri,customer2057@example.com,Visakhapatnam,Andhra Pradesh,India,2021-11-23,Premium
2058,Sarthak Toor,customer2058@example.com,Kolkata,West Bengal,India,2022-05-28,Regular
2059,Avi Bora,customer2059@example.com,Coimbatore,Tamil Nadu,India,2021-05-19,Regular
2060,Hemal Rastogi,customer2060@example.com,Kolkata,West Bengal,India,2024-12-06,Occasional
2061,Baljiwan Anne,customer2061@example.com,Coimbatore,Tamil Nadu,India,2022-08-27,Regular
2062,Laban Narain,customer2062@example.com,Hyderabad,Telangana,India,2023-02-18,Regular
2063,Triya Bir,customer2063@example.com,Bengaluru,Karnataka,India,2024-12-13,Premium
2064,Raksha Dey,customer2064@example.com,Vijayawada,Andhra Pradesh,India,2021-09-14,Regular
2065,Neel Garde,customer2065@example.com,Bengaluru,Karnataka,India,2025-01-02,Occasional
2066,Peter Menon,customer2066@example.com,Ahmedabad,Gujarat,India,2021-02-26,Occasional
2067,Om Brahmbhatt,customer2067@example.com,Hyderabad,Telangana,India,2022-01-21,Regular
2068,Mitesh Sastry,customer2068@example.com,Bhopal,Madhya Pradesh,India,2021-02-04,Occasional
2069,Tarak Banerjee,customer2069@example.com,Coimbatore,Tamil Nadu,India,2024-01-18,Premium
2070,Riya Batta,customer2070@example.com,Hyderabad,Telangana,India,2025-07-12,Regular
2071,Madhavi Morar,customer2071@example.com,Bhopal,Madhya Pradesh,India,2025-06-13,Regular
2072,Aayush Bava,customer2072@example.com,Chennai,Tamil Nadu,India,2024-10-11,Regular
2073,Zaid Prasad,customer2073@example.com,Coimbatore,Tamil Nadu,India,2024-03-18,Regular
2074,Gavin Babu,customer2074@example.com,Delhi,Delhi,India,2023-01-12,Regular
2075,Akshay Nazareth,customer2075@example.com,Warangal,Telangana,India,2024-08-03,Occasional
2076,Thomas Char,customer2076@example.com,Chennai,Tamil Nadu,India,2022-08-20,Regular
2077,Chaitanya Sagar,customer2077@example.com,Jaipur,Rajasthan,India,2022-06-06,Regular
2078,Eta Naidu,customer2078@example.com,Coimbatore,Tamil Nadu,India,2025-05-12,Regular
2079,Sarthak Rana,customer2079@example.com,Ahmedabad,Gujarat,India,2025-10-13,Regular
2080,Vincent Kala,customer2080@example.com,Bengaluru,Karnataka,India,2024-08-22,Occasional
2081,Ekiya Ghose,customer2081@example.com,Mumbai,Maharashtra,India,2021-11-25,Occasional
2082,Diya Arora,customer2082@example.com,Vijayawada,Andhra Pradesh,India,2021-02-16,Premium
2083,Tara Kannan,customer2083@example.com,Hyderabad,Telangana,India,2024-04-24,Regular
2084,Jyoti Bassi,customer2084@example.com,Bengaluru,Karnataka,India,2021-07-25,Occasional
2085,Nirja Mitra,customer2085@example.com,Kochi,Kerala,India,2021-07-29,New
2086,Onveer Krishnamurthy,customer2086@example.com,Coimbatore,Tamil Nadu,India,2025-04-02,Regular
2087,Lipika Deol,customer2087@example.com,Chennai,Tamil Nadu,India,2021-10-22,Occasional
2088,Eesha Subramaniam,customer2088@example.com,Mumbai,Maharashtra,India,2023-10-29,Occasional
2089,Andrew Sen,customer2089@example.com,Ahmedabad,Gujarat,India,2021-07-29,Premium
2090,Yahvi Arya,customer2090@example.com,Kochi,Kerala,India,2024-04-02,New
2091,Jeet More,customer2091@example.com,Visakhapatnam,Andhra Pradesh,India,2022-12-24,Premium
2092,Yagnesh Buch,customer2092@example.com,Bhopal,Madhya Pradesh,India,2023-01-05,Premium
2093,Kavya Tara,customer2093@example.com,Bengaluru,Karnataka,India,2021-07-06,Regular
2094,Max Prashad,customer2094@example.com,Hyderabad,Telangana,India,2023-07-11,Regular
2095,Wazir Sawhney,customer2095@example.com,Jaipur,Rajasthan,India,2022-09-28,Occasional
2096,Arunima Nadkarni,customer2096@example.com,Mumbai,Maharashtra,India,2023-10-19,Occasional
2097,Bhavya Bajwa,customer2097@example.com,Vijayawada,Andhra Pradesh,India,2021-05-04,Regular
2098,Hema Kibe,customer2098@example.com,Delhi,Delhi,India,2022-12-13,Occasional
2099,Yuvraj Kapadia,customer2099@example.com,Coimbatore,Tamil Nadu,India,2022-10-02,Regular
2100,Qadim Sathe,customer2100@example.com,Mumbai,Maharashtra,India,2024-03-31,Regular
2101,Vyanjana Boase,customer2101@example.com,Mumbai,Maharashtra,India,2021-01-19,Occasional
2102,Lohit Jayaraman,customer2102@example.com,Coimbatore,Tamil Nadu,India,2022-08-21,Regular
2103,Oscar Jayaraman,customer2103@example.com,Jaipur,Rajasthan,India,2022-01-26,Premium
2104,Pooja Sibal,customer2104@example.com,Ahmedabad,Gujarat,India,2023-01-05,New
2105,Rudra Konda,customer2105@example.com,Coimbatore,Tamil Nadu,India,2023-08-26,Occasional
2106,Yuvraj Mitter,customer2106@example.com,Ahmedabad,Gujarat,India,2024-08-10,Regular
2107,Saksham Magar,customer2107@example.com,Jaipur,Rajasthan,India,2023-06-06,Regular
2108,Jagvi Rao,customer2108@example.com,Visakhapatnam,Andhra Pradesh,India,2025-02-03,Premium
2109,Urishilla Sastry,customer2109@example.com,Warangal,Telangana,India,2024-03-19,Regular
2110,Nachiket Subramaniam,customer2110@example.com,Mumbai,Maharashtra,India,2024-08-06,Regular
2111,Prisha Chacko,customer2111@example.com,Coimbatore,Tamil Nadu,India,2021-03-03,Regular
2112,Parth Kurian,customer2112@example.com,Visakhapatnam,Andhra Pradesh,India,2023-07-22,Occasional
2113,Damini Setty,customer2113@example.com,Bhopal,Madhya Pradesh,India,2024-03-28,Occasional
2114,Vasana Bora,customer2114@example.com,Chennai,Tamil Nadu,India,2023-05-30,Premium
2115,Upasna Hayre,customer2115@example.com,Kochi,Kerala,India,2023-11-02,Regular
2116,Aayush Arya,customer2116@example.com,Hyderabad,Telangana,India,2022-04-26,Occasional
2117,Vyanjana Ravel,customer2117@example.com,Kochi,Kerala,India,2025-04-05,Occasional
2118,Kashvi Rajagopalan,customer2118@example.com,Delhi,Delhi,India,2024-07-15,Occasional
2119,Ekavir Rege,customer2119@example.com,Visakhapatnam,Andhra Pradesh,India,2025-03-01,Premium
2120,Lekha Gaba,customer2120@example.com,Hyderabad,Telangana,India,2021-05-01,Occasional
2121,Aadhya Pall,customer2121@example.com,Mumbai,Maharashtra,India,2022-08-27,Regular
2122,Jyoti Bhardwaj,customer2122@example.com,Delhi,Delhi,India,2025-05-03,Regular
2123,Yatin Kibe,customer2123@example.com,Vijayawada,Andhra Pradesh,India,2024-04-12,Premium
2124,Janaki Bala,customer2124@example.com,Vijayawada,Andhra Pradesh,India,2025-01-24,New
2125,Tamanna Din,customer2125@example.com,Coimbatore,Tamil Nadu,India,2022-04-05,Regular
2126,Neel Arora,customer2126@example.com,Vijayawada,Andhra Pradesh,India,2023-03-02,Occasional
2127,Leena Rao,customer2127@example.com,Visakhapatnam,Andhra Pradesh,India,2021-12-29,Regular
2128,Zarna Gulati,customer2128@example.com,Kochi,Kerala,India,2025-12-27,Regular
2129,Prisha Krishnan,customer2129@example.com,Visakhapatnam,Andhra Pradesh,India,2024-08-07,Regular
2130,Darika Sabharwal,customer2130@example.com,Mumbai,Maharashtra,India,2023-07-28,Occasional
2131,Hemangini Dhar,customer2131@example.com,Coimbatore,Tamil Nadu,India,2021-10-04,Occasional
2132,Mitali Morar,customer2132@example.com,Ahmedabad,Gujarat,India,2023-04-16,Regular
2133,Vyanjana Agarwal,customer2133@example.com,Warangal,Telangana,India,2021-01-20,Regular
2134,Omisha Vohra,customer2134@example.com,Vijayawada,Andhra Pradesh,India,2021-10-28,Regular
2135,Raagini Garde,customer2135@example.com,Kochi,Kerala,India,2024-07-19,Regular
2136,Quincy Desai,customer2136@example.com,Bhopal,Madhya Pradesh,India,2022-07-03,Regular
2137,Qabil Thakkar,customer2137@example.com,Visakhapatnam,Andhra Pradesh,India,2022-09-08,Occasional
2138,Simon Grewal,customer2138@example.com,Visakhapatnam,Andhra Pradesh,India,2021-12-09,Premium
2139,Qadim Handa,customer2139@example.com,Pune,Maharashtra,India,2022-09-17,Regular
2140,Ridhi Chopra,customer2140@example.com,Coimbatore,Tamil Nadu,India,2023-03-17,Regular
2141,Chaaya Chada,customer2141@example.com,Kochi,Kerala,India,2022-06-01,Occasional
2142,Aradhana Bhatt,customer2142@example.com,Pune,Maharashtra,India,2024-03-19,Regular
2143,Wahab Sridhar,customer2143@example.com,Mumbai,Maharashtra,India,2023-11-30,Regular
2144,Aditya Bhat,customer2144@example.com,Warangal,Telangana,India,2025-02-16,Regular
2145,Benjamin Chatterjee,customer2145@example.com,Coimbatore,Tamil Nadu,India,2023-04-07,Regular
2146,Keya Venkatesh,customer2146@example.com,Jaipur,Rajasthan,India,2022-10-18,New
2147,Urvashi Nazareth,customer2147@example.com,Warangal,Telangana,India,2023-04-06,Regular
2148,Kamala Oza,customer2148@example.com,Chennai,Tamil Nadu,India,2024-08-27,Regular
2149,Jalsa Rastogi,customer2149@example.com,Coimbatore,Tamil Nadu,India,2023-09-07,Occasional
2150,Ishani Narayanan,customer2150@example.com,Ahmedabad,Gujarat,India,2024-03-21,Regular
2151,Tanmayi Ratti,customer2151@example.com,Hyderabad,Telangana,India,2021-11-08,Occasional
2152,Jason Wali,customer2152@example.com,Bengaluru,Karnataka,India,2022-03-08,Premium
2153,Jyoti Seth,customer2153@example.com,Chennai,Tamil Nadu,India,2023-05-19,Regular
2154,Raghav Aggarwal,customer2154@example.com,Jaipur,Rajasthan,India,2025-01-16,Occasional
2155,Jagvi Bath,customer2155@example.com,Kolkata,West Bengal,India,2023-09-28,Premium
2156,Vivaan Sundaram,customer2156@example.com,Coimbatore,Tamil Nadu,India,2023-10-09,Occasional
2157,Ijaya Sangha,customer2157@example.com,Kochi,Kerala,India,2024-05-28,Premium
2158,Lekha Memon,customer2158@example.com,Pune,Maharashtra,India,2025-01-19,Regular
2159,Zinal Thaman,customer2159@example.com,Bengaluru,Karnataka,India,2022-08-30,Regular
2160,Widisha Chahal,customer2160@example.com,Hyderabad,Telangana,India,2021-04-09,Premium
2161,Om Sehgal,customer2161@example.com,Mumbai,Maharashtra,India,2023-07-26,Regular
2162,Wridesh Kohli,customer2162@example.com,Kochi,Kerala,India,2021-12-26,Regular
2163,Gaurav Cherian,customer2163@example.com,Kochi,Kerala,India,2022-10-20,Regular
2164,Naveen Narain,customer2164@example.com,Kochi,Kerala,India,2024-09-13,Occasional
2165,Thomas Kurian,customer2165@example.com,Warangal,Telangana,India,2024-04-06,Premium
2166,Laban Warrior,customer2166@example.com,Delhi,Delhi,India,2025-01-19,Regular
2167,Gaurangi Kapur,customer2167@example.com,Delhi,Delhi,India,2025-03-09,Regular
2168,Hemal Purohit,customer2168@example.com,Kolkata,West Bengal,India,2025-11-25,Regular
2169,Viraj Kapoor,customer2169@example.com,Hyderabad,Telangana,India,2024-03-31,Regular
2170,Bina Chahal,customer2170@example.com,Vijayawada,Andhra Pradesh,India,2023-03-16,Regular
2171,Harini Guha,customer2171@example.com,Hyderabad,Telangana,India,2021-12-13,Occasional
2172,Joshua Munshi,customer2172@example.com,Kochi,Kerala,India,2021-12-27,Occasional
2173,Deepa Bhatia,customer2173@example.com,Chennai,Tamil Nadu,India,2024-03-27,Premium
2174,Lipika Sampath,customer2174@example.com,Hyderabad,Telangana,India,2025-07-23,Regular
2175,Jonathan Venkatesh,customer2175@example.com,Chennai,Tamil Nadu,India,2023-09-21,Regular
2176,Megha Andra,customer2176@example.com,Bhopal,Madhya Pradesh,India,2022-11-22,Regular
2177,Diya Dhillon,customer2177@example.com,Bengaluru,Karnataka,India,2025-07-31,Premium
2178,Xalak Shah,customer2178@example.com,Ahmedabad,Gujarat,India,2023-07-12,Regular
2179,Madhav Banerjee,customer2179@example.com,Bengaluru,Karnataka,India,2022-04-04,Premium
2180,Yadavi Dasgupta,customer2180@example.com,Hyderabad,Telangana,India,2023-09-22,Regular
2181,Tanveer Talwar,customer2181@example.com,Mumbai,Maharashtra,India,2023-04-30,Regular
2182,Daniel Nath,customer2182@example.com,Ahmedabad,Gujarat,India,2023-06-25,Regular
2183,Umang Ben,customer2183@example.com,Pune,Maharashtra,India,2022-04-20,Regular
2184,Manya Mistry,customer2184@example.com,Visakhapatnam,Andhra Pradesh,India,2022-07-11,New
2185,Manya Nazareth,customer2185@example.com,Pune,Maharashtra,India,2022-05-10,New
2186,Ijaya Raman,customer2186@example.com,Kolkata,West Bengal,India,2024-08-05,Regular
2187,Barkha Mandal,customer2187@example.com,Chennai,Tamil Nadu,India,2024-04-29,Regular
2188,Gunbir Deep,customer2188@example.com,Bhopal,Madhya Pradesh,India,2022-08-30,New
2189,Daksha Shankar,customer2189@example.com,Delhi,Delhi,India,2023-10-02,Premium
2190,Riya Subramanian,customer2190@example.com,Chennai,Tamil Nadu,India,2022-05-24,Occasional
2191,Shaurya Kamdar,customer2191@example.com,Bengaluru,Karnataka,India,2023-06-24,Regular
2192,Janaki Chaudry,customer2192@example.com,Hyderabad,Telangana,India,2022-08-31,Regular
2193,Prisha Ganguly,customer2193@example.com,Bengaluru,Karnataka,India,2022-04-04,Premium
2194,Ishani Som,customer2194@example.com,Vijayawada,Andhra Pradesh,India,2021-06-25,Occasional
2195,Jacob Varma,customer2195@example.com,Hyderabad,Telangana,India,2022-07-13,Regular
2196,Manthan Raval,customer2196@example.com,Visakhapatnam,Andhra Pradesh,India,2023-11-18,Regular
2197,Jagat Khosla,customer2197@example.com,Ahmedabad,Gujarat,India,2023-02-01,Regular
2198,Chasmum Gera,customer2198@example.com,Jaipur,Rajasthan,India,2024-05-17,New
2199,Ubika Raja,customer2199@example.com,Visakhapatnam,Andhra Pradesh,India,2024-03-12,Premium
2200,Jhalak Apte,customer2200@example.com,Coimbatore,Tamil Nadu,India,2023-05-06,Premium
2201,Fitan Dara,customer2201@example.com,Vijayawada,Andhra Pradesh,India,2022-01-08,Premium
2202,Arin Srinivasan,customer2202@example.com,Kolkata,West Bengal,India,2025-02-28,Regular
2203,Pratyush Rajagopalan,customer2203@example.com,Ahmedabad,Gujarat,India,2023-05-01,Regular
2204,Chanchal Dass,customer2204@example.com,Vijayawada,Andhra Pradesh,India,2025-02-13,Regular
2205,Devansh Yogi,customer2205@example.com,Vijayawada,Andhra Pradesh,India,2021-11-05,Occasional
2206,Anmol Ramesh,customer2206@example.com,Hyderabad,Telangana,India,2022-07-29,Regular
2207,Devansh Venkataraman,customer2207@example.com,Visakhapatnam,Andhra Pradesh,India,2025-09-24,Premium
2208,Sarthak Dalal,customer2208@example.com,Ahmedabad,Gujarat,India,2025-12-22,Regular
2209,Abdul Sekhon,customer2209@example.com,Jaipur,Rajasthan,India,2022-07-16,Occasional
2210,Balveer Dave,customer2210@example.com,Delhi,Delhi,India,2023-09-04,Occasional
2211,Neel Chahal,customer2211@example.com,Warangal,Telangana,India,2025-11-22,Regular
2212,Bakhshi Chad,customer2212@example.com,Jaipur,Rajasthan,India,2025-10-14,Premium
2213,Januja Garg,customer2213@example.com,Warangal,Telangana,India,2022-01-23,Occasional
2214,Yuvraj Mital,customer2214@example.com,Kolkata,West Bengal,India,2024-08-07,Regular
2215,Sai Dey,customer2215@example.com,Chennai,Tamil Nadu,India,2021-05-24,Occasional
2216,Dhriti Virk,customer2216@example.com,Coimbatore,Tamil Nadu,India,2025-11-28,Regular
2217,Hardik Basu,customer2217@example.com,Chennai,Tamil Nadu,India,2023-12-30,Regular
2218,Raghav Dhar,customer2218@example.com,Delhi,Delhi,India,2023-01-07,Regular
2219,Krish Kalita,customer2219@example.com,Hyderabad,Telangana,India,2023-07-21,Regular
2220,Kabir Sami,customer2220@example.com,Bhopal,Madhya Pradesh,India,2024-01-21,Regular
2221,Abha Raj,customer2221@example.com,Bhopal,Madhya Pradesh,India,2021-08-20,Regular
2222,Tanmayi Chacko,customer2222@example.com,Chennai,Tamil Nadu,India,2022-05-23,Premium
2223,Luke Wason,customer2223@example.com,Visakhapatnam,Andhra Pradesh,India,2023-03-01,Premium
2224,Amruta Hans,customer2224@example.com,Warangal,Telangana,India,2022-09-26,Occasional
2225,Oni Dube,customer2225@example.com,Visakhapatnam,Andhra Pradesh,India,2024-03-02,Regular
2226,Ladli Bal,customer2226@example.com,Warangal,Telangana,India,2023-09-10,Occasional
2227,Anamika Dash,customer2227@example.com,Warangal,Telangana,India,2023-02-08,Occasional
2228,Niharika Bhatti,customer2228@example.com,Warangal,Telangana,India,2025-07-10,New
2229,Janani Nath,customer2229@example.com,Visakhapatnam,Andhra Pradesh,India,2023-10-21,Regular
2230,Upkaar Mahal,customer2230@example.com,Mumbai,Maharashtra,India,2023-04-29,Regular
2231,Krishna Kapadia,customer2231@example.com,Hyderabad,Telangana,India,2021-01-31,Premium
2232,Jatin Gill,customer2232@example.com,Bengaluru,Karnataka,India,2024-03-22,Occasional
2233,Vrishti Chandran,customer2233@example.com,Coimbatore,Tamil Nadu,India,2025-06-24,Regular
2234,Baghyawati Madan,customer2234@example.com,Kochi,Kerala,India,2025-07-02,Occasional
2235,Onkar Nadkarni,customer2235@example.com,Delhi,Delhi,India,2021-11-04,Occasional
2236,Hemani Wali,customer2236@example.com,Warangal,Telangana,India,2024-04-25,Occasional
2237,Vansha Datta,customer2237@example.com,Bhopal,Madhya Pradesh,India,2025-09-10,Premium
2238,Yochana Dugal,customer2238@example.com,Coimbatore,Tamil Nadu,India,2023-03-16,Premium
2239,Kritika Loke,customer2239@example.com,Visakhapatnam,Andhra Pradesh,India,2022-01-28,Regular
2240,Zaid Sahota,customer2240@example.com,Pune,Maharashtra,India,2021-06-14,Occasional
2241,Reva Pandya,customer2241@example.com,Jaipur,Rajasthan,India,2024-11-23,Regular
2242,Anya Sangha,customer2242@example.com,Vijayawada,Andhra Pradesh,India,2024-12-27,Premium
2243,Dalaja Chahal,customer2243@example.com,Coimbatore,Tamil Nadu,India,2025-06-06,Regular
2244,Dhriti Chana,customer2244@example.com,Warangal,Telangana,India,2023-08-08,Regular
2245,Wriddhish Chander,customer2245@example.com,Kolkata,West Bengal,India,2021-09-04,Regular
2246,Frado Mangal,customer2246@example.com,Delhi,Delhi,India,2022-05-28,Occasional
2247,Advaith Samra,customer2247@example.com,Kolkata,West Bengal,India,2025-09-18,Occasional
2248,Varsha Tank,customer2248@example.com,Visakhapatnam,Andhra Pradesh,India,2025-04-30,Occasional
2249,Nidra Atwal,customer2249@example.com,Bengaluru,Karnataka,India,2025-05-20,Premium
2250,Pavani Warrior,customer2250@example.com,Vijayawada,Andhra Pradesh,India,2022-08-14,Occasional
2251,Brijesh Sen,customer2251@example.com,Coimbatore,Tamil Nadu,India,2023-12-09,Regular
2252,Parth Borde,customer2252@example.com,Delhi,Delhi,India,2022-06-08,New
2253,Yoshita Pandit,customer2253@example.com,Kolkata,West Bengal,India,2024-02-15,Occasional
2254,Warhi Raghavan,customer2254@example.com,Visakhapatnam,Andhra Pradesh,India,2021-06-08,Regular
2255,Isaiah Nigam,customer2255@example.com,Jaipur,Rajasthan,India,2022-06-14,Regular
2256,Bina Mistry,customer2256@example.com,Pune,Maharashtra,India,2023-02-15,Regular
2257,Alka Kala,customer2257@example.com,Coimbatore,Tamil Nadu,India,2025-02-10,Occasional
2258,Teerth Mody,customer2258@example.com,Coimbatore,Tamil Nadu,India,2021-01-07,Occasional
2259,Ubika Sura,customer2259@example.com,Bhopal,Madhya Pradesh,India,2025-05-21,Premium
2260,Abeer Sharma,customer2260@example.com,Bhopal,Madhya Pradesh,India,2021-06-28,Regular
2261,Irya Chhabra,customer2261@example.com,Bhopal,Madhya Pradesh,India,2023-10-18,Regular
2262,Quincy Ratti,customer2262@example.com,Hyderabad,Telangana,India,2021-01-17,Premium
2263,Harrison Sankar,customer2263@example.com,Visakhapatnam,Andhra Pradesh,India,2024-01-07,Regular
2264,Frado Wadhwa,customer2264@example.com,Vijayawada,Andhra Pradesh,India,2025-03-09,Occasional
2265,Nirja Dasgupta,customer2265@example.com,Ahmedabad,Gujarat,India,2025-05-17,Occasional
2266,Nachiket Krishna,customer2266@example.com,Jaipur,Rajasthan,India,2025-02-23,Occasional
2267,Megha Prasad,customer2267@example.com,Chennai,Tamil Nadu,India,2022-12-04,New
2268,Priya Gopal,customer2268@example.com,Visakhapatnam,Andhra Pradesh,India,2023-07-19,Occasional
2269,Ikbal Sarna,customer2269@example.com,Ahmedabad,Gujarat,India,2025-07-25,Regular
2270,Logan Pandya,customer2270@example.com,Vijayawada,Andhra Pradesh,India,2024-09-27,Regular
2271,Jagrati Issac,customer2271@example.com,Delhi,Delhi,India,2024-09-10,Occasional
2272,Bhavani Baria,customer2272@example.com,Chennai,Tamil Nadu,India,2021-12-10,Regular
2273,Oviya Narula,customer2273@example.com,Visakhapatnam,Andhra Pradesh,India,2022-02-20,Occasional
2274,Rushil Srinivas,customer2274@example.com,Delhi,Delhi,India,2021-04-09,Premium
2275,Oviya Suresh,customer2275@example.com,Coimbatore,Tamil Nadu,India,2023-04-06,Regular
2276,Joshua Nair,customer2276@example.com,Jaipur,Rajasthan,India,2025-09-06,Premium
2277,Karan Choudhary,customer2277@example.com,Visakhapatnam,Andhra Pradesh,India,2024-05-27,New
2278,Jonathan Dugal,customer2278@example.com,Ahmedabad,Gujarat,India,2021-12-02,Occasional
2279,Warjas Ben,customer2279@example.com,Coimbatore,Tamil Nadu,India,2023-12-06,Regular
2280,Abhiram Saraf,customer2280@example.com,Bengaluru,Karnataka,India,2023-11-29,Premium
2281,Baghyawati Sunder,customer2281@example.com,Kolkata,West Bengal,India,2025-01-31,Regular
2282,Yug Dua,customer2282@example.com,Pune,Maharashtra,India,2021-09-14,New
2283,Zaid Mand,customer2283@example.com,Hyderabad,Telangana,India,2025-05-08,Regular
2284,Yug Sanghvi,customer2284@example.com,Ahmedabad,Gujarat,India,2021-12-24,Regular
2285,Harshil Thakkar,customer2285@example.com,Delhi,Delhi,India,2022-09-09,Occasional
2286,Manthan Karnik,customer2286@example.com,Warangal,Telangana,India,2022-07-17,Regular
2287,Nandini Barad,customer2287@example.com,Kochi,Kerala,India,2022-01-10,Regular
2288,Madhav Sandhu,customer2288@example.com,Warangal,Telangana,India,2023-05-01,Occasional
2289,Gavin Behl,customer2289@example.com,Kolkata,West Bengal,India,2021-02-24,Regular
2290,Damini Kashyap,customer2290@example.com,Kolkata,West Bengal,India,2024-03-27,Occasional
2291,Pooja Srinivas,customer2291@example.com,Hyderabad,Telangana,India,2022-11-21,Premium
2292,Charan Modi,customer2292@example.com,Delhi,Delhi,India,2021-07-10,Premium
2293,Januja Mand,customer2293@example.com,Ahmedabad,Gujarat,India,2021-12-08,Premium
2294,Yatin Nagarajan,customer2294@example.com,Warangal,Telangana,India,2023-12-27,Occasional
2295,Banjeet Acharya,customer2295@example.com,Jaipur,Rajasthan,India,2021-05-28,Regular
2296,Simon Mangal,customer2296@example.com,Bhopal,Madhya Pradesh,India,2021-06-11,Regular
2297,Harrison Sankar,customer2297@example.com,Chennai,Tamil Nadu,India,2025-01-06,Occasional
2298,Vyanjana Patla,customer2298@example.com,Kolkata,West Bengal,India,2022-07-29,New
2299,Isaac Chatterjee,customer2299@example.com,Pune,Maharashtra,India,2023-11-05,Occasional
2300,Garima Patel,customer2300@example.com,Coimbatore,Tamil Nadu,India,2021-02-12,Regular
2301,Wazir Majumdar,customer2301@example.com,Kolkata,West Bengal,India,2024-01-28,Regular
2302,Gagan Cherian,customer2302@example.com,Kochi,Kerala,India,2022-10-15,Regular
2303,Benjamin Halder,customer2303@example.com,Kolkata,West Bengal,India,2022-02-10,Occasional
2304,Hardik Borde,customer2304@example.com,Pune,Maharashtra,India,2022-08-23,Occasional
2305,Charvi Som,customer2305@example.com,Warangal,Telangana,India,2025-08-26,Premium
2306,Caleb Datta,customer2306@example.com,Visakhapatnam,Andhra Pradesh,India,2022-09-20,Regular
2307,Zayyan Palan,customer2307@example.com,Pune,Maharashtra,India,2022-08-19,Regular
2308,Jacob Sarin,customer2308@example.com,Visakhapatnam,Andhra Pradesh,India,2024-02-12,New
2309,Oni Viswanathan,customer2309@example.com,Mumbai,Maharashtra,India,2021-07-30,Regular
2310,Ojas Mahal,customer2310@example.com,Pune,Maharashtra,India,2025-04-15,Occasional
2311,Chakradev Bhat,customer2311@example.com,Hyderabad,Telangana,India,2022-02-05,Occasional
2312,Warda Walia,customer2312@example.com,Kolkata,West Bengal,India,2022-08-14,Premium
2313,Noah Sarma,customer2313@example.com,Vijayawada,Andhra Pradesh,India,2025-05-15,Occasional
2314,Madhavi Rattan,customer2314@example.com,Delhi,Delhi,India,2025-05-02,Premium
2315,Qarin Aggarwal,customer2315@example.com,Jaipur,Rajasthan,India,2023-04-24,Regular
2316,Aditya Varghese,customer2316@example.com,Warangal,Telangana,India,2022-05-13,New
2317,Chavvi Kannan,customer2317@example.com,Delhi,Delhi,India,2024-11-16,Regular
2318,Jagat Garg,customer2318@example.com,Coimbatore,Tamil Nadu,India,2023-07-10,Occasional
2319,Wazir Manne,customer2319@example.com,Vijayawada,Andhra Pradesh,India,2022-11-27,Regular
2320,Arunima Deol,customer2320@example.com,Kochi,Kerala,India,2021-05-02,Regular
2321,Yuvraj Kade,customer2321@example.com,Bhopal,Madhya Pradesh,India,2023-04-21,Regular
2322,Aarav Palan,customer2322@example.com,Visakhapatnam,Andhra Pradesh,India,2025-07-19,Regular
2323,Fiyaz Lalla,customer2323@example.com,Kochi,Kerala,India,2024-02-21,Occasional
2324,Chaitaly Nair,customer2324@example.com,Kolkata,West Bengal,India,2022-02-20,Occasional
2325,Ishani Kanda,customer2325@example.com,Ahmedabad,Gujarat,India,2021-06-27,Premium
2326,Aahana Babu,customer2326@example.com,Kolkata,West Bengal,India,2023-05-19,Premium
2327,Lavanya Kurian,customer2327@example.com,Vijayawada,Andhra Pradesh,India,2025-07-28,Premium
2328,Riya Kannan,customer2328@example.com,Bhopal,Madhya Pradesh,India,2025-09-08,Regular
2329,Samar Rana,customer2329@example.com,Jaipur,Rajasthan,India,2023-10-05,Regular
2330,Vincent Saraf,customer2330@example.com,Ahmedabad,Gujarat,India,2022-04-29,Occasional
2331,Varenya Chander,customer2331@example.com,Bhopal,Madhya Pradesh,India,2024-02-20,Regular
2332,Tripti Goyal,customer2332@example.com,Jaipur,Rajasthan,India,2025-03-21,Regular
2333,Vritti Gole,customer2333@example.com,Coimbatore,Tamil Nadu,India,2022-07-02,Premium
2334,Dayita Gaba,customer2334@example.com,Delhi,Delhi,India,2023-05-27,Occasional
2335,Raghav Boase,customer2335@example.com,Jaipur,Rajasthan,India,2022-07-07,Occasional
2336,Pooja Korpal,customer2336@example.com,Ahmedabad,Gujarat,India,2022-03-22,Occasional
2337,Harish Vyas,customer2337@example.com,Delhi,Delhi,India,2024-11-14,New
2338,Harish Purohit,customer2338@example.com,Bhopal,Madhya Pradesh,India,2022-03-03,Occasional
2339,Imaran Arya,customer2339@example.com,Chennai,Tamil Nadu,India,2024-04-08,Regular
2340,Yuvraj Chacko,customer2340@example.com,Pune,Maharashtra,India,2021-05-16,New
2341,Agastya Andra,customer2341@example.com,Kolkata,West Bengal,India,2023-04-12,Occasional
2342,Frederick Jain,customer2342@example.com,Bengaluru,Karnataka,India,2021-11-27,Regular
2343,Sachi Gade,customer2343@example.com,Vijayawada,Andhra Pradesh,India,2022-03-09,Occasional
2344,Varenya Dubey,customer2344@example.com,Ahmedabad,Gujarat,India,2023-08-14,Regular
2345,Amara Dasgupta,customer2345@example.com,Vijayawada,Andhra Pradesh,India,2023-01-28,Regular
2346,Harshil Minhas,customer2346@example.com,Pune,Maharashtra,India,2021-03-07,Occasional
2347,Lucky Agarwal,customer2347@example.com,Bhopal,Madhya Pradesh,India,2021-11-15,Regular
2348,Utkarsh Sane,customer2348@example.com,Chennai,Tamil Nadu,India,2022-11-28,Regular
2349,Ira Mangat,customer2349@example.com,Jaipur,Rajasthan,India,2024-04-12,Occasional
2350,Isaiah Swamy,customer2350@example.com,Visakhapatnam,Andhra Pradesh,India,2022-12-03,Regular
2351,Udarsh Chaudry,customer2351@example.com,Visakhapatnam,Andhra Pradesh,India,2022-06-11,Premium
2352,Faraj Nath,customer2352@example.com,Vijayawada,Andhra Pradesh,India,2023-05-26,Occasional
2353,Frado Bassi,customer2353@example.com,Bengaluru,Karnataka,India,2022-01-03,Regular
2354,Priya Wali,customer2354@example.com,Vijayawada,Andhra Pradesh,India,2022-04-15,Regular
2355,Pavani Doctor,customer2355@example.com,Vijayawada,Andhra Pradesh,India,2023-11-07,Premium
2356,Ijaya Chawla,customer2356@example.com,Pune,Maharashtra,India,2023-07-26,Regular
2357,Jyoti Lanka,customer2357@example.com,Jaipur,Rajasthan,India,2023-04-23,Regular
2358,Manthan Din,customer2358@example.com,Visakhapatnam,Andhra Pradesh,India,2021-08-26,Occasional
2359,Madhavi Sekhon,customer2359@example.com,Visakhapatnam,Andhra Pradesh,India,2023-09-23,Occasional
2360,Isaiah Sane,customer2360@example.com,Coimbatore,Tamil Nadu,India,2025-01-26,Regular
2361,Gautam Naidu,customer2361@example.com,Bhopal,Madhya Pradesh,India,2023-05-16,Occasional
2362,Lekha Pandit,customer2362@example.com,Kochi,Kerala,India,2022-02-01,Premium
2363,Panini Srivastava,customer2363@example.com,Warangal,Telangana,India,2023-09-20,Premium
2364,Lakshit Korpal,customer2364@example.com,Bengaluru,Karnataka,India,2024-07-10,Premium
2365,Widisha Yohannan,customer2365@example.com,Hyderabad,Telangana,India,2024-04-05,Regular
2366,Victor Rajagopalan,customer2366@example.com,Kochi,Kerala,India,2025-07-17,Occasional
2367,Theodore Chahal,customer2367@example.com,Mumbai,Maharashtra,India,2021-09-17,Occasional
2368,Aarnav Jani,customer2368@example.com,Bengaluru,Karnataka,India,2023-01-01,Occasional
2369,Urvi Deol,customer2369@example.com,Vijayawada,Andhra Pradesh,India,2021-02-23,Occasional
2370,Ikshita Patel,customer2370@example.com,Chennai,Tamil Nadu,India,2021-12-09,Occasional
2371,Triveni Dhawan,customer2371@example.com,Hyderabad,Telangana,India,2022-03-09,Regular
2372,Xavier Kade,customer2372@example.com,Kolkata,West Bengal,India,2025-09-10,Premium
2373,Lakshit Dalal,customer2373@example.com,Coimbatore,Tamil Nadu,India,2022-11-29,Occasional
2374,Atharv Samra,customer2374@example.com,Ahmedabad,Gujarat,India,2022-03-21,Occasional
2375,Hitesh Borah,customer2375@example.com,Vijayawada,Andhra Pradesh,India,2024-02-29,Regular
2376,Ayushman Din,customer2376@example.com,Delhi,Delhi,India,2025-01-21,Regular
2377,Farhan Konda,customer2377@example.com,Kochi,Kerala,India,2024-02-09,Occasional
2378,Omaja Doctor,customer2378@example.com,Vijayawada,Andhra Pradesh,India,2021-08-28,Regular
2379,Logan Wable,customer2379@example.com,Visakhapatnam,Andhra Pradesh,India,2022-07-21,Premium
2380,Nisha Nazareth,customer2380@example.com,Delhi,Delhi,India,2023-07-20,Regular
2381,Bhavini Choudhry,customer2381@example.com,Kochi,Kerala,India,2024-10-11,New
2382,Azad Ghose,customer2382@example.com,Pune,Maharashtra,India,2022-04-30,New
2383,Advay Randhawa,customer2383@example.com,Hyderabad,Telangana,India,2025-04-13,Premium
2384,Aarna Thaker,customer2384@example.com,Mumbai,Maharashtra,India,2024-08-09,Regular
2385,Pallavi Dugar,customer2385@example.com,Coimbatore,Tamil Nadu,India,2023-08-09,Occasional
2386,Krishna Dass,customer2386@example.com,Coimbatore,Tamil Nadu,India,2023-04-25,Regular
2387,Daksh Kanda,customer2387@example.com,Chennai,Tamil Nadu,India,2022-10-21,New
2388,Faras Sidhu,customer2388@example.com,Vijayawada,Andhra Pradesh,India,2024-05-03,Occasional
2389,Nidhi Rai,customer2389@example.com,Pune,Maharashtra,India,2025-01-23,Occasional
2390,Kamya Samra,customer2390@example.com,Ahmedabad,Gujarat,India,2022-05-28,Occasional
2391,Ikbal Chawla,customer2391@example.com,Chennai,Tamil Nadu,India,2022-08-29,Occasional
2392,Gautami Bala,customer2392@example.com,Chennai,Tamil Nadu,India,2021-08-30,Regular
2393,Nicholas Chhabra,customer2393@example.com,Bengaluru,Karnataka,India,2023-01-15,New
2394,Advay More,customer2394@example.com,Warangal,Telangana,India,2021-07-22,Regular
2395,Bachittar Khosla,customer2395@example.com,Bengaluru,Karnataka,India,2022-08-07,Occasional
2396,Chaitanya Sule,customer2396@example.com,Warangal,Telangana,India,2023-04-17,Regular
2397,Divya Chander,customer2397@example.com,Delhi,Delhi,India,2021-05-22,Regular
2398,Ishanvi Mandal,customer2398@example.com,Mumbai,Maharashtra,India,2023-08-17,Premium
2399,Divya Raman,customer2399@example.com,Jaipur,Rajasthan,India,2024-05-21,Occasional
2400,Gunbir Narula,customer2400@example.com,Hyderabad,Telangana,India,2024-01-11,Regular
2401,Yadavi Doctor,customer2401@example.com,Vijayawada,Andhra Pradesh,India,2024-06-19,New
2402,Vansha Barad,customer2402@example.com,Hyderabad,Telangana,India,2021-03-15,Regular
2403,Max Sheth,customer2403@example.com,Pune,Maharashtra,India,2023-06-21,Regular
2404,Vincent Kale,customer2404@example.com,Kochi,Kerala,India,2021-09-02,New
2405,Yachana Varty,customer2405@example.com,Jaipur,Rajasthan,India,2022-03-14,Occasional
2406,Sara Deep,customer2406@example.com,Mumbai,Maharashtra,India,2025-06-14,Regular
2407,Jagvi Sankar,customer2407@example.com,Jaipur,Rajasthan,India,2023-11-20,Regular
2408,William Joshi,customer2408@example.com,Warangal,Telangana,India,2021-05-05,Occasional
2409,Widisha Chatterjee,customer2409@example.com,Pune,Maharashtra,India,2021-08-22,Regular
2410,Dayamai Chahal,customer2410@example.com,Bengaluru,Karnataka,India,2021-02-16,Regular
2411,Suhani Murthy,customer2411@example.com,Kochi,Kerala,India,2025-03-31,Regular
2412,Neel Bir,customer2412@example.com,Delhi,Delhi,India,2022-06-12,Regular
2413,Ira Chakraborty,customer2413@example.com,Delhi,Delhi,India,2023-05-21,Premium
2414,Triveni Kuruvilla,customer2414@example.com,Chennai,Tamil Nadu,India,2021-08-10,Occasional
2415,Riya Dey,customer2415@example.com,Visakhapatnam,Andhra Pradesh,India,2025-01-10,Regular
2416,Balveer Patla,customer2416@example.com,Pune,Maharashtra,India,2022-01-21,Regular
2417,Nilima Dayal,customer2417@example.com,Kochi,Kerala,India,2023-06-10,Regular
2418,Yauvani Murthy,customer2418@example.com,Kolkata,West Bengal,India,2024-10-01,New
2419,Odika Toor,customer2419@example.com,Coimbatore,Tamil Nadu,India,2024-03-06,Occasional
2420,Brijesh Bhandari,customer2420@example.com,Visakhapatnam,Andhra Pradesh,India,2024-10-30,Premium
2421,Mohammed Cheema,customer2421@example.com,Visakhapatnam,Andhra Pradesh,India,2023-01-31,Regular
2422,Nathan Rastogi,customer2422@example.com,Chennai,Tamil Nadu,India,2023-06-23,New
2423,Lipika Shere,customer2423@example.com,Jaipur,Rajasthan,India,2021-08-15,New
2424,Unnati Sidhu,customer2424@example.com,Chennai,Tamil Nadu,India,2021-10-18,New
2425,Ikbal Chada,customer2425@example.com,Visakhapatnam,Andhra Pradesh,India,2025-07-21,Occasional
2426,Mekhala Sant,customer2426@example.com,Delhi,Delhi,India,2022-07-15,New
2427,Falguni Bhattacharyya,customer2427@example.com,Warangal,Telangana,India,2022-09-12,Regular
2428,Vedika Kala,customer2428@example.com,Ahmedabad,Gujarat,India,2023-09-13,Occasional
2429,Arya Sha,customer2429@example.com,Hyderabad,Telangana,India,2025-01-19,New
2430,Upma Dhingra,customer2430@example.com,Coimbatore,Tamil Nadu,India,2021-04-29,Occasional
2431,Azad Rai,customer2431@example.com,Ahmedabad,Gujarat,India,2022-10-26,Occasional
2432,Qushi Solanki,customer2432@example.com,Kolkata,West Bengal,India,2021-07-13,Regular
2433,Siddharth Bajaj,customer2433@example.com,Mumbai,Maharashtra,India,2022-10-26,Occasional
2434,Zayyan Goda,customer2434@example.com,Chennai,Tamil Nadu,India,2024-08-06,Regular
2435,Ekapad Mahal,customer2435@example.com,Warangal,Telangana,India,2021-09-17,New
2436,Chanchal Seth,customer2436@example.com,Bengaluru,Karnataka,India,2024-06-12,New
2437,Aashi Gour,customer2437@example.com,Kochi,Kerala,India,2024-07-28,Regular
2438,Priya Oommen,customer2438@example.com,Hyderabad,Telangana,India,2021-06-16,Regular
2439,Rushil Palla,customer2439@example.com,Chennai,Tamil Nadu,India,2023-07-12,Occasional
2440,Vaishnavi Wason,customer2440@example.com,Kochi,Kerala,India,2024-07-26,Regular
2441,Isha Ramachandran,customer2441@example.com,Visakhapatnam,Andhra Pradesh,India,2022-05-15,Regular
2442,Faras Dhillon,customer2442@example.com,Warangal,Telangana,India,2021-01-31,Regular
2443,Akshay Dora,customer2443@example.com,Coimbatore,Tamil Nadu,India,2023-10-03,Occasional
2444,Xalak Nadig,customer2444@example.com,Vijayawada,Andhra Pradesh,India,2024-11-26,Occasional
2445,Adya Verma,customer2445@example.com,Visakhapatnam,Andhra Pradesh,India,2021-12-19,Occasional
2446,Jeremiah Sengupta,customer2446@example.com,Warangal,Telangana,India,2021-01-12,Occasional
2447,Balhaar Kamdar,customer2447@example.com,Bengaluru,Karnataka,India,2025-12-02,Premium
2448,Ojas Purohit,customer2448@example.com,Vijayawada,Andhra Pradesh,India,2022-08-07,Regular
2449,Shaurya Halder,customer2449@example.com,Warangal,Telangana,India,2022-11-03,Premium
2450,Kamala Patla,customer2450@example.com,Bengaluru,Karnataka,India,2025-11-28,Occasional
2451,Damyanti Thakkar,customer2451@example.com,Ahmedabad,Gujarat,India,2021-02-20,Premium
2452,Tamanna Sachdev,customer2452@example.com,Coimbatore,Tamil Nadu,India,2022-01-23,Regular
2453,Indira Sandhu,customer2453@example.com,Mumbai,Maharashtra,India,2024-06-29,Regular
2454,Ishaan Goda,customer2454@example.com,Kolkata,West Bengal,India,2025-06-14,Regular
2455,Kashvi Goel,customer2455@example.com,Delhi,Delhi,India,2024-11-26,Regular
2456,Rajata Raj,customer2456@example.com,Delhi,Delhi,India,2025-09-14,Occasional
2457,Bhanumati Chaudhary,customer2457@example.com,Ahmedabad,Gujarat,India,2023-06-05,Premium
2458,Gaurav Babu,customer2458@example.com,Vijayawada,Andhra Pradesh,India,2021-09-30,Regular
2459,Watika Chaudhry,customer2459@example.com,Kochi,Kerala,India,2024-07-01,Occasional
2460,Bimala Salvi,customer2460@example.com,Hyderabad,Telangana,India,2024-10-11,Occasional
2461,Suhani Raj,customer2461@example.com,Warangal,Telangana,India,2022-10-21,Regular
2462,Upasna Dash,customer2462@example.com,Ahmedabad,Gujarat,India,2021-12-22,Premium
2463,Nitara Randhawa,customer2463@example.com,Kochi,Kerala,India,2023-12-26,Occasional
2464,Udarsh Tripathi,customer2464@example.com,Jaipur,Rajasthan,India,2021-01-24,Premium
2465,Aishani Mohanty,customer2465@example.com,Kochi,Kerala,India,2023-06-01,New
2466,Aayush Sachdeva,customer2466@example.com,Delhi,Delhi,India,2024-07-12,Regular
2467,Atharv Dube,customer2467@example.com,Visakhapatnam,Andhra Pradesh,India,2021-04-12,Premium
2468,Gautami Garde,customer2468@example.com,Bengaluru,Karnataka,India,2024-03-09,Regular
2469,Wyatt Raman,customer2469@example.com,Bengaluru,Karnataka,India,2025-11-13,Occasional
2470,Charan Sanghvi,customer2470@example.com,Kochi,Kerala,India,2022-08-22,Occasional
2471,Oscar Rau,customer2471@example.com,Ahmedabad,Gujarat,India,2022-02-05,Regular
2472,Rajeshri Kashyap,customer2472@example.com,Visakhapatnam,Andhra Pradesh,India,2023-09-16,Premium
2473,Yamini Dani,customer2473@example.com,Visakhapatnam,Andhra Pradesh,India,2021-11-06,Occasional
2474,Abha Dutt,customer2474@example.com,Kochi,Kerala,India,2025-11-28,Occasional
2475,Girik Chander,customer2475@example.com,Visakhapatnam,Andhra Pradesh,India,2023-09-29,Regular
2476,Advay Dua,customer2476@example.com,Hyderabad,Telangana,India,2021-03-21,Regular
2477,Lavanya Bakshi,customer2477@example.com,Ahmedabad,Gujarat,India,2021-03-28,Premium
2478,Ishita Grover,customer2478@example.com,Hyderabad,Telangana,India,2022-02-10,Premium
2479,Chameli Hari,customer2479@example.com,Jaipur,Rajasthan,India,2023-01-15,Regular
2480,Kritika Lad,customer2480@example.com,Ahmedabad,Gujarat,India,2025-07-22,New
2481,Fitan Dhawan,customer2481@example.com,Mumbai,Maharashtra,India,2021-06-10,Regular
2482,Indrajit Sharaf,customer2482@example.com,Vijayawada,Andhra Pradesh,India,2021-03-13,New
2483,Lucky Mandal,customer2483@example.com,Pune,Maharashtra,India,2022-01-17,Regular
2484,Girik Brahmbhatt,customer2484@example.com,Bhopal,Madhya Pradesh,India,2023-03-25,Regular
2485,Sarthak Raman,customer2485@example.com,Ahmedabad,Gujarat,India,2025-03-16,Premium
2486,Anthony Sachdev,customer2486@example.com,Bengaluru,Karnataka,India,2021-11-09,Regular
2487,Faraj Kade,customer2487@example.com,Coimbatore,Tamil Nadu,India,2021-08-17,Regular
2488,Dipta Seshadri,customer2488@example.com,Warangal,Telangana,India,2024-07-28,Regular
2489,Chanchal Anne,customer2489@example.com,Kochi,Kerala,India,2022-05-16,Regular
2490,Jacob Oza,customer2490@example.com,Hyderabad,Telangana,India,2022-07-10,Occasional
2491,Abdul Dutt,customer2491@example.com,Bhopal,Madhya Pradesh,India,2023-12-14,New
2492,Jairaj Hans,customer2492@example.com,Ahmedabad,Gujarat,India,2025-06-10,Regular
2493,Zarna Vala,customer2493@example.com,Ahmedabad,Gujarat,India,2021-04-02,Premium
2494,Janya Contractor,customer2494@example.com,Visakhapatnam,Andhra Pradesh,India,2022-04-19,Premium
2495,Falak Devi,customer2495@example.com,Warangal,Telangana,India,2022-11-06,Regular
2496,Jonathan Loyal,customer2496@example.com,Jaipur,Rajasthan,India,2022-11-14,Regular
2497,Ryan Chanda,customer2497@example.com,Pune,Maharashtra,India,2023-05-01,Regular
2498,Unni Tandon,customer2498@example.com,Visakhapatnam,Andhra Pradesh,India,2023-12-19,Occasional
2499,Reyansh Krishna,customer2499@example.com,Warangal,Telangana,India,2024-09-16,Regular
2500,Avni Ramaswamy,customer2500@example.com,Warangal,Telangana,India,2022-06-22,New
2501,Noah Jha,customer2501@example.com,Pune,Maharashtra,India,2021-11-16,Regular
2502,Sanaya Sampath,customer2502@example.com,Pune,Maharashtra,India,2025-02-24,Regular
2503,Hritik Rajagopal,customer2503@example.com,Mumbai,Maharashtra,India,2023-04-25,Occasional
2504,Ira Prakash,customer2504@example.com,Bengaluru,Karnataka,India,2024-08-26,Regular
2505,Oliver Bandi,customer2505@example.com,Pune,Maharashtra,India,2021-07-19,Occasional
2506,Nimrat Memon,customer2506@example.com,Delhi,Delhi,India,2025-05-08,Regular
2507,Mitali Balan,customer2507@example.com,Pune,Maharashtra,India,2025-07-07,Regular
2508,Ekantika Sanghvi,customer2508@example.com,Chennai,Tamil Nadu,India,2021-12-23,Occasional
2509,Yatan Bora,customer2509@example.com,Visakhapatnam,Andhra Pradesh,India,2022-08-01,Regular
2510,Kamya Dhillon,customer2510@example.com,Coimbatore,Tamil Nadu,India,2022-10-31,Regular
2511,Aditya Nagar,customer2511@example.com,Visakhapatnam,Andhra Pradesh,India,2023-09-04,Occasional
2512,Tanay Shroff,customer2512@example.com,Bhopal,Madhya Pradesh,India,2021-02-03,Regular
2513,Viraj Bhatti,customer2513@example.com,Kolkata,West Bengal,India,2025-10-30,Regular
2514,Simon Vyas,customer2514@example.com,Mumbai,Maharashtra,India,2024-04-12,Regular
2515,Arunima Borde,customer2515@example.com,Warangal,Telangana,India,2022-11-07,Regular
2516,Radhika Nadkarni,customer2516@example.com,Jaipur,Rajasthan,India,2025-11-19,Premium
2517,Ronith Bawa,customer2517@example.com,Mumbai,Maharashtra,India,2023-09-22,Occasional
2518,Chakradhar Maharaj,customer2518@example.com,Bengaluru,Karnataka,India,2025-03-15,Occasional
2519,Jeet Sethi,customer2519@example.com,Chennai,Tamil Nadu,India,2024-08-01,Regular
2520,Leela Khalsa,customer2520@example.com,Bhopal,Madhya Pradesh,India,2022-06-16,Regular
2521,Bhavani Badami,customer2521@example.com,Vijayawada,Andhra Pradesh,India,2025-11-26,Premium
2522,Triya Mane,customer2522@example.com,Hyderabad,Telangana,India,2025-11-24,Occasional
2523,Balhaar Walla,customer2523@example.com,Visakhapatnam,Andhra Pradesh,India,2022-02-12,Premium
2524,Geetika Babu,customer2524@example.com,Jaipur,Rajasthan,India,2025-06-27,Regular
2525,Girish Sagar,customer2525@example.com,Kochi,Kerala,India,2021-08-04,Regular
2526,Edhitha Pal,customer2526@example.com,Bhopal,Madhya Pradesh,India,2023-07-25,Premium
2527,Dhriti Tak,customer2527@example.com,Mumbai,Maharashtra,India,2024-05-28,Regular
2528,Chanchal Sha,customer2528@example.com,Ahmedabad,Gujarat,India,2021-05-27,Regular
2529,Kashvi Chauhan,customer2529@example.com,Kochi,Kerala,India,2025-03-13,Premium
2530,Champak Anne,customer2530@example.com,Delhi,Delhi,India,2021-04-01,Regular
2531,Ekantika Sarin,customer2531@example.com,Kochi,Kerala,India,2022-03-08,Regular
2532,Gaurang Halder,customer2532@example.com,Coimbatore,Tamil Nadu,India,2022-12-05,Regular
2533,Charles Lad,customer2533@example.com,Kolkata,West Bengal,India,2024-02-21,Regular
2534,Chanakya Modi,customer2534@example.com,Warangal,Telangana,India,2021-05-14,Regular
2535,Forum Raghavan,customer2535@example.com,Ahmedabad,Gujarat,India,2021-08-22,Premium
2536,Lakshit Sharma,customer2536@example.com,Chennai,Tamil Nadu,India,2023-04-19,Occasional
2537,Eiravati Divan,customer2537@example.com,Kochi,Kerala,India,2022-01-08,New
2538,Sanya Das,customer2538@example.com,Visakhapatnam,Andhra Pradesh,India,2025-12-20,Regular
2539,Vanya Suri,customer2539@example.com,Ahmedabad,Gujarat,India,2025-06-10,Premium
2540,Vasudha Kara,customer2540@example.com,Bengaluru,Karnataka,India,2023-05-22,Regular
2541,Chaman Butala,customer2541@example.com,Jaipur,Rajasthan,India,2021-10-13,Occasional
2542,Samesh Brahmbhatt,customer2542@example.com,Bengaluru,Karnataka,India,2024-01-02,Occasional
2543,Darpan Kala,customer2543@example.com,Kolkata,West Bengal,India,2021-08-22,New
2544,Upadhriti Rajan,customer2544@example.com,Hyderabad,Telangana,India,2021-02-10,Regular
2545,Henry Oak,customer2545@example.com,Kolkata,West Bengal,India,2022-08-07,Regular
2546,Devika Setty,customer2546@example.com,Mumbai,Maharashtra,India,2022-10-11,Regular
2547,Kalpit Kanda,customer2547@example.com,Hyderabad,Telangana,India,2022-04-24,Occasional
2548,Sneha Varghese,customer2548@example.com,Ahmedabad,Gujarat,India,2024-02-04,New
2549,Raghav Biswas,customer2549@example.com,Pune,Maharashtra,India,2022-09-23,Regular
2550,Nitesh Mohanty,customer2550@example.com,Bhopal,Madhya Pradesh,India,2023-05-14,Regular
2551,Manan Shenoy,customer2551@example.com,Hyderabad,Telangana,India,2025-11-29,Premium
2552,Wridesh Babu,customer2552@example.com,Visakhapatnam,Andhra Pradesh,India,2021-11-29,Regular
2553,Amara Balakrishnan,customer2553@example.com,Vijayawada,Andhra Pradesh,India,2024-12-02,New
2554,Indira Lanka,customer2554@example.com,Visakhapatnam,Andhra Pradesh,India,2025-01-19,Occasional
2555,Irya Sankar,customer2555@example.com,Coimbatore,Tamil Nadu,India,2022-01-03,Occasional
2556,Mekhala Thakkar,customer2556@example.com,Jaipur,Rajasthan,India,2022-10-21,Regular
2557,Chatresh Sastry,customer2557@example.com,Bengaluru,Karnataka,India,2024-08-31,Regular
2558,Guneet Bawa,customer2558@example.com,Delhi,Delhi,India,2023-04-27,Regular
2559,Rishi Menon,customer2559@example.com,Visakhapatnam,Andhra Pradesh,India,2024-04-03,Occasional
2560,Patrick Majumdar,customer2560@example.com,Warangal,Telangana,India,2022-08-12,Regular
2561,Zilmil Sant,customer2561@example.com,Delhi,Delhi,India,2025-07-04,New
2562,Yuvraj Choudhry,customer2562@example.com,Chennai,Tamil Nadu,India,2021-12-06,Regular
2563,Chatresh Banik,customer2563@example.com,Pune,Maharashtra,India,2022-11-14,Occasional
2564,William Bhatti,customer2564@example.com,Pune,Maharashtra,India,2025-11-23,Regular
2565,Anya Kara,customer2565@example.com,Kolkata,West Bengal,India,2025-07-12,Occasional
2566,Maya Chaudhuri,customer2566@example.com,Hyderabad,Telangana,India,2024-06-10,Regular
2567,Warhi Jha,customer2567@example.com,Bengaluru,Karnataka,India,2022-11-15,Regular
2568,Idika Mani,customer2568@example.com,Chennai,Tamil Nadu,India,2022-06-16,Premium
2569,Girindra Goyal,customer2569@example.com,Visakhapatnam,Andhra Pradesh,India,2023-06-14,Regular
2570,Dalaja Khare,customer2570@example.com,Bengaluru,Karnataka,India,2025-04-13,Regular
2571,Ekaraj Ganesan,customer2571@example.com,Pune,Maharashtra,India,2022-06-13,Regular
2572,Tamanna Dhar,customer2572@example.com,Coimbatore,Tamil Nadu,India,2022-08-06,Premium
2573,Priya Natt,customer2573@example.com,Chennai,Tamil Nadu,India,2021-02-09,Regular
2574,Aishani Bose,customer2574@example.com,Pune,Maharashtra,India,2021-03-06,Occasional
2575,Indira Som,customer2575@example.com,Kolkata,West Bengal,India,2022-06-15,Occasional
2576,Vrinda Kota,customer2576@example.com,Kolkata,West Bengal,India,2025-12-17,Regular
2577,Chakradev Badal,customer2577@example.com,Bengaluru,Karnataka,India,2025-01-08,Regular
2578,Vedant Vohra,customer2578@example.com,Delhi,Delhi,India,2025-10-29,Premium
2579,Manan Chandra,customer2579@example.com,Hyderabad,Telangana,India,2025-04-13,Premium
2580,Gautami Sethi,customer2580@example.com,Jaipur,Rajasthan,India,2021-11-07,Regular
2581,Aarini Sur,customer2581@example.com,Visakhapatnam,Andhra Pradesh,India,2025-03-05,Regular
2582,Tara Arya,customer2582@example.com,Bhopal,Madhya Pradesh,India,2023-02-27,Regular
2583,Gauri Vasa,customer2583@example.com,Hyderabad,Telangana,India,2024-01-01,Regular
2584,Anamika Venkataraman,customer2584@example.com,Bhopal,Madhya Pradesh,India,2025-02-13,Regular
2585,Nirja Kannan,customer2585@example.com,Delhi,Delhi,India,2021-03-06,Regular
2586,Widisha Balasubramanian,customer2586@example.com,Jaipur,Rajasthan,India,2022-03-17,Regular
2587,Jagvi Jhaveri,customer2587@example.com,Bhopal,Madhya Pradesh,India,2023-01-30,Occasional
2588,Krishna Chokshi,customer2588@example.com,Visakhapatnam,Andhra Pradesh,India,2021-10-05,Occasional
2589,Parth Lanka,customer2589@example.com,Warangal,Telangana,India,2023-05-02,Regular
2590,Mahika Sahni,customer2590@example.com,Jaipur,Rajasthan,India,2023-12-20,New
2591,Rayaan Barman,customer2591@example.com,Coimbatore,Tamil Nadu,India,2023-05-09,Regular
2592,Jason Sant,customer2592@example.com,Chennai,Tamil Nadu,India,2025-12-06,Occasional
2593,Bhavya Choudhary,customer2593@example.com,Jaipur,Rajasthan,India,2024-11-14,Premium
2594,Manan Shukla,customer2594@example.com,Jaipur,Rajasthan,India,2021-01-26,Occasional
2595,Nicholas Mitter,customer2595@example.com,Bengaluru,Karnataka,India,2022-04-12,Regular
2596,Dhruv Menon,customer2596@example.com,Ahmedabad,Gujarat,India,2025-02-21,Regular
2597,Banjeet Kalla,customer2597@example.com,Vijayawada,Andhra Pradesh,India,2021-02-18,Occasional
2598,Chatresh Suresh,customer2598@example.com,Bhopal,Madhya Pradesh,India,2023-05-30,Regular
2599,Qushi Pandey,customer2599@example.com,Jaipur,Rajasthan,India,2023-08-09,Premium
2600,Zayan Devi,customer2600@example.com,Delhi,Delhi,India,2021-01-02,Regular
2601,Yadavi Dubey,customer2601@example.com,Warangal,Telangana,India,2023-12-25,Premium
2602,Luke Hegde,customer2602@example.com,Ahmedabad,Gujarat,India,2021-09-25,Occasional
2603,Bina Kanda,customer2603@example.com,Ahmedabad,Gujarat,India,2024-09-04,Occasional
2604,Isha Kothari,customer2604@example.com,Coimbatore,Tamil Nadu,India,2021-04-10,Premium
2605,Mohini Chaudhari,customer2605@example.com,Warangal,Telangana,India,2024-04-15,Regular
2606,Deepa Ghose,customer2606@example.com,Bhopal,Madhya Pradesh,India,2023-03-23,Regular
2607,Ekantika Dewan,customer2607@example.com,Hyderabad,Telangana,India,2025-10-18,Occasional
2608,Krishna Saha,customer2608@example.com,Ahmedabad,Gujarat,India,2022-09-12,Regular
2609,Charvi Mody,customer2609@example.com,Warangal,Telangana,India,2025-09-19,Premium
2610,Triya Goswami,customer2610@example.com,Visakhapatnam,Andhra Pradesh,India,2021-09-23,Premium
2611,Gopal Devi,customer2611@example.com,Jaipur,Rajasthan,India,2024-03-14,Regular
2612,Dhriti Thakur,customer2612@example.com,Hyderabad,Telangana,India,2025-06-25,Occasional
2613,Irya Sane,customer2613@example.com,Kochi,Kerala,India,2024-01-16,Occasional
2614,Nirja Shenoy,customer2614@example.com,Delhi,Delhi,India,2024-12-20,Regular
2615,Oviya Chakrabarti,customer2615@example.com,Pune,Maharashtra,India,2021-03-27,Occasional
2616,Xavier Vala,customer2616@example.com,Vijayawada,Andhra Pradesh,India,2022-03-13,Regular
2617,Chaaya Bera,customer2617@example.com,Chennai,Tamil Nadu,India,2024-03-05,New
2618,Neha Ahuja,customer2618@example.com,Kolkata,West Bengal,India,2024-05-04,Occasional
2619,Chatura Chad,customer2619@example.com,Delhi,Delhi,India,2024-12-08,Regular
2620,Hredhaan Nath,customer2620@example.com,Kochi,Kerala,India,2021-06-19,Occasional
2621,Vasatika Narula,customer2621@example.com,Kochi,Kerala,India,2021-10-30,Occasional
2622,Yasti Bera,customer2622@example.com,Jaipur,Rajasthan,India,2021-07-09,Premium
2623,Warhi Deshpande,customer2623@example.com,Bengaluru,Karnataka,India,2022-09-30,Regular
2624,Charvi Mukhopadhyay,customer2624@example.com,Kochi,Kerala,India,2022-11-26,Regular
2625,Sai Contractor,customer2625@example.com,Coimbatore,Tamil Nadu,India,2021-01-21,Premium
2626,Michael Dara,customer2626@example.com,Jaipur,Rajasthan,India,2021-07-28,Occasional
2627,Yug Jayaraman,customer2627@example.com,Delhi,Delhi,India,2025-06-04,Regular
2628,Aryan Tiwari,customer2628@example.com,Hyderabad,Telangana,India,2021-11-18,Occasional
2629,Christopher Dara,customer2629@example.com,Kochi,Kerala,India,2024-10-10,Premium
2630,Veda Gour,customer2630@example.com,Ahmedabad,Gujarat,India,2023-07-21,Premium
2631,Reva Dasgupta,customer2631@example.com,Hyderabad,Telangana,India,2022-12-31,Regular
2632,Anthony Goyal,customer2632@example.com,Chennai,Tamil Nadu,India,2024-09-05,Occasional
2633,Onkar Vaidya,customer2633@example.com,Pune,Maharashtra,India,2022-03-17,Regular
2634,Vamakshi Srinivasan,customer2634@example.com,Warangal,Telangana,India,2025-08-26,Regular
2635,Harish Tailor,customer2635@example.com,Visakhapatnam,Andhra Pradesh,India,2023-06-21,Regular
2636,Mahika Raju,customer2636@example.com,Mumbai,Maharashtra,India,2024-02-16,Occasional
2637,Omaja Sandal,customer2637@example.com,Delhi,Delhi,India,2021-11-30,Regular
2638,Bhanumati Shankar,customer2638@example.com,Jaipur,Rajasthan,India,2022-04-06,Regular
2639,Advay Mitter,customer2639@example.com,Visakhapatnam,Andhra Pradesh,India,2022-01-09,Regular
2640,Brijesh Pant,customer2640@example.com,Chennai,Tamil Nadu,India,2021-04-16,Regular
2641,Tara Malhotra,customer2641@example.com,Kochi,Kerala,India,2022-03-09,Regular
2642,Ishita Tella,customer2642@example.com,Bengaluru,Karnataka,India,2021-01-29,Regular
2643,Ikshita Vohra,customer2643@example.com,Ahmedabad,Gujarat,India,2025-04-13,Regular
2644,Owen Doshi,customer2644@example.com,Mumbai,Maharashtra,India,2024-04-28,Regular
2645,Tripti Dey,customer2645@example.com,Kochi,Kerala,India,2023-12-30,Occasional
2646,Meera Bir,customer2646@example.com,Vijayawada,Andhra Pradesh,India,2023-05-15,Premium
2647,Urmi Gole,customer2647@example.com,Coimbatore,Tamil Nadu,India,2025-02-11,Occasional
2648,Kai Naik,customer2648@example.com,Vijayawada,Andhra Pradesh,India,2025-11-25,Regular
2649,Netra Bir,customer2649@example.com,Kochi,Kerala,India,2025-12-10,Occasional
2650,Nathan Kata,customer2650@example.com,Bengaluru,Karnataka,India,2021-05-20,Premium
2651,Xalak Soni,customer2651@example.com,Ahmedabad,Gujarat,India,2021-10-27,Regular
2652,Warjas Cheema,customer2652@example.com,Pune,Maharashtra,India,2023-10-03,Occasional
2653,Osha Bhatt,customer2653@example.com,Jaipur,Rajasthan,India,2022-06-25,Occasional
2654,Ishwar Barad,customer2654@example.com,Vijayawada,Andhra Pradesh,India,2021-07-12,Premium
2655,Kavya Balan,customer2655@example.com,Delhi,Delhi,India,2021-08-15,New
2656,Hritik Sengupta,customer2656@example.com,Hyderabad,Telangana,India,2022-06-25,Occasional
2657,Ryan Hayre,customer2657@example.com,Coimbatore,Tamil Nadu,India,2024-03-19,Premium
2658,Raksha Mangal,customer2658@example.com,Bhopal,Madhya Pradesh,India,2023-02-24,Regular
2659,Neel Saraf,customer2659@example.com,Warangal,Telangana,India,2022-12-02,Premium
2660,Gabriel Bajwa,customer2660@example.com,Chennai,Tamil Nadu,India,2025-07-01,Regular
2661,Bahadurjit Dey,customer2661@example.com,Jaipur,Rajasthan,India,2021-10-26,Premium
2662,Nikita Bora,customer2662@example.com,Delhi,Delhi,India,2021-01-17,New
2663,Watika Gupta,customer2663@example.com,Delhi,Delhi,India,2023-11-25,Regular
2664,Xiti Pandey,customer2664@example.com,Ahmedabad,Gujarat,India,2022-10-07,Regular
2665,Ekalinga Sarna,customer2665@example.com,Jaipur,Rajasthan,India,2024-01-13,Premium
2666,Ekavir Brar,customer2666@example.com,Kochi,Kerala,India,2024-08-21,Occasional
2667,Harrison Dalal,customer2667@example.com,Visakhapatnam,Andhra Pradesh,India,2022-01-31,Regular
2668,Charan Zachariah,customer2668@example.com,Hyderabad,Telangana,India,2025-03-30,Regular
2669,Udarsh Mann,customer2669@example.com,Visakhapatnam,Andhra Pradesh,India,2023-10-26,New
2670,Ishita Bir,customer2670@example.com,Ahmedabad,Gujarat,India,2023-02-21,Regular
2671,Falan Warrior,customer2671@example.com,Hyderabad,Telangana,India,2022-05-06,Occasional
2672,Zarna Tella,customer2672@example.com,Ahmedabad,Gujarat,India,2025-11-23,Regular
2673,Dakshesh Choudhry,customer2673@example.com,Chennai,Tamil Nadu,India,2023-08-29,Regular
2674,Adya Balan,customer2674@example.com,Visakhapatnam,Andhra Pradesh,India,2025-12-16,Premium
2675,Oviya Lal,customer2675@example.com,Chennai,Tamil Nadu,India,2021-04-11,Occasional
2676,Daniel Dewan,customer2676@example.com,Bengaluru,Karnataka,India,2022-09-15,Premium
2677,David Keer,customer2677@example.com,Mumbai,Maharashtra,India,2022-09-27,Occasional
2678,Balendra Pal,customer2678@example.com,Pune,Maharashtra,India,2025-03-14,Occasional
2679,Faris Srinivas,customer2679@example.com,Delhi,Delhi,India,2021-08-08,Regular
2680,Benjamin Chawla,customer2680@example.com,Ahmedabad,Gujarat,India,2022-02-07,Premium
2681,Yashica Kar,customer2681@example.com,Vijayawada,Andhra Pradesh,India,2021-04-21,Premium
2682,Vanya Mitter,customer2682@example.com,Warangal,Telangana,India,2023-12-25,Regular
2683,Christopher Bal,customer2683@example.com,Vijayawada,Andhra Pradesh,India,2022-12-09,Occasional
2684,Andrew Subramaniam,customer2684@example.com,Bhopal,Madhya Pradesh,India,2022-09-02,Regular
2685,Krishna Dass,customer2685@example.com,Pune,Maharashtra,India,2021-06-11,New
2686,Lakshit D’Alia,customer2686@example.com,Mumbai,Maharashtra,India,2024-08-28,Regular
2687,Jhalak Pandey,customer2687@example.com,Chennai,Tamil Nadu,India,2024-09-22,Regular
2688,Rajeshri Bhardwaj,customer2688@example.com,Delhi,Delhi,India,2022-08-25,Regular
2689,George Anne,customer2689@example.com,Mumbai,Maharashtra,India,2023-01-10,Regular
2690,Chakradev Aurora,customer2690@example.com,Ahmedabad,Gujarat,India,2022-12-07,Premium
2691,Faraj Bhandari,customer2691@example.com,Warangal,Telangana,India,2023-02-16,Regular
2692,Pranit Mandal,customer2692@example.com,Pune,Maharashtra,India,2022-01-29,New
2693,Inaya Konda,customer2693@example.com,Kochi,Kerala,India,2021-05-16,Regular
2694,Mitali Srinivas,customer2694@example.com,Mumbai,Maharashtra,India,2023-06-28,Occasional
2695,Faraj Krishna,customer2695@example.com,Coimbatore,Tamil Nadu,India,2022-01-16,Occasional
2696,Warda Parikh,customer2696@example.com,Mumbai,Maharashtra,India,2025-08-17,Occasional
2697,Chasmum Peri,customer2697@example.com,Delhi,Delhi,India,2022-11-16,Regular
2698,Yash Vyas,customer2698@example.com,Kochi,Kerala,India,2025-09-10,Regular
2699,Yahvi Chawla,customer2699@example.com,Pune,Maharashtra,India,2023-04-12,New
2700,Nirja Sunder,customer2700@example.com,Kolkata,West Bengal,India,2021-06-17,Occasional
2701,Samar Devan,customer2701@example.com,Bhopal,Madhya Pradesh,India,2023-05-20,Regular
2702,Dalaja Kade,customer2702@example.com,Hyderabad,Telangana,India,2025-06-07,Regular
2703,Lucky Banik,customer2703@example.com,Mumbai,Maharashtra,India,2022-01-17,Premium
2704,Sudiksha Comar,customer2704@example.com,Visakhapatnam,Andhra Pradesh,India,2023-01-01,Occasional
2705,Bahadurjit Madan,customer2705@example.com,Chennai,Tamil Nadu,India,2021-03-08,Occasional
2706,Charita Chad,customer2706@example.com,Chennai,Tamil Nadu,India,2023-05-14,Occasional
2707,Leena Tandon,customer2707@example.com,Delhi,Delhi,India,2021-07-05,New
2708,Leena Sawhney,customer2708@example.com,Ahmedabad,Gujarat,India,2021-02-28,Regular
2709,Samesh Raghavan,customer2709@example.com,Vijayawada,Andhra Pradesh,India,2021-05-18,Occasional
2710,Charles Mody,customer2710@example.com,Chennai,Tamil Nadu,India,2022-07-27,Regular
2711,Atharv Nayar,customer2711@example.com,Delhi,Delhi,India,2021-04-08,Occasional
2712,Ayaan Om,customer2712@example.com,Coimbatore,Tamil Nadu,India,2023-03-27,Regular
2713,Dakshesh Chopra,customer2713@example.com,Ahmedabad,Gujarat,India,2024-09-10,New
2714,Bhavna Warrior,customer2714@example.com,Kolkata,West Bengal,India,2025-09-16,Regular
2715,Zilmil Lad,customer2715@example.com,Chennai,Tamil Nadu,India,2024-12-11,Occasional
2716,Unni Khanna,customer2716@example.com,Mumbai,Maharashtra,India,2022-05-21,Regular
2717,Avni Mahal,customer2717@example.com,Vijayawada,Andhra Pradesh,India,2022-02-14,Occasional
2718,Chakrika Nazareth,customer2718@example.com,Bhopal,Madhya Pradesh,India,2021-09-23,Regular
2719,Balvan Mahal,customer2719@example.com,Vijayawada,Andhra Pradesh,India,2025-11-10,Regular
2720,Zashil Arora,customer2720@example.com,Vijayawada,Andhra Pradesh,India,2024-01-29,Regular
2721,Ekani Lalla,customer2721@example.com,Mumbai,Maharashtra,India,2022-01-22,Regular
2722,Turvi Badal,customer2722@example.com,Chennai,Tamil Nadu,India,2022-07-10,Occasional
2723,Unnati Bansal,customer2723@example.com,Coimbatore,Tamil Nadu,India,2024-09-28,Regular
2724,Tejas Rege,customer2724@example.com,Bengaluru,Karnataka,India,2024-01-20,Occasional
2725,Aradhana Murthy,customer2725@example.com,Warangal,Telangana,India,2021-07-02,New
2726,Pranit Kuruvilla,customer2726@example.com,Visakhapatnam,Andhra Pradesh,India,2021-07-18,New
2727,Warda Datta,customer2727@example.com,Kolkata,West Bengal,India,2023-05-08,Regular
2728,Manan Bawa,customer2728@example.com,Kochi,Kerala,India,2022-12-08,Occasional
2729,Balvan Gour,customer2729@example.com,Hyderabad,Telangana,India,2022-12-24,Occasional
2730,Edhitha Barman,customer2730@example.com,Pune,Maharashtra,India,2025-04-24,Regular
2731,Darsh Lad,customer2731@example.com,Kolkata,West Bengal,India,2025-09-16,Occasional
2732,Ira Zachariah,customer2732@example.com,Bhopal,Madhya Pradesh,India,2023-03-11,Occasional
2733,Inaya Chopra,customer2733@example.com,Coimbatore,Tamil Nadu,India,2021-05-19,Regular
2734,Isaiah Vaidya,customer2734@example.com,Bengaluru,Karnataka,India,2021-08-29,New
2735,Samar Nanda,customer2735@example.com,Bhopal,Madhya Pradesh,India,2021-08-29,Regular
2736,Ojasvi Bora,customer2736@example.com,Delhi,Delhi,India,2025-11-08,Regular
2737,Luke Bakshi,customer2737@example.com,Jaipur,Rajasthan,India,2024-08-18,Premium
2738,Gautami Reddy,customer2738@example.com,Ahmedabad,Gujarat,India,2023-10-12,Occasional
2739,Chaitaly Balasubramanian,customer2739@example.com,Kolkata,West Bengal,India,2024-03-10,New
2740,Chaitanya Mannan,customer2740@example.com,Hyderabad,Telangana,India,2022-05-14,Regular
2741,Hitesh Kakar,customer2741@example.com,Delhi,Delhi,India,2022-04-12,Occasional
2742,Tanveer Radhakrishnan,customer2742@example.com,Kochi,Kerala,India,2023-08-31,Regular
2743,Mason Raj,customer2743@example.com,Warangal,Telangana,India,2025-12-16,Occasional
2744,Udarsh Thakur,customer2744@example.com,Kolkata,West Bengal,India,2021-09-01,Regular
2745,Jairaj Wable,customer2745@example.com,Hyderabad,Telangana,India,2025-11-20,Premium
2746,Zinal Sastry,customer2746@example.com,Chennai,Tamil Nadu,India,2021-06-09,Regular
2747,Robert Memon,customer2747@example.com,Warangal,Telangana,India,2023-09-12,Regular
2748,Xavier Pathak,customer2748@example.com,Jaipur,Rajasthan,India,2023-01-29,Occasional
2749,Divya D’Alia,customer2749@example.com,Bengaluru,Karnataka,India,2022-12-19,Regular
2750,Nimrat Pathak,customer2750@example.com,Chennai,Tamil Nadu,India,2023-01-19,Regular
2751,Yashasvi Bose,customer2751@example.com,Jaipur,Rajasthan,India,2021-09-05,Regular
2752,Victor Sen,customer2752@example.com,Bengaluru,Karnataka,India,2024-01-31,Regular
2753,Jeremiah Yogi,customer2753@example.com,Chennai,Tamil Nadu,India,2024-07-25,Regular
2754,Lakshit Lad,customer2754@example.com,Kochi,Kerala,India,2023-02-01,Regular
2755,Dipta Dalal,customer2755@example.com,Coimbatore,Tamil Nadu,India,2023-06-11,Regular
2756,Oviya Tiwari,customer2756@example.com,Kolkata,West Bengal,India,2021-09-11,Regular
2757,Rudra Gole,customer2757@example.com,Bengaluru,Karnataka,India,2022-04-07,New
2758,Ojas Dara,customer2758@example.com,Visakhapatnam,Andhra Pradesh,India,2024-11-11,Regular
2759,Upma Chaudhuri,customer2759@example.com,Warangal,Telangana,India,2024-07-24,Occasional
2760,Raagini Bajwa,customer2760@example.com,Kochi,Kerala,India,2022-01-28,Regular
2761,Kevin Varma,customer2761@example.com,Delhi,Delhi,India,2022-06-03,Occasional
2762,Pahal Pandya,customer2762@example.com,Chennai,Tamil Nadu,India,2025-07-03,Premium
2763,Wyatt Memon,customer2763@example.com,Vijayawada,Andhra Pradesh,India,2022-01-31,Premium
2764,Gayathri Chokshi,customer2764@example.com,Kochi,Kerala,India,2022-01-05,Premium
2765,Isha Sen,customer2765@example.com,Delhi,Delhi,India,2021-05-21,Regular
2766,Rajata Mann,customer2766@example.com,Bhopal,Madhya Pradesh,India,2024-06-24,Occasional
2767,Qadim Upadhyay,customer2767@example.com,Ahmedabad,Gujarat,India,2025-01-22,Regular
2768,Abhimanyu Pingle,customer2768@example.com,Pune,Maharashtra,India,2021-09-18,Occasional
2769,Ekani Sarna,customer2769@example.com,Mumbai,Maharashtra,India,2024-11-10,Regular
2770,Gunbir Kata,customer2770@example.com,Coimbatore,Tamil Nadu,India,2022-07-04,Regular
2771,Harita Bava,customer2771@example.com,Delhi,Delhi,India,2023-07-13,Premium
2772,Bhavika Naidu,customer2772@example.com,Bengaluru,Karnataka,India,2025-10-19,Premium
2773,Pranav Dhar,customer2773@example.com,Coimbatore,Tamil Nadu,India,2024-04-08,Regular
2774,Qushi Venkataraman,customer2774@example.com,Coimbatore,Tamil Nadu,India,2021-05-11,Regular
2775,Hardik Palan,customer2775@example.com,Kolkata,West Bengal,India,2023-05-15,Occasional
2776,Jagat Mani,customer2776@example.com,Mumbai,Maharashtra,India,2023-06-04,Regular
2777,Reva Kapur,customer2777@example.com,Ahmedabad,Gujarat,India,2023-05-01,Regular
2778,Aashi Cherian,customer2778@example.com,Kochi,Kerala,India,2022-06-11,Regular
2779,Lohit Char,customer2779@example.com,Hyderabad,Telangana,India,2022-12-21,Regular
2780,Ayaan Baral,customer2780@example.com,Pune,Maharashtra,India,2022-10-05,Occasional
2781,Abeer Suresh,customer2781@example.com,Jaipur,Rajasthan,India,2025-08-05,Regular
2782,Samar Manda,customer2782@example.com,Jaipur,Rajasthan,India,2021-03-22,Regular
2783,Sai Verma,customer2783@example.com,Ahmedabad,Gujarat,India,2025-11-10,Regular
2784,Chakrika Choudhary,customer2784@example.com,Kochi,Kerala,India,2022-01-28,Regular
2785,Rachana Tak,customer2785@example.com,Pune,Maharashtra,India,2022-01-08,Occasional
2786,Laksh Mallick,customer2786@example.com,Kolkata,West Bengal,India,2023-03-29,Occasional
2787,Farhan Kapadia,customer2787@example.com,Kolkata,West Bengal,India,2021-12-28,Occasional
2788,Naksh Tripathi,customer2788@example.com,Delhi,Delhi,India,2021-08-19,Regular
2789,Sudiksha Varghese,customer2789@example.com,Kolkata,West Bengal,India,2023-11-08,Regular
2790,Balvan Sant,customer2790@example.com,Bengaluru,Karnataka,India,2021-08-19,Occasional
2791,Ranveer Banik,customer2791@example.com,Visakhapatnam,Andhra Pradesh,India,2021-11-09,Occasional
2792,Laksh Puri,customer2792@example.com,Pune,Maharashtra,India,2021-01-25,Regular
2793,Alka Singhal,customer2793@example.com,Jaipur,Rajasthan,India,2022-11-16,Regular
2794,Rachit Taneja,customer2794@example.com,Coimbatore,Tamil Nadu,India,2022-04-16,New
2795,Rushil Chakrabarti,customer2795@example.com,Warangal,Telangana,India,2023-05-29,Regular
2796,Aarush Saraf,customer2796@example.com,Chennai,Tamil Nadu,India,2025-05-24,Regular
2797,Sathvik Gokhale,customer2797@example.com,Visakhapatnam,Andhra Pradesh,India,2021-07-28,Regular
2798,Adya Rai,customer2798@example.com,Mumbai,Maharashtra,India,2021-05-01,Regular
2799,Ikshita Sule,customer2799@example.com,Delhi,Delhi,India,2025-12-20,Regular
2800,Charita Kata,customer2800@example.com,Kolkata,West Bengal,India,2025-07-07,Occasional
2801,Vrishti Ramanathan,customer2801@example.com,Pune,Maharashtra,India,2023-06-27,Occasional
2802,Chakrika Char,customer2802@example.com,Ahmedabad,Gujarat,India,2024-01-15,New
2803,Bhavna Saini,customer2803@example.com,Delhi,Delhi,India,2022-11-12,Regular
2804,Yug Sandal,customer2804@example.com,Coimbatore,Tamil Nadu,India,2024-10-21,Premium
2805,Ucchal Nagar,customer2805@example.com,Vijayawada,Andhra Pradesh,India,2021-12-26,Regular
2806,Mitali Dave,customer2806@example.com,Mumbai,Maharashtra,India,2021-12-19,New
2807,Nisha Keer,customer2807@example.com,Vijayawada,Andhra Pradesh,India,2025-02-11,Occasional
2808,Amrita Tripathi,customer2808@example.com,Chennai,Tamil Nadu,India,2021-03-31,Regular
2809,Darsh Naidu,customer2809@example.com,Warangal,Telangana,India,2022-10-31,Premium
2810,Nisha Raman,customer2810@example.com,Bhopal,Madhya Pradesh,India,2023-03-24,Occasional
2811,Mohini Lad,customer2811@example.com,Ahmedabad,Gujarat,India,2024-10-05,Premium
2812,Vedika Kanda,customer2812@example.com,Kochi,Kerala,India,2021-06-19,Regular
2813,Darika Sem,customer2813@example.com,Kochi,Kerala,India,2023-11-22,New
2814,Ojas Wason,customer2814@example.com,Warangal,Telangana,India,2024-06-27,Regular
2815,Forum Dayal,customer2815@example.com,Bengaluru,Karnataka,India,2022-10-03,Premium
2816,Ansh Raghavan,customer2816@example.com,Bhopal,Madhya Pradesh,India,2025-08-04,Occasional
2817,Ira Bhatnagar,customer2817@example.com,Mumbai,Maharashtra,India,2021-10-08,Regular
2818,Janaki Wason,customer2818@example.com,Vijayawada,Andhra Pradesh,India,2021-06-02,Regular
2819,Meghana Karnik,customer2819@example.com,Visakhapatnam,Andhra Pradesh,India,2022-09-09,Premium
2820,Kashvi Narula,customer2820@example.com,Ahmedabad,Gujarat,India,2023-06-21,Occasional
2821,Yuvraj Arya,customer2821@example.com,Hyderabad,Telangana,India,2024-07-08,Premium
2822,Harsh Thaker,customer2822@example.com,Pune,Maharashtra,India,2021-04-23,Occasional
2823,Brijesh Dugar,customer2823@example.com,Pune,Maharashtra,India,2024-05-21,Occasional
2824,Arjun Karpe,customer2824@example.com,Kolkata,West Bengal,India,2023-05-30,New
2825,Anita Dasgupta,customer2825@example.com,Ahmedabad,Gujarat,India,2023-02-08,New
2826,Karan Madan,customer2826@example.com,Ahmedabad,Gujarat,India,2024-03-19,Regular
2827,Ethan Thaman,customer2827@example.com,Vijayawada,Andhra Pradesh,India,2021-09-21,Regular
2828,Alexander Doshi,customer2828@example.com,Jaipur,Rajasthan,India,2024-07-14,Regular
2829,Rishi Muni,customer2829@example.com,Visakhapatnam,Andhra Pradesh,India,2021-10-24,Occasional
2830,Yauvani Bajaj,customer2830@example.com,Bhopal,Madhya Pradesh,India,2023-10-03,Regular
2831,Tara Jain,customer2831@example.com,Ahmedabad,Gujarat,India,2023-07-28,Regular
2832,Urishilla Puri,customer2832@example.com,Ahmedabad,Gujarat,India,2021-11-06,Regular
2833,Girik Kapadia,customer2833@example.com,Pune,Maharashtra,India,2023-06-24,Regular
2834,Vasudha Mane,customer2834@example.com,Chennai,Tamil Nadu,India,2024-06-16,Occasional
2835,Lavanya Badal,customer2835@example.com,Kolkata,West Bengal,India,2025-07-15,Regular
2836,Kashish Chokshi,customer2836@example.com,Delhi,Delhi,India,2025-03-25,Regular
2837,Aryan Ranganathan,customer2837@example.com,Mumbai,Maharashtra,India,2024-11-06,Premium
2838,Kala Sood,customer2838@example.com,Ahmedabad,Gujarat,India,2022-12-23,Occasional
2839,Deepa Natarajan,customer2839@example.com,Coimbatore,Tamil Nadu,India,2025-10-16,Premium
2840,Girish Gara,customer2840@example.com,Mumbai,Maharashtra,India,2022-03-23,Regular
2841,Zaid Chacko,customer2841@example.com,Hyderabad,Telangana,India,2022-10-08,Occasional
2842,Urvashi Virk,customer2842@example.com,Kolkata,West Bengal,India,2022-03-16,New
2843,Daniel Tak,customer2843@example.com,Kolkata,West Bengal,India,2025-10-27,Regular
2844,Deepa Nazareth,customer2844@example.com,Kochi,Kerala,India,2023-02-23,Regular
2845,Ekanta Ray,customer2845@example.com,Mumbai,Maharashtra,India,2022-04-13,Regular
2846,Shaurya Suresh,customer2846@example.com,Kochi,Kerala,India,2021-01-18,Premium
2847,Dhriti Keer,customer2847@example.com,Pune,Maharashtra,India,2025-08-23,Regular
2848,Vasudha Varkey,customer2848@example.com,Bhopal,Madhya Pradesh,India,2023-09-27,Regular
2849,Henry Sandal,customer2849@example.com,Delhi,Delhi,India,2025-09-20,Regular
2850,Joshua Arya,customer2850@example.com,Vijayawada,Andhra Pradesh,India,2021-08-29,Occasional
2851,Ojas Hora,customer2851@example.com,Delhi,Delhi,India,2022-05-19,Occasional
2852,Balvan Samra,customer2852@example.com,Chennai,Tamil Nadu,India,2024-09-21,Regular
2853,Vidhi Dey,customer2853@example.com,Delhi,Delhi,India,2025-03-19,Regular
2854,Mohini Andra,customer2854@example.com,Ahmedabad,Gujarat,India,2025-08-27,Occasional
2855,Radhika Menon,customer2855@example.com,Bhopal,Madhya Pradesh,India,2023-07-11,Regular
2856,Kamya Gandhi,customer2856@example.com,Vijayawada,Andhra Pradesh,India,2023-04-23,Occasional
2857,Samarth Prabhu,customer2857@example.com,Mumbai,Maharashtra,India,2022-03-16,Regular
2858,Urmi Shere,customer2858@example.com,Ahmedabad,Gujarat,India,2025-06-02,Occasional
2859,Krishna Gala,customer2859@example.com,Delhi,Delhi,India,2022-10-17,Regular
2860,Advaith Nadkarni,customer2860@example.com,Warangal,Telangana,India,2025-06-18,Regular
2861,Mason Singhal,customer2861@example.com,Mumbai,Maharashtra,India,2024-07-17,Premium
2862,Devika Guha,customer2862@example.com,Kolkata,West Bengal,India,2021-07-28,Regular
2863,Tara Narayanan,customer2863@example.com,Mumbai,Maharashtra,India,2022-09-12,Occasional
2864,Upadhriti Dugar,customer2864@example.com,Kolkata,West Bengal,India,2021-10-22,Regular
2865,Upkaar Pai,customer2865@example.com,Hyderabad,Telangana,India,2021-07-27,Regular
2866,Anvi Mane,customer2866@example.com,Ahmedabad,Gujarat,India,2021-02-13,Premium
2867,Jhalak Rau,customer2867@example.com,Warangal,Telangana,India,2024-08-17,Regular
2868,Faras Dua,customer2868@example.com,Bengaluru,Karnataka,India,2023-03-03,Occasional
2869,Ati Gokhale,customer2869@example.com,Vijayawada,Andhra Pradesh,India,2021-11-16,Premium
2870,Jonathan Vig,customer2870@example.com,Warangal,Telangana,India,2023-03-28,Regular
2871,Ganga Malhotra,customer2871@example.com,Kolkata,West Bengal,India,2025-12-30,Regular
2872,Om Agate,customer2872@example.com,Delhi,Delhi,India,2025-01-10,Regular
2873,Gavin Din,customer2873@example.com,Kochi,Kerala,India,2022-12-22,Regular
2874,Vaishnavi Acharya,customer2874@example.com,Pune,Maharashtra,India,2022-03-22,Regular
2875,Charles Devan,customer2875@example.com,Kochi,Kerala,India,2023-10-02,Premium
2876,Pavani Sodhi,customer2876@example.com,Warangal,Telangana,India,2025-05-09,Occasional
2877,Xiti Dalal,customer2877@example.com,Bengaluru,Karnataka,India,2023-10-14,Premium
2878,Krishna Rajan,customer2878@example.com,Kochi,Kerala,India,2023-01-19,Regular
2879,Devika Vig,customer2879@example.com,Ahmedabad,Gujarat,India,2025-01-14,Regular
2880,Tanish Ganesan,customer2880@example.com,Chennai,Tamil Nadu,India,2023-09-12,Occasional
2881,Rajeshri Sathe,customer2881@example.com,Mumbai,Maharashtra,India,2023-05-13,Occasional
2882,Jai Saran,customer2882@example.com,Coimbatore,Tamil Nadu,India,2025-03-03,Premium
2883,Aryan Pau,customer2883@example.com,Kochi,Kerala,India,2023-12-18,Occasional
2884,Panini Kala,customer2884@example.com,Delhi,Delhi,India,2024-12-19,Occasional
2885,Lavanya Prasad,customer2885@example.com,Kolkata,West Bengal,India,2025-10-06,Regular
2886,Rohan Sathe,customer2886@example.com,Hyderabad,Telangana,India,2022-07-11,Regular
2887,Abdul Mukherjee,customer2887@example.com,Vijayawada,Andhra Pradesh,India,2024-01-27,Occasional
2888,Jyoti Kulkarni,customer2888@example.com,Ahmedabad,Gujarat,India,2023-10-18,Occasional
2889,Anjali Bandi,customer2889@example.com,Chennai,Tamil Nadu,India,2025-04-12,Regular
2890,Mitali Bassi,customer2890@example.com,Visakhapatnam,Andhra Pradesh,India,2023-05-05,New
2891,Dakshesh Balasubramanian,customer2891@example.com,Bhopal,Madhya Pradesh,India,2023-02-26,Regular
2892,Vritti Ghose,customer2892@example.com,Visakhapatnam,Andhra Pradesh,India,2025-01-02,Occasional
2893,Balvan Pingle,customer2893@example.com,Vijayawada,Andhra Pradesh,India,2025-01-10,New
2894,Peter Deep,customer2894@example.com,Ahmedabad,Gujarat,India,2021-03-31,Premium
2895,Jagdish Bhalla,customer2895@example.com,Kolkata,West Bengal,India,2021-09-15,Regular
2896,Dipta Chatterjee,customer2896@example.com,Chennai,Tamil Nadu,India,2024-10-09,Regular
2897,Rishi Badal,customer2897@example.com,Hyderabad,Telangana,India,2025-08-18,Occasional
2898,Omkaar Peri,customer2898@example.com,Chennai,Tamil Nadu,India,2023-10-31,New
2899,Neha Saha,customer2899@example.com,Chennai,Tamil Nadu,India,2025-05-24,Regular
2900,Reyansh Thaker,customer2900@example.com,Pune,Maharashtra,India,2021-07-11,Premium
2901,Fiyaz Gera,customer2901@example.com,Kochi,Kerala,India,2022-04-04,Regular
2902,Anya Issac,customer2902@example.com,Warangal,Telangana,India,2024-10-09,Regular
2903,Oscar Aggarwal,customer2903@example.com,Chennai,Tamil Nadu,India,2025-04-20,Premium
2904,Indali Dalal,customer2904@example.com,Hyderabad,Telangana,India,2023-08-25,Regular
2905,Gabriel Sheth,customer2905@example.com,Vijayawada,Andhra Pradesh,India,2023-11-27,Regular
2906,Gautam Gopal,customer2906@example.com,Jaipur,Rajasthan,India,2021-10-01,Regular
2907,Eesha Bahri,customer2907@example.com,Kochi,Kerala,India,2021-09-26,Premium
2908,Teerth Prasad,customer2908@example.com,Bengaluru,Karnataka,India,2022-06-11,Regular
2909,Yatin Morar,customer2909@example.com,Visakhapatnam,Andhra Pradesh,India,2024-12-01,Regular
2910,Dayita Bera,customer2910@example.com,Bhopal,Madhya Pradesh,India,2022-08-17,New
2911,Pranav Mallick,customer2911@example.com,Kochi,Kerala,India,2024-03-24,Regular
2912,Odika Kara,customer2912@example.com,Hyderabad,Telangana,India,2022-03-13,Regular
2913,Ryan Goel,customer2913@example.com,Bengaluru,Karnataka,India,2022-08-08,Occasional
2914,Ria Lalla,customer2914@example.com,Kochi,Kerala,India,2023-07-06,Premium
2915,Isha Patla,customer2915@example.com,Kolkata,West Bengal,India,2021-10-15,Regular
2916,Onkar Bansal,customer2916@example.com,Ahmedabad,Gujarat,India,2023-12-20,Occasional
2917,Nachiket Yogi,customer2917@example.com,Kochi,Kerala,India,2025-12-24,Regular
2918,Radha Palan,customer2918@example.com,Bhopal,Madhya Pradesh,India,2025-11-02,Regular
2919,Hema Thakur,customer2919@example.com,Chennai,Tamil Nadu,India,2023-06-16,Premium
2920,Gautam Varghese,customer2920@example.com,Delhi,Delhi,India,2025-09-10,Regular
2921,Tejas Sibal,customer2921@example.com,Bengaluru,Karnataka,India,2022-10-17,Regular
2922,Jack Varughese,customer2922@example.com,Hyderabad,Telangana,India,2023-03-22,Regular
2923,Logan Sibal,customer2923@example.com,Kolkata,West Bengal,India,2022-08-03,Regular
2924,Kashish Purohit,customer2924@example.com,Ahmedabad,Gujarat,India,2025-12-29,Occasional
2925,Henry Parmer,customer2925@example.com,Chennai,Tamil Nadu,India,2021-04-16,Regular
2926,Oviya Soman,customer2926@example.com,Ahmedabad,Gujarat,India,2021-01-25,Regular
2927,Harish Grover,customer2927@example.com,Vijayawada,Andhra Pradesh,India,2023-11-06,Regular
2928,Nicholas Sibal,customer2928@example.com,Coimbatore,Tamil Nadu,India,2024-01-18,Occasional
2929,Anthony Sarna,customer2929@example.com,Bhopal,Madhya Pradesh,India,2025-08-26,Occasional
2930,Mohini Solanki,customer2930@example.com,Bengaluru,Karnataka,India,2024-11-19,Premium
2931,Kashvi Nazareth,customer2931@example.com,Bengaluru,Karnataka,India,2023-01-27,Regular
2932,Charita Baria,customer2932@example.com,Coimbatore,Tamil Nadu,India,2025-02-08,Regular
2933,Oviya Sandhu,customer2933@example.com,Pune,Maharashtra,India,2022-12-29,Regular
2934,Ayush Gade,customer2934@example.com,Kochi,Kerala,India,2023-04-17,Regular
2935,Charita Viswanathan,customer2935@example.com,Delhi,Delhi,India,2025-05-11,Occasional
2936,Kalpit Nath,customer2936@example.com,Bhopal,Madhya Pradesh,India,2022-09-09,Premium
2937,Dayamai Dhaliwal,customer2937@example.com,Coimbatore,Tamil Nadu,India,2021-06-17,Regular
2938,Meghana Gandhi,customer2938@example.com,Jaipur,Rajasthan,India,2023-12-12,Regular
2939,Manbir Iyer,customer2939@example.com,Vijayawada,Andhra Pradesh,India,2024-12-01,Premium
2940,Damyanti Buch,customer2940@example.com,Ahmedabad,Gujarat,India,2022-06-19,Occasional
2941,Samar Sarkar,customer2941@example.com,Chennai,Tamil Nadu,India,2022-07-28,Regular
2942,Mitesh Prasad,customer2942@example.com,Kolkata,West Bengal,India,2021-10-08,Occasional
2943,Nathaniel Padmanabhan,customer2943@example.com,Bengaluru,Karnataka,India,2021-01-16,Regular
2944,Meera Kala,customer2944@example.com,Pune,Maharashtra,India,2021-11-07,Regular
2945,Ubika Kibe,customer2945@example.com,Pune,Maharashtra,India,2025-01-07,Premium
2946,Kabir Nadkarni,customer2946@example.com,Ahmedabad,Gujarat,India,2021-10-25,Occasional
2947,Eta Mandal,customer2947@example.com,Hyderabad,Telangana,India,2022-02-19,Occasional
2948,Ekbal Palan,customer2948@example.com,Bengaluru,Karnataka,India,2024-08-12,Regular
2949,Tristan Gokhale,customer2949@example.com,Hyderabad,Telangana,India,2025-02-26,Regular
2950,Janaki Oak,customer2950@example.com,Kolkata,West Bengal,India,2023-01-01,Regular
2951,Mitali Brahmbhatt,customer2951@example.com,Hyderabad,Telangana,India,2025-04-07,Regular
2952,Xalak Guha,customer2952@example.com,Coimbatore,Tamil Nadu,India,2022-12-16,Regular
2953,Chasmum Saran,customer2953@example.com,Kolkata,West Bengal,India,2021-05-18,Regular
2954,Leena Gole,customer2954@example.com,Vijayawada,Andhra Pradesh,India,2021-10-16,Regular
2955,Bhavani Mukhopadhyay,customer2955@example.com,Hyderabad,Telangana,India,2024-08-15,Regular
2956,Bakhshi Lal,customer2956@example.com,Jaipur,Rajasthan,India,2024-04-16,Occasional
2957,Nihal Rao,customer2957@example.com,Hyderabad,Telangana,India,2024-08-03,New
2958,Udyati Butala,customer2958@example.com,Chennai,Tamil Nadu,India,2025-05-27,Occasional
2959,Nidhi Arora,customer2959@example.com,Bhopal,Madhya Pradesh,India,2023-12-12,Occasional
2960,Kabir Tripathi,customer2960@example.com,Warangal,Telangana,India,2022-05-15,Regular
2961,Advay Sunder,customer2961@example.com,Visakhapatnam,Andhra Pradesh,India,2024-04-08,Premium
2962,Chatura Mitter,customer2962@example.com,Ahmedabad,Gujarat,India,2024-06-02,Occasional
2963,Jack Seshadri,customer2963@example.com,Bhopal,Madhya Pradesh,India,2024-08-13,Regular
2964,Urvashi Nayak,customer2964@example.com,Pune,Maharashtra,India,2025-04-09,Occasional
2965,Isaac Gola,customer2965@example.com,Hyderabad,Telangana,India,2025-07-21,Occasional
2966,Fariq Doctor,customer2966@example.com,Mumbai,Maharashtra,India,2024-08-10,Regular
2967,Aarna Hora,customer2967@example.com,Vijayawada,Andhra Pradesh,India,2021-01-22,Premium
2968,Radhika Bava,customer2968@example.com,Mumbai,Maharashtra,India,2025-05-19,Premium
2969,Balveer Dara,customer2969@example.com,Chennai,Tamil Nadu,India,2024-12-14,New
2970,Jeevika Bedi,customer2970@example.com,Warangal,Telangana,India,2025-03-02,Premium
2971,Pavani Nazareth,customer2971@example.com,Chennai,Tamil Nadu,India,2024-02-22,Regular
2972,Amara Gola,customer2972@example.com,Chennai,Tamil Nadu,India,2023-07-10,Regular
2973,Omisha Badal,customer2973@example.com,Visakhapatnam,Andhra Pradesh,India,2023-07-01,Regular
2974,Chameli Banik,customer2974@example.com,Visakhapatnam,Andhra Pradesh,India,2024-10-20,New
2975,Balhaar Wali,customer2975@example.com,Ahmedabad,Gujarat,India,2021-12-13,Occasional
2976,Parth Chad,customer2976@example.com,Delhi,Delhi,India,2024-05-15,Occasional
2977,Jonathan Dhillon,customer2977@example.com,Kochi,Kerala,India,2025-07-21,Regular
2978,Anvi Pai,customer2978@example.com,Pune,Maharashtra,India,2025-03-14,Occasional
2979,Tara Baria,customer2979@example.com,Vijayawada,Andhra Pradesh,India,2024-11-24,Occasional
2980,Kashish Barad,customer2980@example.com,Bhopal,Madhya Pradesh,India,2021-08-26,Premium
2981,Lavanya Vala,customer2981@example.com,Kochi,Kerala,India,2022-04-01,Regular
2982,Chasmum Sami,customer2982@example.com,Delhi,Delhi,India,2021-09-02,Regular
2983,Qarin Kurian,customer2983@example.com,Visakhapatnam,Andhra Pradesh,India,2024-05-30,Regular
2984,Jackson Handa,customer2984@example.com,Jaipur,Rajasthan,India,2021-09-04,Regular
2985,Chavvi Varkey,customer2985@example.com,Pune,Maharashtra,India,2025-11-09,New
2986,Chandran Prasad,customer2986@example.com,Ahmedabad,Gujarat,India,2025-08-03,New
2987,Tanveer Sarkar,customer2987@example.com,Pune,Maharashtra,India,2025-11-17,Occasional
2988,Aradhana Thaker,customer2988@example.com,Delhi,Delhi,India,2023-05-04,Occasional
2989,Pratyush Mane,customer2989@example.com,Delhi,Delhi,India,2021-05-23,Occasional
2990,Niharika Johal,customer2990@example.com,Pune,Maharashtra,India,2023-04-28,Regular
2991,Kai Maharaj,customer2991@example.com,Jaipur,Rajasthan,India,2021-02-28,Regular
2992,Eesha Chatterjee,customer2992@example.com,Delhi,Delhi,India,2023-04-10,Occasional
2993,Andrew Nair,customer2993@example.com,Bhopal,Madhya Pradesh,India,2022-11-19,Occasional
2994,Bhavna Sharma,customer2994@example.com,Pune,Maharashtra,India,2022-11-18,New
2995,Lopa Soni,customer2995@example.com,Kolkata,West Bengal,India,2024-07-31,New
2996,Hemal Oak,customer2996@example.com,Hyderabad,Telangana,India,2025-09-29,Occasional
2997,Sai Doshi,customer2997@example.com,Mumbai,Maharashtra,India,2023-09-21,Regular
2998,Shivansh Walia,customer2998@example.com,Ahmedabad,Gujarat,India,2024-12-06,Premium
2999,Aadhya Rau,customer2999@example.com,Bhopal,Madhya Pradesh,India,2022-06-13,Regular
3000,Vidhi Pai,customer3000@example.com,Mumbai,Maharashtra,India,2021-04-11,New
3001,Kala Modi,customer3001@example.com,Chennai,Tamil Nadu,India,2021-09-16,Occasional
3002,Siya Sibal,customer3002@example.com,Hyderabad,Telangana,India,2023-06-26,Occasional
3003,Ojas Pandey,customer3003@example.com,Vijayawada,Andhra Pradesh,India,2021-04-02,Occasional
3004,Ojasvi Bajaj,customer3004@example.com,Bhopal,Madhya Pradesh,India,2025-10-22,Regular
3005,Wahab Prashad,customer3005@example.com,Ahmedabad,Gujarat,India,2023-06-02,Regular
3006,Kritika Dasgupta,customer3006@example.com,Jaipur,Rajasthan,India,2025-07-29,Regular
3007,Tejas Kakar,customer3007@example.com,Hyderabad,Telangana,India,2021-10-29,Regular
3008,Pranav Dutt,customer3008@example.com,Bengaluru,Karnataka,India,2021-12-10,Premium
3009,Indira Kalla,customer3009@example.com,Pune,Maharashtra,India,2024-05-31,Occasional
3010,Ekaja Patil,customer3010@example.com,Chennai,Tamil Nadu,India,2024-07-23,Regular
3011,Yadavi Wason,customer3011@example.com,Kochi,Kerala,India,2021-11-25,Regular
3012,Umang Raval,customer3012@example.com,Jaipur,Rajasthan,India,2025-07-13,Regular
3013,Bhavini Sengupta,customer3013@example.com,Bhopal,Madhya Pradesh,India,2025-03-18,Regular
3014,Mugdha Mani,customer3014@example.com,Warangal,Telangana,India,2022-05-03,Occasional
3015,Ucchal Gera,customer3015@example.com,Kochi,Kerala,India,2021-01-11,Regular
3016,Omya Sahota,customer3016@example.com,Kolkata,West Bengal,India,2021-11-02,Occasional
3017,Ayush Kapur,customer3017@example.com,Vijayawada,Andhra Pradesh,India,2024-06-28,Occasional
3018,Nilima Bajaj,customer3018@example.com,Coimbatore,Tamil Nadu,India,2022-03-07,New
3019,Ojas Sodhi,customer3019@example.com,Jaipur,Rajasthan,India,2023-10-07,Regular
3020,Arin Ramachandran,customer3020@example.com,Hyderabad,Telangana,India,2021-10-10,Occasional
3021,Neel Shankar,customer3021@example.com,Jaipur,Rajasthan,India,2025-09-12,Regular
3022,Parth Sodhi,customer3022@example.com,Kochi,Kerala,India,2024-02-21,Premium
3023,Kevin Memon,customer3023@example.com,Kochi,Kerala,India,2022-09-13,Regular
3024,Samuel Shenoy,customer3024@example.com,Bhopal,Madhya Pradesh,India,2021-07-21,Occasional
3025,Sachi Khurana,customer3025@example.com,Delhi,Delhi,India,2024-11-27,New
3026,Xiti Choudhry,customer3026@example.com,Warangal,Telangana,India,2022-07-04,Occasional
3027,Yash Shere,customer3027@example.com,Chennai,Tamil Nadu,India,2023-10-27,Occasional
3028,Bachittar Ray,customer3028@example.com,Coimbatore,Tamil Nadu,India,2021-08-05,Regular
3029,Lekha Bobal,customer3029@example.com,Hyderabad,Telangana,India,2025-06-03,Regular
3030,Jai Walla,customer3030@example.com,Visakhapatnam,Andhra Pradesh,India,2024-07-19,Regular
3031,Vasana Bhasin,customer3031@example.com,Mumbai,Maharashtra,India,2021-03-15,Regular
3032,Balveer Patla,customer3032@example.com,Pune,Maharashtra,India,2023-06-30,Regular
3033,Priya Dash,customer3033@example.com,Bengaluru,Karnataka,India,2024-05-25,Regular
3034,Adweta Choudhury,customer3034@example.com,Vijayawada,Andhra Pradesh,India,2021-11-18,Regular
3035,Nitara Nori,customer3035@example.com,Hyderabad,Telangana,India,2022-06-09,Occasional
3036,Vasudha Kade,customer3036@example.com,Delhi,Delhi,India,2022-03-18,New
3037,Forum Borah,customer3037@example.com,Kochi,Kerala,India,2023-04-02,Regular
3038,Yash Lad,customer3038@example.com,Ahmedabad,Gujarat,India,2024-11-24,Premium
3039,Sai Narayanan,customer3039@example.com,Delhi,Delhi,India,2023-11-30,Regular
3040,Anvi Banik,customer3040@example.com,Delhi,Delhi,India,2024-10-31,Premium
3041,Bhavya Bal,customer3041@example.com,Pune,Maharashtra,India,2022-03-12,Premium
3042,Janani Manne,customer3042@example.com,Jaipur,Rajasthan,India,2022-11-18,Occasional
3043,Dalaja Soman,customer3043@example.com,Ahmedabad,Gujarat,India,2023-08-11,Regular
3044,Mohammed Dave,customer3044@example.com,Warangal,Telangana,India,2024-09-28,Regular
3045,Leena Kurian,customer3045@example.com,Delhi,Delhi,India,2022-04-01,Occasional
3046,Siddharth Mitter,customer3046@example.com,Bengaluru,Karnataka,India,2022-12-10,Occasional
3047,Aashi Patla,customer3047@example.com,Kolkata,West Bengal,India,2022-04-06,Regular
3048,Vansha Garde,customer3048@example.com,Kolkata,West Bengal,India,2025-04-30,Regular
3049,Yachana Murthy,customer3049@example.com,Jaipur,Rajasthan,India,2023-12-06,Regular
3050,Kritika Sundaram,customer3050@example.com,Jaipur,Rajasthan,India,2025-06-14,New
3051,Parth Sule,customer3051@example.com,Ahmedabad,Gujarat,India,2022-06-10,Regular
3052,Dhruv Oommen,customer3052@example.com,Warangal,Telangana,India,2024-03-26,Regular
3053,Samuel Kapur,customer3053@example.com,Delhi,Delhi,India,2022-11-30,Regular
3054,Jagdish Hegde,customer3054@example.com,Bhopal,Madhya Pradesh,India,2022-04-12,Regular
3055,Tripti Arora,customer3055@example.com,Warangal,Telangana,India,2024-01-13,Occasional
3056,Samaksh Patla,customer3056@example.com,Delhi,Delhi,India,2025-06-17,Regular
3057,Hardik Narayan,customer3057@example.com,Chennai,Tamil Nadu,India,2021-04-13,Regular
3058,Anika Warrior,customer3058@example.com,Jaipur,Rajasthan,India,2025-04-26,Occasional
3059,Daksh Sekhon,customer3059@example.com,Kochi,Kerala,India,2025-07-29,Regular
3060,Yash Kunda,customer3060@example.com,Pune,Maharashtra,India,2025-10-27,Regular
3061,Vedant Shan,customer3061@example.com,Kochi,Kerala,India,2022-07-22,Regular
3062,Amaira Mall,customer3062@example.com,Bengaluru,Karnataka,India,2022-07-06,Regular
3063,Devansh Deo,customer3063@example.com,Bhopal,Madhya Pradesh,India,2021-10-11,Occasional
3064,Darsh Johal,customer3064@example.com,Chennai,Tamil Nadu,India,2025-06-12,Occasional
3065,Vansha Shetty,customer3065@example.com,Bengaluru,Karnataka,India,2022-12-09,Occasional
3066,Eiravati Bora,customer3066@example.com,Coimbatore,Tamil Nadu,India,2021-11-02,Premium
3067,Jackson Sathe,customer3067@example.com,Vijayawada,Andhra Pradesh,India,2022-09-03,Premium
3068,Rudra Chaudhry,customer3068@example.com,Jaipur,Rajasthan,India,2021-09-17,New
3069,Vidhi Mital,customer3069@example.com,Coimbatore,Tamil Nadu,India,2025-08-13,Occasional
3070,Qushi Choudhury,customer3070@example.com,Mumbai,Maharashtra,India,2025-11-04,Premium
3071,Tanmayi Acharya,customer3071@example.com,Vijayawada,Andhra Pradesh,India,2024-10-07,Occasional
3072,Anika Tailor,customer3072@example.com,Mumbai,Maharashtra,India,2023-02-22,Regular
3073,Yashica Subramanian,customer3073@example.com,Hyderabad,Telangana,India,2022-07-03,Regular
3074,Chandani Lalla,customer3074@example.com,Vijayawada,Andhra Pradesh,India,2025-05-17,Regular
3075,Harita Maharaj,customer3075@example.com,Chennai,Tamil Nadu,India,2025-07-12,Regular
3076,Ria Choudhury,customer3076@example.com,Kochi,Kerala,India,2025-10-10,Regular
3077,Abeer Nagar,customer3077@example.com,Kolkata,West Bengal,India,2022-07-21,Regular
3078,Warhi Gade,customer3078@example.com,Bengaluru,Karnataka,India,2025-05-03,Occasional
3079,Rachana Modi,customer3079@example.com,Visakhapatnam,Andhra Pradesh,India,2022-07-10,Premium
3080,Hema Yohannan,customer3080@example.com,Jaipur,Rajasthan,India,2021-10-21,New
3081,Ikbal Kata,customer3081@example.com,Ahmedabad,Gujarat,India,2022-07-22,Premium
3082,Yachana Mody,customer3082@example.com,Bengaluru,Karnataka,India,2022-10-25,Premium
3083,Harshil Mital,customer3083@example.com,Chennai,Tamil Nadu,India,2023-09-22,Occasional
3084,Ekiya Dugar,customer3084@example.com,Jaipur,Rajasthan,India,2022-10-16,Regular
3085,Onveer Dugar,customer3085@example.com,Kolkata,West Bengal,India,2022-08-20,Occasional
3086,Zaitra Som,customer3086@example.com,Hyderabad,Telangana,India,2022-05-04,Premium
3087,Veer Lall,customer3087@example.com,Visakhapatnam,Andhra Pradesh,India,2024-07-19,Regular
3088,Kamala Dhillon,customer3088@example.com,Coimbatore,Tamil Nadu,India,2025-01-06,New
3089,Irya Murty,customer3089@example.com,Pune,Maharashtra,India,2023-08-10,Occasional
3090,Pavani Ramaswamy,customer3090@example.com,Hyderabad,Telangana,India,2024-10-29,Regular
3091,Netra Bhakta,customer3091@example.com,Bhopal,Madhya Pradesh,India,2024-07-19,Regular
3092,Logan Shan,customer3092@example.com,Chennai,Tamil Nadu,India,2024-06-24,New
3093,Samaksh Joshi,customer3093@example.com,Ahmedabad,Gujarat,India,2023-05-02,New
3094,Kashvi Bajwa,customer3094@example.com,Warangal,Telangana,India,2023-03-07,New
3095,Lavanya Nanda,customer3095@example.com,Kolkata,West Bengal,India,2023-09-27,Occasional
3096,Tanveer Thakur,customer3096@example.com,Ahmedabad,Gujarat,India,2025-09-30,Premium
3097,Hredhaan Borde,customer3097@example.com,Chennai,Tamil Nadu,India,2024-09-29,Regular
3098,Eshana Srinivasan,customer3098@example.com,Kolkata,West Bengal,India,2023-01-26,Regular
3099,Madhavi Sur,customer3099@example.com,Vijayawada,Andhra Pradesh,India,2024-12-30,Premium
3100,Keya Bhargava,customer3100@example.com,Chennai,Tamil Nadu,India,2023-02-16,New
3101,Hema Majumdar,customer3101@example.com,Mumbai,Maharashtra,India,2021-11-12,Regular
3102,Raksha Mane,customer3102@example.com,Delhi,Delhi,India,2025-07-30,Occasional
3103,Krish Borah,customer3103@example.com,Hyderabad,Telangana,India,2021-12-11,Regular
3104,Max Dora,customer3104@example.com,Pune,Maharashtra,India,2023-10-06,Regular
3105,Gaurang Sarma,customer3105@example.com,Mumbai,Maharashtra,India,2023-07-18,Regular
3106,Abha Wali,customer3106@example.com,Ahmedabad,Gujarat,India,2023-02-01,Regular
3107,Logan Bir,customer3107@example.com,Hyderabad,Telangana,India,2023-06-25,Regular
3108,Sanaya Kala,customer3108@example.com,Bhopal,Madhya Pradesh,India,2023-09-03,Regular
3109,Upadhriti Kari,customer3109@example.com,Coimbatore,Tamil Nadu,India,2022-07-27,New
3110,Gauri Issac,customer3110@example.com,Ahmedabad,Gujarat,India,2024-12-02,New
3111,Arin Dey,customer3111@example.com,Chennai,Tamil Nadu,India,2023-03-16,Regular
3112,Prisha Randhawa,customer3112@example.com,Bhopal,Madhya Pradesh,India,2022-01-06,Regular
3113,Darpan Vala,customer3113@example.com,Bengaluru,Karnataka,India,2025-02-20,Premium
3114,Rajeshri Balay,customer3114@example.com,Delhi,Delhi,India,2024-03-06,Regular
3115,Vyanjana Mandal,customer3115@example.com,Visakhapatnam,Andhra Pradesh,India,2025-04-16,Regular
3116,Ekalinga Borra,customer3116@example.com,Visakhapatnam,Andhra Pradesh,India,2025-11-21,Occasional
3117,Isaiah Wali,customer3117@example.com,Delhi,Delhi,India,2025-10-23,Regular
3118,Upadhriti Halder,customer3118@example.com,Bengaluru,Karnataka,India,2022-05-07,Regular
3119,Aradhana Shroff,customer3119@example.com,Mumbai,Maharashtra,India,2021-08-16,New
3120,Ganga Bora,customer3120@example.com,Pune,Maharashtra,India,2024-11-03,Regular
3121,Sudiksha Wable,customer3121@example.com,Bengaluru,Karnataka,India,2022-07-19,Regular
3122,Neelima Memon,customer3122@example.com,Bengaluru,Karnataka,India,2024-09-05,Regular
3123,Anirudh Anand,customer3123@example.com,Visakhapatnam,Andhra Pradesh,India,2021-01-20,Occasional
3124,Prisha Dora,customer3124@example.com,Coimbatore,Tamil Nadu,India,2022-12-01,Premium
3125,Eta Walia,customer3125@example.com,Vijayawada,Andhra Pradesh,India,2023-03-16,Occasional
3126,Isha Dua,customer3126@example.com,Ahmedabad,Gujarat,India,2024-11-23,New
3127,Samuel Morar,customer3127@example.com,Delhi,Delhi,India,2022-08-10,New
3128,Atharv Walla,customer3128@example.com,Kochi,Kerala,India,2022-07-19,Premium
3129,Ijaya Biswas,customer3129@example.com,Bhopal,Madhya Pradesh,India,2021-05-03,Regular
3130,Victor Joshi,customer3130@example.com,Bengaluru,Karnataka,India,2023-10-15,Regular
3131,Nihal Samra,customer3131@example.com,Ahmedabad,Gujarat,India,2022-09-19,Regular
3132,Teerth Pant,customer3132@example.com,Vijayawada,Andhra Pradesh,India,2023-04-23,Premium
3133,Ria Dasgupta,customer3133@example.com,Pune,Maharashtra,India,2021-03-26,Occasional
3134,Sachi Joshi,customer3134@example.com,Bengaluru,Karnataka,India,2024-03-11,Occasional
3135,Sanya Sarna,customer3135@example.com,Kochi,Kerala,India,2024-03-27,Regular
3136,Samesh Rai,customer3136@example.com,Delhi,Delhi,India,2024-05-25,New
3137,Parth Toor,customer3137@example.com,Mumbai,Maharashtra,India,2022-01-23,Regular
3138,Nicholas Kadakia,customer3138@example.com,Bhopal,Madhya Pradesh,India,2025-12-02,Occasional
3139,Ishita Nadig,customer3139@example.com,Visakhapatnam,Andhra Pradesh,India,2022-01-09,New
3140,Shivansh Chana,customer3140@example.com,Mumbai,Maharashtra,India,2024-07-13,Regular
3141,Vanya Kumer,customer3141@example.com,Chennai,Tamil Nadu,India,2025-04-24,Premium
3142,Tanmayi Babu,customer3142@example.com,Bengaluru,Karnataka,India,2025-04-30,Premium
3143,Osha Ratta,customer3143@example.com,Jaipur,Rajasthan,India,2021-01-23,Regular
3144,Jalsa Mukherjee,customer3144@example.com,Jaipur,Rajasthan,India,2021-11-07,Regular
3145,Charita Karnik,customer3145@example.com,Chennai,Tamil Nadu,India,2021-07-22,Regular
3146,Urishilla Babu,customer3146@example.com,Chennai,Tamil Nadu,India,2021-09-20,Occasional
3147,Chakradev Dhaliwal,customer3147@example.com,Pune,Maharashtra,India,2023-05-04,Premium
3148,Aditya Dave,customer3148@example.com,Kochi,Kerala,India,2023-02-13,Regular
3149,Logan Singhal,customer3149@example.com,Ahmedabad,Gujarat,India,2025-05-31,Occasional
3150,Shaurya Memon,customer3150@example.com,Kolkata,West Bengal,India,2021-05-02,Occasional
3151,Nakul Saini,customer3151@example.com,Pune,Maharashtra,India,2024-02-29,Regular
3152,Zilmil Doshi,customer3152@example.com,Delhi,Delhi,India,2022-06-20,Regular
3153,Imaran Gaba,customer3153@example.com,Bengaluru,Karnataka,India,2022-07-19,Regular
3154,Samar Mohan,customer3154@example.com,Chennai,Tamil Nadu,India,2021-04-04,Premium
3155,Alka Nagi,customer3155@example.com,Kochi,Kerala,India,2024-06-08,New
3156,Garima Balakrishnan,customer3156@example.com,Bhopal,Madhya Pradesh,India,2021-03-30,Regular
3157,Maanas Reddy,customer3157@example.com,Delhi,Delhi,India,2025-01-01,Regular
3158,Omkaar Dugar,customer3158@example.com,Visakhapatnam,Andhra Pradesh,India,2021-05-25,New
3159,Ikshita Kapoor,customer3159@example.com,Kochi,Kerala,India,2021-11-08,Regular
3160,Dominic Chowdhury,customer3160@example.com,Bengaluru,Karnataka,India,2021-10-14,New
3161,Ojasvi Yadav,customer3161@example.com,Kolkata,West Bengal,India,2025-01-17,Occasional
3162,Aadi Mukhopadhyay,customer3162@example.com,Kolkata,West Bengal,India,2024-09-30,Occasional
3163,Aarini Dave,customer3163@example.com,Coimbatore,Tamil Nadu,India,2025-01-19,Regular
3164,Gopal Sridhar,customer3164@example.com,Chennai,Tamil Nadu,India,2023-10-01,Regular
3165,Jeremiah Kanda,customer3165@example.com,Kochi,Kerala,India,2025-03-12,Premium
3166,Luke Kar,customer3166@example.com,Vijayawada,Andhra Pradesh,India,2025-05-19,Occasional
3167,Netra Mandal,customer3167@example.com,Vijayawada,Andhra Pradesh,India,2021-09-13,Regular
3168,Upkaar Krishna,customer3168@example.com,Jaipur,Rajasthan,India,2021-11-23,New
3169,Falguni Shere,customer3169@example.com,Jaipur,Rajasthan,India,2022-07-28,Regular
3170,Karan Narang,customer3170@example.com,Ahmedabad,Gujarat,India,2025-06-04,Regular
3171,Maanav Banerjee,customer3171@example.com,Vijayawada,Andhra Pradesh,India,2024-08-04,Occasional
3172,Rudra Gopal,customer3172@example.com,Ahmedabad,Gujarat,India,2024-04-11,Premium
3173,Bahadurjit Khanna,customer3173@example.com,Kolkata,West Bengal,India,2021-02-14,Occasional
3174,Ekantika Apte,customer3174@example.com,Hyderabad,Telangana,India,2022-05-18,Occasional
3175,Veda Padmanabhan,customer3175@example.com,Chennai,Tamil Nadu,India,2025-11-13,Regular
3176,Siya Kala,customer3176@example.com,Delhi,Delhi,India,2022-08-07,New
3177,Ria Dalal,customer3177@example.com,Hyderabad,Telangana,India,2024-11-09,Regular
3178,Geetika Grewal,customer3178@example.com,Ahmedabad,Gujarat,India,2023-05-18,Occasional
3179,Vinaya Shan,customer3179@example.com,Hyderabad,Telangana,India,2023-03-05,Regular
3180,Zilmil Lall,customer3180@example.com,Kolkata,West Bengal,India,2021-10-27,Regular
3181,Pooja Bal,customer3181@example.com,Mumbai,Maharashtra,India,2021-07-16,Occasional
3182,Girindra Karan,customer3182@example.com,Mumbai,Maharashtra,India,2025-08-16,Regular
3183,Jai Merchant,customer3183@example.com,Delhi,Delhi,India,2024-11-22,Regular
3184,Damyanti Sethi,customer3184@example.com,Bhopal,Madhya Pradesh,India,2022-01-28,Premium
3185,Yamini Gopal,customer3185@example.com,Ahmedabad,Gujarat,India,2024-09-17,New
3186,Lucky Kapadia,customer3186@example.com,Kolkata,West Bengal,India,2024-05-20,Occasional
3187,Irya Vora,customer3187@example.com,Kolkata,West Bengal,India,2021-02-21,Premium
3188,Janani Zacharia,customer3188@example.com,Ahmedabad,Gujarat,India,2022-04-17,Premium
3189,Kavya Dutt,customer3189@example.com,Kochi,Kerala,India,2022-12-17,Regular
3190,Upkaar Doshi,customer3190@example.com,Bhopal,Madhya Pradesh,India,2021-11-08,Occasional
3191,Samaksh Mallick,customer3191@example.com,Bengaluru,Karnataka,India,2025-08-08,Regular
3192,Chaman Ramakrishnan,customer3192@example.com,Pune,Maharashtra,India,2021-06-01,Regular
3193,Vamakshi Sidhu,customer3193@example.com,Bengaluru,Karnataka,India,2025-06-10,Regular
3194,Charita Acharya,customer3194@example.com,Bhopal,Madhya Pradesh,India,2023-09-28,Occasional
3195,Devika Joshi,customer3195@example.com,Chennai,Tamil Nadu,India,2021-08-21,Occasional
3196,Nirja Dey,customer3196@example.com,Warangal,Telangana,India,2021-07-27,Regular
3197,Naveen Kibe,customer3197@example.com,Vijayawada,Andhra Pradesh,India,2022-03-23,Regular
3198,Oni Raman,customer3198@example.com,Vijayawada,Andhra Pradesh,India,2024-04-30,Occasional
3199,Inaya Bobal,customer3199@example.com,Vijayawada,Andhra Pradesh,India,2022-08-24,Occasional
3200,Logan Ratti,customer3200@example.com,Warangal,Telangana,India,2022-12-05,Premium
3201,Samesh Sawhney,customer3201@example.com,Kolkata,West Bengal,India,2022-01-19,Regular
3202,Falak Apte,customer3202@example.com,Warangal,Telangana,India,2022-03-19,Regular
3203,Harshil Sinha,customer3203@example.com,Delhi,Delhi,India,2021-12-31,Occasional
3204,Chanchal Dash,customer3204@example.com,Ahmedabad,Gujarat,India,2022-12-23,Regular
3205,Mitesh Bobal,customer3205@example.com,Bengaluru,Karnataka,India,2025-08-09,Regular
3206,Banjeet Raj,customer3206@example.com,Delhi,Delhi,India,2023-11-27,Premium
3207,Unnati Sandhu,customer3207@example.com,Bengaluru,Karnataka,India,2023-03-05,New
3208,Vidhi Manne,customer3208@example.com,Jaipur,Rajasthan,India,2025-12-23,Occasional
3209,Gaurang Patil,customer3209@example.com,Coimbatore,Tamil Nadu,India,2022-11-29,Regular
3210,Rachana Sama,customer3210@example.com,Coimbatore,Tamil Nadu,India,2023-01-20,Premium
3211,Ati Majumdar,customer3211@example.com,Kochi,Kerala,India,2021-06-26,Occasional
3212,Oni Krishnamurthy,customer3212@example.com,Delhi,Delhi,India,2023-02-21,Regular
3213,Agastya Chaudhuri,customer3213@example.com,Vijayawada,Andhra Pradesh,India,2024-01-14,Occasional
3214,Warda Kant,customer3214@example.com,Kolkata,West Bengal,India,2025-02-17,Regular
3215,Hemang Sura,customer3215@example.com,Bengaluru,Karnataka,India,2024-09-09,Premium
3216,Zilmil Raja,customer3216@example.com,Bengaluru,Karnataka,India,2025-10-08,New
3217,Guneet Chandran,customer3217@example.com,Hyderabad,Telangana,India,2021-05-11,Regular
3218,Jalsa Sama,customer3218@example.com,Mumbai,Maharashtra,India,2021-12-31,Premium
3219,Idika Sarraf,customer3219@example.com,Kolkata,West Bengal,India,2024-05-08,Occasional
3220,Mohini Sankaran,customer3220@example.com,Ahmedabad,Gujarat,India,2024-12-02,Occasional
3221,Pratyush Bajwa,customer3221@example.com,Jaipur,Rajasthan,India,2021-03-21,Occasional
3222,Brinda Sachar,customer3222@example.com,Chennai,Tamil Nadu,India,2023-10-20,Regular
3223,Zehaan Parmer,customer3223@example.com,Visakhapatnam,Andhra Pradesh,India,2021-03-30,Regular
3224,Yuvraj Malhotra,customer3224@example.com,Delhi,Delhi,India,2023-12-05,Regular
3225,Ekta Shanker,customer3225@example.com,Jaipur,Rajasthan,India,2024-10-17,Regular
3226,Shaurya Nagy,customer3226@example.com,Chennai,Tamil Nadu,India,2023-03-29,Occasional
3227,Orinder Tata,customer3227@example.com,Mumbai,Maharashtra,India,2024-05-31,Regular
3228,Indira Yohannan,customer3228@example.com,Ahmedabad,Gujarat,India,2021-10-04,Occasional
3229,Damini Chaudhuri,customer3229@example.com,Chennai,Tamil Nadu,India,2022-12-09,Premium
3230,Dhriti Tank,customer3230@example.com,Bengaluru,Karnataka,India,2021-10-08,Premium
3231,Samaksh Lanka,customer3231@example.com,Pune,Maharashtra,India,2022-08-02,Premium
3232,Geetika Sarma,customer3232@example.com,Coimbatore,Tamil Nadu,India,2025-02-17,Premium
3233,Om Naidu,customer3233@example.com,Jaipur,Rajasthan,India,2024-01-29,Occasional
3234,Ranveer Mukherjee,customer3234@example.com,Mumbai,Maharashtra,India,2021-02-19,Regular
3235,Pranav Rao,customer3235@example.com,Warangal,Telangana,India,2025-04-22,Premium
3236,Girik Chana,customer3236@example.com,Delhi,Delhi,India,2021-08-24,New
3237,Madhav Oak,customer3237@example.com,Bengaluru,Karnataka,India,2024-06-11,Occasional
3238,Mekhala Deol,customer3238@example.com,Jaipur,Rajasthan,India,2025-07-14,Occasional
3239,Chaaya Butala,customer3239@example.com,Vijayawada,Andhra Pradesh,India,2024-04-11,Regular
3240,Saanvi Baria,customer3240@example.com,Kochi,Kerala,India,2023-10-04,Regular
3241,Anusha Bal,customer3241@example.com,Kolkata,West Bengal,India,2023-02-03,Occasional
3242,Theodore Korpal,customer3242@example.com,Pune,Maharashtra,India,2025-03-17,New
3243,Tarak Dhillon,customer3243@example.com,Warangal,Telangana,India,2022-12-03,Occasional
3244,Yagnesh Bail,customer3244@example.com,Pune,Maharashtra,India,2021-02-08,Regular
3245,Oeshi Handa,customer3245@example.com,Delhi,Delhi,India,2025-02-10,Occasional
3246,Zilmil Ratta,customer3246@example.com,Kochi,Kerala,India,2024-07-05,Regular
3247,Advika Patla,customer3247@example.com,Ahmedabad,Gujarat,India,2025-11-23,Premium
3248,Kamala Patla,customer3248@example.com,Kolkata,West Bengal,India,2023-03-30,Premium
3249,Ishanvi Bose,customer3249@example.com,Vijayawada,Andhra Pradesh,India,2022-12-31,Occasional
3250,Yatin Yohannan,customer3250@example.com,Pune,Maharashtra,India,2022-02-22,Regular
3251,Gopal Tripathi,customer3251@example.com,Ahmedabad,Gujarat,India,2025-12-04,Regular
3252,Henry Kari,customer3252@example.com,Chennai,Tamil Nadu,India,2025-01-18,Regular
3253,Udyati Luthra,customer3253@example.com,Warangal,Telangana,India,2023-12-19,Regular
3254,Triveni Sarma,customer3254@example.com,Visakhapatnam,Andhra Pradesh,India,2025-11-20,Regular
3255,Dhruv Garg,customer3255@example.com,Warangal,Telangana,India,2025-03-25,Regular
3256,Dakshesh Palan,customer3256@example.com,Vijayawada,Andhra Pradesh,India,2021-03-10,Regular
3257,Devansh Pandya,customer3257@example.com,Kochi,Kerala,India,2025-01-20,New
3258,Zayyan Bala,customer3258@example.com,Mumbai,Maharashtra,India,2021-07-23,Regular
3259,Kiaan Randhawa,customer3259@example.com,Coimbatore,Tamil Nadu,India,2025-03-05,Regular
3260,Dayita Yohannan,customer3260@example.com,Ahmedabad,Gujarat,India,2022-10-31,Regular
3261,Viraj Trivedi,customer3261@example.com,Jaipur,Rajasthan,India,2023-08-05,Regular
3262,Divya Ahuja,customer3262@example.com,Bengaluru,Karnataka,India,2024-06-18,Regular
3263,Jagdish Bobal,customer3263@example.com,Kolkata,West Bengal,India,2021-06-14,Regular
3264,Neel Hayer,customer3264@example.com,Visakhapatnam,Andhra Pradesh,India,2021-07-17,Regular
3265,Pratyush Balan,customer3265@example.com,Kochi,Kerala,India,2023-02-12,Regular
3266,Garima Chakraborty,customer3266@example.com,Jaipur,Rajasthan,India,2025-03-18,Regular
3267,Lila Reddy,customer3267@example.com,Mumbai,Maharashtra,India,2021-10-20,New
3268,Lakshit Oza,customer3268@example.com,Hyderabad,Telangana,India,2024-03-30,Premium
3269,Deepa Pant,customer3269@example.com,Kolkata,West Bengal,India,2022-07-23,Regular
3270,Zayyan Tata,customer3270@example.com,Warangal,Telangana,India,2022-07-06,Occasional
3271,Abha Ratti,customer3271@example.com,Chennai,Tamil Nadu,India,2021-10-09,Occasional
3272,Indali Bumb,customer3272@example.com,Delhi,Delhi,India,2022-09-16,Regular
3273,Girindra Viswanathan,customer3273@example.com,Pune,Maharashtra,India,2023-11-22,Regular
3274,Darsh Bhargava,customer3274@example.com,Kochi,Kerala,India,2023-03-12,Regular
3275,Om Agarwal,customer3275@example.com,Hyderabad,Telangana,India,2024-03-05,Regular
3276,Aayush Narain,customer3276@example.com,Vijayawada,Andhra Pradesh,India,2025-07-02,Regular
3277,Ayaan Prasad,customer3277@example.com,Kochi,Kerala,India,2024-04-10,Premium
3278,Ranbir Tara,customer3278@example.com,Mumbai,Maharashtra,India,2021-08-04,Regular
3279,Hemani Chatterjee,customer3279@example.com,Pune,Maharashtra,India,2022-07-19,Occasional
3280,Peter Sastry,customer3280@example.com,Warangal,Telangana,India,2022-04-26,Occasional
3281,Sai Balasubramanian,customer3281@example.com,Pune,Maharashtra,India,2022-07-06,Regular
3282,Devika Manne,customer3282@example.com,Jaipur,Rajasthan,India,2021-05-01,Regular
3283,Pranit Vasa,customer3283@example.com,Hyderabad,Telangana,India,2021-12-01,Occasional
3284,Widisha Hans,customer3284@example.com,Chennai,Tamil Nadu,India,2022-06-05,Regular
3285,Suhani Ramachandran,customer3285@example.com,Pune,Maharashtra,India,2022-04-28,New
3286,Dominic Nigam,customer3286@example.com,Kolkata,West Bengal,India,2024-10-23,New
3287,Lohit Khatri,customer3287@example.com,Kochi,Kerala,India,2023-02-04,Premium
3288,Netra Barman,customer3288@example.com,Bengaluru,Karnataka,India,2025-03-05,Regular
3289,Varsha Chaudhary,customer3289@example.com,Visakhapatnam,Andhra Pradesh,India,2024-01-19,Regular
3290,Ekani Vyas,customer3290@example.com,Coimbatore,Tamil Nadu,India,2025-06-04,Regular
3291,Sai Mandal,customer3291@example.com,Pune,Maharashtra,India,2025-10-16,Regular
3292,Sara Hora,customer3292@example.com,Coimbatore,Tamil Nadu,India,2023-09-23,Regular
3293,Netra Saran,customer3293@example.com,Vijayawada,Andhra Pradesh,India,2023-06-30,Premium
3294,Vritti Bajwa,customer3294@example.com,Ahmedabad,Gujarat,India,2024-03-17,Regular
3295,Ekanta Sule,customer3295@example.com,Vijayawada,Andhra Pradesh,India,2025-03-07,Occasional
3296,Widisha Mani,customer3296@example.com,Ahmedabad,Gujarat,India,2024-04-22,Regular
3297,Raghav Chakraborty,customer3297@example.com,Chennai,Tamil Nadu,India,2021-06-21,Regular
3298,Dipta Bava,customer3298@example.com,Pune,Maharashtra,India,2023-08-13,Occasional
3299,Champak Mitter,customer3299@example.com,Bhopal,Madhya Pradesh,India,2025-07-18,Occasional
3300,Indira Yogi,customer3300@example.com,Warangal,Telangana,India,2024-04-10,New
3301,Yashoda Viswanathan,customer3301@example.com,Mumbai,Maharashtra,India,2021-06-12,Occasional
3302,Chaitanya Kala,customer3302@example.com,Pune,Maharashtra,India,2022-07-08,New
3303,Quincy Kant,customer3303@example.com,Visakhapatnam,Andhra Pradesh,India,2021-11-03,Regular
3304,Samar Tandon,customer3304@example.com,Bengaluru,Karnataka,India,2023-09-23,Regular
3305,Chakradev Raj,customer3305@example.com,Delhi,Delhi,India,2022-10-05,Regular
3306,Bina Agrawal,customer3306@example.com,Warangal,Telangana,India,2022-10-03,Occasional
3307,Peter Ramakrishnan,customer3307@example.com,Kochi,Kerala,India,2023-01-17,Regular
3308,Neelima Basu,customer3308@example.com,Coimbatore,Tamil Nadu,India,2022-12-11,Regular
3309,Yatin Kuruvilla,customer3309@example.com,Hyderabad,Telangana,India,2022-04-30,Regular
3310,Samarth Mahajan,customer3310@example.com,Warangal,Telangana,India,2024-08-06,Regular
3311,Ojasvi Sachdev,customer3311@example.com,Chennai,Tamil Nadu,India,2024-06-25,Regular
3312,Ranveer Sura,customer3312@example.com,Coimbatore,Tamil Nadu,India,2024-03-17,New
3313,Megha Barman,customer3313@example.com,Chennai,Tamil Nadu,India,2023-02-27,Regular
3314,Udant Bobal,customer3314@example.com,Bengaluru,Karnataka,India,2024-10-27,Premium
3315,Nathan Suresh,customer3315@example.com,Kochi,Kerala,India,2021-12-22,Premium
3316,Falak Ganesh,customer3316@example.com,Chennai,Tamil Nadu,India,2021-07-26,New
3317,Bhavani Yadav,customer3317@example.com,Kolkata,West Bengal,India,2023-03-08,Regular
3318,Advika Chopra,customer3318@example.com,Kochi,Kerala,India,2023-06-09,Regular
3319,Saksham Chadha,customer3319@example.com,Ahmedabad,Gujarat,India,2022-01-06,Regular
3320,Sai Datta,customer3320@example.com,Pune,Maharashtra,India,2025-09-20,New
3321,Upasna Srinivas,customer3321@example.com,Vijayawada,Andhra Pradesh,India,2025-05-30,Occasional
3322,Veer Barad,customer3322@example.com,Mumbai,Maharashtra,India,2021-12-06,Occasional
3323,Fiyaz Bir,customer3323@example.com,Bengaluru,Karnataka,India,2024-04-20,Occasional
3324,Kamala Sarma,customer3324@example.com,Warangal,Telangana,India,2023-01-22,Occasional
3325,Benjamin Thakur,customer3325@example.com,Ahmedabad,Gujarat,India,2022-03-20,Occasional
3326,Eesha Bassi,customer3326@example.com,Bengaluru,Karnataka,India,2022-08-11,Regular
3327,Michael Om,customer3327@example.com,Hyderabad,Telangana,India,2025-11-03,Regular
3328,Inaya Shere,customer3328@example.com,Vijayawada,Andhra Pradesh,India,2023-02-19,Occasional
3329,Mahika Rai,customer3329@example.com,Warangal,Telangana,India,2022-09-16,Premium
3330,Yashasvi Bhatt,customer3330@example.com,Bhopal,Madhya Pradesh,India,2022-04-21,Premium
3331,Robert Nayak,customer3331@example.com,Coimbatore,Tamil Nadu,India,2022-12-01,Regular
3332,Ridhi Boase,customer3332@example.com,Warangal,Telangana,India,2024-09-25,Regular
3333,Naveen Dhar,customer3333@example.com,Bhopal,Madhya Pradesh,India,2023-02-03,Premium
3334,Dakshesh Choudhury,customer3334@example.com,Ahmedabad,Gujarat,India,2025-08-27,Occasional
3335,Zarna Warrior,customer3335@example.com,Vijayawada,Andhra Pradesh,India,2021-07-22,Regular
3336,Ekanta Prabhakar,customer3336@example.com,Jaipur,Rajasthan,India,2021-02-24,Occasional
3337,Hemang Kaur,customer3337@example.com,Visakhapatnam,Andhra Pradesh,India,2021-04-30,Occasional
3338,Aarush Bhardwaj,customer3338@example.com,Pune,Maharashtra,India,2021-01-19,Regular
3339,Udarsh Banik,customer3339@example.com,Mumbai,Maharashtra,India,2024-04-19,Regular
3340,Anmol Soni,customer3340@example.com,Pune,Maharashtra,India,2025-10-18,Occasional
3341,Barkha Ram,customer3341@example.com,Visakhapatnam,Andhra Pradesh,India,2025-11-11,Premium
3342,Vritti Krishna,customer3342@example.com,Bengaluru,Karnataka,India,2024-10-29,Regular
3343,Varenya Dua,customer3343@example.com,Warangal,Telangana,India,2023-12-09,Premium
3344,Udarsh Dhawan,customer3344@example.com,Jaipur,Rajasthan,India,2024-11-12,Regular
3345,Lipika Kurian,customer3345@example.com,Warangal,Telangana,India,2023-06-11,Regular
3346,Ansh Sankaran,customer3346@example.com,Pune,Maharashtra,India,2022-05-14,Regular
3347,Brijesh Sharaf,customer3347@example.com,Mumbai,Maharashtra,India,2023-07-21,Premium
3348,Neelima Dass,customer3348@example.com,Vijayawada,Andhra Pradesh,India,2024-06-28,Occasional
3349,Nidra Sama,customer3349@example.com,Jaipur,Rajasthan,India,2024-01-02,Regular
3350,Sneha Sawhney,customer3350@example.com,Warangal,Telangana,India,2024-07-21,Regular
3351,Januja Nazareth,customer3351@example.com,Bhopal,Madhya Pradesh,India,2024-04-21,Regular
3352,Kiaan Wagle,customer3352@example.com,Kolkata,West Bengal,India,2023-10-10,Premium
3353,Teerth Halder,customer3353@example.com,Hyderabad,Telangana,India,2022-10-02,Regular
3354,Januja Sheth,customer3354@example.com,Visakhapatnam,Andhra Pradesh,India,2025-11-01,Premium
3355,Kavya Mohanty,customer3355@example.com,Delhi,Delhi,India,2025-08-31,Premium
3356,Lohit Singhal,customer3356@example.com,Delhi,Delhi,India,2022-10-26,Regular
3357,Charita Sachar,customer3357@example.com,Vijayawada,Andhra Pradesh,India,2021-12-04,Regular
3358,Teerth Nazareth,customer3358@example.com,Jaipur,Rajasthan,India,2021-06-08,Regular
3359,Leena Varughese,customer3359@example.com,Vijayawada,Andhra Pradesh,India,2025-09-11,Occasional
3360,Saanvi Bajwa,customer3360@example.com,Jaipur,Rajasthan,India,2024-09-03,Regular
3361,Orinder Mahajan,customer3361@example.com,Pune,Maharashtra,India,2022-10-04,Occasional
3362,Neelima Hora,customer3362@example.com,Vijayawada,Andhra Pradesh,India,2025-10-17,Occasional
3363,Edhitha Sidhu,customer3363@example.com,Kochi,Kerala,India,2022-04-14,Regular
3364,Vidhi Mutti,customer3364@example.com,Bhopal,Madhya Pradesh,India,2023-02-03,Occasional
3365,Gunbir Bhattacharyya,customer3365@example.com,Kolkata,West Bengal,India,2025-07-07,Regular
3366,Abhiram Bera,customer3366@example.com,Warangal,Telangana,India,2021-09-24,Occasional
3367,Dhriti Parikh,customer3367@example.com,Bhopal,Madhya Pradesh,India,2023-10-27,Occasional
3368,Tanay Mohanty,customer3368@example.com,Warangal,Telangana,India,2022-09-23,Regular
3369,Diya Sekhon,customer3369@example.com,Visakhapatnam,Andhra Pradesh,India,2021-07-25,Regular
3370,Parth Mann,customer3370@example.com,Kochi,Kerala,India,2025-01-16,Regular
3371,Nathaniel Doshi,customer3371@example.com,Chennai,Tamil Nadu,India,2023-08-01,New
3372,Jagat Walia,customer3372@example.com,Bengaluru,Karnataka,India,2022-05-23,Occasional
3373,Upasna Mand,customer3373@example.com,Jaipur,Rajasthan,India,2024-06-26,Regular
3374,Manan Saxena,customer3374@example.com,Pune,Maharashtra,India,2023-02-14,Regular
3375,Krishna Raj,customer3375@example.com,Vijayawada,Andhra Pradesh,India,2021-10-29,New
3376,Vansha Garde,customer3376@example.com,Pune,Maharashtra,India,2025-01-08,Occasional
3377,Ridhi Gopal,customer3377@example.com,Bhopal,Madhya Pradesh,India,2021-03-03,Regular
3378,Vyanjana Padmanabhan,customer3378@example.com,Kolkata,West Bengal,India,2024-10-21,Premium
3379,Kala Biswas,customer3379@example.com,Kolkata,West Bengal,India,2023-11-22,Premium
3380,Charita Ramesh,customer3380@example.com,Kolkata,West Bengal,India,2022-07-05,Regular
3381,Ronith Nagi,customer3381@example.com,Bengaluru,Karnataka,India,2022-04-10,Regular
3382,Isha Talwar,customer3382@example.com,Pune,Maharashtra,India,2023-06-28,Regular
3383,Omkaar Patla,customer3383@example.com,Bengaluru,Karnataka,India,2021-02-19,Regular
3384,Yochana Mammen,customer3384@example.com,Delhi,Delhi,India,2023-02-25,Occasional
3385,Vrishti Nagar,customer3385@example.com,Kochi,Kerala,India,2025-06-05,Premium
3386,William Mohan,customer3386@example.com,Ahmedabad,Gujarat,India,2022-06-03,Regular
3387,Rachita Nazareth,customer3387@example.com,Kochi,Kerala,India,2023-03-29,Regular
3388,Tara Buch,customer3388@example.com,Kolkata,West Bengal,India,2021-05-06,Regular
3389,Kalpit Anne,customer3389@example.com,Delhi,Delhi,India,2023-11-01,Regular
3390,Chasmum Rai,customer3390@example.com,Chennai,Tamil Nadu,India,2025-11-18,Regular
3391,Lajita Rama,customer3391@example.com,Kolkata,West Bengal,India,2022-09-13,Regular
3392,Keya Nayak,customer3392@example.com,Pune,Maharashtra,India,2021-04-22,Regular
3393,Niharika Oommen,customer3393@example.com,Vijayawada,Andhra Pradesh,India,2024-02-14,Regular
3394,Advika Hans,customer3394@example.com,Kochi,Kerala,India,2022-02-16,New
3395,Amara Chacko,customer3395@example.com,Jaipur,Rajasthan,India,2025-02-27,Occasional
3396,Eiravati Upadhyay,customer3396@example.com,Ahmedabad,Gujarat,India,2024-10-29,Occasional
3397,Kabir Chhabra,customer3397@example.com,Bengaluru,Karnataka,India,2021-12-19,Occasional
3398,Peter Prakash,customer3398@example.com,Warangal,Telangana,India,2023-01-25,Occasional
3399,Warjas Chahal,customer3399@example.com,Vijayawada,Andhra Pradesh,India,2021-07-21,Regular
3400,Agastya Om,customer3400@example.com,Kolkata,West Bengal,India,2021-08-23,Premium
3401,Triveni Narayanan,customer3401@example.com,Jaipur,Rajasthan,India,2021-08-07,Regular
3402,Daksh Dewan,customer3402@example.com,Ahmedabad,Gujarat,India,2021-11-25,Premium
3403,Quincy Chand,customer3403@example.com,Kolkata,West Bengal,India,2022-09-12,Regular
3404,Rachita Kaul,customer3404@example.com,Delhi,Delhi,India,2021-10-12,Premium
3405,Fariq Ram,customer3405@example.com,Warangal,Telangana,India,2022-10-16,Occasional
3406,Vamakshi Hora,customer3406@example.com,Jaipur,Rajasthan,India,2023-09-23,Occasional
3407,Upasna Mani,customer3407@example.com,Delhi,Delhi,India,2025-03-19,Regular
3408,Qasim Tripathi,customer3408@example.com,Visakhapatnam,Andhra Pradesh,India,2021-07-10,Occasional
3409,Patrick Hora,customer3409@example.com,Warangal,Telangana,India,2021-01-20,Regular
3410,Ranbir Dasgupta,customer3410@example.com,Bengaluru,Karnataka,India,2023-03-29,Occasional
3411,Rachit Nagy,customer3411@example.com,Bhopal,Madhya Pradesh,India,2021-08-24,Occasional
3412,Megha Minhas,customer3412@example.com,Kochi,Kerala,India,2022-12-09,Premium
3413,Tejas Sandhu,customer3413@example.com,Bengaluru,Karnataka,India,2024-07-04,Occasional
3414,Wridesh Wali,customer3414@example.com,Kolkata,West Bengal,India,2023-02-19,Regular
3415,Baghyawati Edwin,customer3415@example.com,Delhi,Delhi,India,2021-01-22,Regular
3416,Dev Tak,customer3416@example.com,Kolkata,West Bengal,India,2021-07-20,Regular
3417,Qushi Buch,customer3417@example.com,Visakhapatnam,Andhra Pradesh,India,2023-12-06,Occasional
3418,Gaurang Nagar,customer3418@example.com,Mumbai,Maharashtra,India,2024-10-17,Regular
3419,Adweta Nagar,customer3419@example.com,Bhopal,Madhya Pradesh,India,2024-01-29,Occasional
3420,Varsha Prabhakar,customer3420@example.com,Bhopal,Madhya Pradesh,India,2024-11-01,New
3421,Vrinda Munshi,customer3421@example.com,Delhi,Delhi,India,2025-04-02,Occasional
3422,Vedant Garde,customer3422@example.com,Bhopal,Madhya Pradesh,India,2025-08-24,Regular
3423,Nimrat Shroff,customer3423@example.com,Warangal,Telangana,India,2021-05-13,Regular
3424,Neha Sheth,customer3424@example.com,Jaipur,Rajasthan,India,2024-12-05,New
3425,Michael Dhar,customer3425@example.com,Delhi,Delhi,India,2024-12-13,Occasional
3426,Aryan Dewan,customer3426@example.com,Coimbatore,Tamil Nadu,India,2024-04-12,Regular
3427,Manthan Ratta,customer3427@example.com,Pune,Maharashtra,India,2023-09-12,New
3428,Radha Gera,customer3428@example.com,Hyderabad,Telangana,India,2024-02-11,Premium
3429,Teerth Chandran,customer3429@example.com,Ahmedabad,Gujarat,India,2022-04-15,Occasional
3430,Urmi Doctor,customer3430@example.com,Pune,Maharashtra,India,2021-02-20,Premium
3431,Rudra Bains,customer3431@example.com,Mumbai,Maharashtra,India,2023-04-22,Occasional
3432,Nathan Mitter,customer3432@example.com,Chennai,Tamil Nadu,India,2025-03-26,Regular
3433,Vedant Gupta,customer3433@example.com,Jaipur,Rajasthan,India,2025-09-03,Regular
3434,Rachita Saran,customer3434@example.com,Pune,Maharashtra,India,2025-02-20,Occasional
3435,Darpan Pandit,customer3435@example.com,Delhi,Delhi,India,2022-05-12,Regular
3436,Ekiya Sood,customer3436@example.com,Ahmedabad,Gujarat,India,2021-11-26,Regular
3437,Wahab Venkataraman,customer3437@example.com,Bengaluru,Karnataka,India,2023-06-18,Regular
3438,Omaja Swaminathan,customer3438@example.com,Chennai,Tamil Nadu,India,2025-03-16,Regular
3439,Nathan Nigam,customer3439@example.com,Coimbatore,Tamil Nadu,India,2021-02-10,New
3440,Jairaj Dayal,customer3440@example.com,Coimbatore,Tamil Nadu,India,2023-08-24,Regular
3441,Harita Prakash,customer3441@example.com,Mumbai,Maharashtra,India,2025-07-04,New
3442,Urvashi Bhatnagar,customer3442@example.com,Visakhapatnam,Andhra Pradesh,India,2022-02-03,Premium
3443,Kala Sahni,customer3443@example.com,Hyderabad,Telangana,India,2021-02-25,Premium
3444,Eta Kaur,customer3444@example.com,Hyderabad,Telangana,India,2023-02-04,Premium
3445,Avni Oak,customer3445@example.com,Bhopal,Madhya Pradesh,India,2023-08-30,Regular
3446,Robert Datta,customer3446@example.com,Delhi,Delhi,India,2025-11-29,New
3447,Warjas Krish,customer3447@example.com,Bengaluru,Karnataka,India,2023-09-27,Premium
3448,Anirudh Munshi,customer3448@example.com,Visakhapatnam,Andhra Pradesh,India,2025-02-26,Occasional
3449,Leena Divan,customer3449@example.com,Coimbatore,Tamil Nadu,India,2025-05-07,Regular
3450,Vritti Shere,customer3450@example.com,Kochi,Kerala,India,2023-09-27,Occasional
3451,Shivani Ramachandran,customer3451@example.com,Bhopal,Madhya Pradesh,India,2023-04-07,Regular
3452,Luke Patla,customer3452@example.com,Bengaluru,Karnataka,India,2022-08-24,Regular
3453,Yatin Kapoor,customer3453@example.com,Delhi,Delhi,India,2021-07-03,Regular
3454,Ishani Subramanian,customer3454@example.com,Kolkata,West Bengal,India,2021-01-10,Regular
3455,Anjali Nagarajan,customer3455@example.com,Chennai,Tamil Nadu,India,2025-10-12,Regular
3456,Ryan Guha,customer3456@example.com,Jaipur,Rajasthan,India,2025-02-14,Premium
3457,Darsh Hayer,customer3457@example.com,Kolkata,West Bengal,India,2022-01-09,Occasional
3458,Yuvraj Puri,customer3458@example.com,Chennai,Tamil Nadu,India,2025-06-15,Occasional
3459,Chanchal Lal,customer3459@example.com,Mumbai,Maharashtra,India,2024-08-07,Regular
3460,Chaman Bakshi,customer3460@example.com,Ahmedabad,Gujarat,India,2022-09-27,Regular
3461,Farhan Pillay,customer3461@example.com,Hyderabad,Telangana,India,2021-03-31,New
3462,Sanya Raja,customer3462@example.com,Jaipur,Rajasthan,India,2024-12-15,Regular
3463,Sachi Murthy,customer3463@example.com,Pune,Maharashtra,India,2025-09-22,Premium
3464,Tamanna Majumdar,customer3464@example.com,Kolkata,West Bengal,India,2021-12-01,New
3465,Bhavani Gaba,customer3465@example.com,Warangal,Telangana,India,2022-09-07,Premium
3466,Ekantika Badal,customer3466@example.com,Vijayawada,Andhra Pradesh,India,2025-12-28,Regular
3467,Eta Sood,customer3467@example.com,Coimbatore,Tamil Nadu,India,2022-01-20,New
3468,Divya Prashad,customer3468@example.com,Kochi,Kerala,India,2024-02-20,Regular
3469,Radha Naik,customer3469@example.com,Ahmedabad,Gujarat,India,2025-09-06,Premium
3470,Eta Banerjee,customer3470@example.com,Bhopal,Madhya Pradesh,India,2024-05-13,Regular
3471,Balveer Vaidya,customer3471@example.com,Chennai,Tamil Nadu,India,2023-05-29,Regular
3472,Watika Bhatt,customer3472@example.com,Vijayawada,Andhra Pradesh,India,2021-06-23,Occasional
3473,Max Chaudry,customer3473@example.com,Visakhapatnam,Andhra Pradesh,India,2021-07-30,Premium
3474,Wahab Chanda,customer3474@example.com,Visakhapatnam,Andhra Pradesh,India,2025-06-13,Regular
3475,Hamsini Bumb,customer3475@example.com,Jaipur,Rajasthan,India,2024-01-25,Regular
3476,Ekaraj Tailor,customer3476@example.com,Hyderabad,Telangana,India,2024-07-06,New
3477,Omaja Randhawa,customer3477@example.com,Ahmedabad,Gujarat,India,2024-05-29,Occasional
3478,Sarthak Sen,customer3478@example.com,Kolkata,West Bengal,India,2022-04-27,Regular
3479,Advika Karan,customer3479@example.com,Bhopal,Madhya Pradesh,India,2022-05-10,Regular
3480,Arjun Ben,customer3480@example.com,Vijayawada,Andhra Pradesh,India,2023-01-14,Regular
3481,Brijesh Basak,customer3481@example.com,Pune,Maharashtra,India,2022-12-02,New
3482,Michael Devan,customer3482@example.com,Kochi,Kerala,India,2022-11-12,Regular
3483,Ekantika Ram,customer3483@example.com,Bengaluru,Karnataka,India,2025-04-05,Premium
3484,Yashvi Mann,customer3484@example.com,Bhopal,Madhya Pradesh,India,2024-05-14,Regular
3485,Oeshi Bir,customer3485@example.com,Mumbai,Maharashtra,India,2025-03-10,Occasional
3486,Balendra Joshi,customer3486@example.com,Jaipur,Rajasthan,India,2021-05-05,Regular
3487,Abhimanyu Palla,customer3487@example.com,Visakhapatnam,Andhra Pradesh,India,2022-12-15,Regular
3488,Yashodhara Gala,customer3488@example.com,Bengaluru,Karnataka,India,2021-09-08,Regular
3489,Max Yadav,customer3489@example.com,Visakhapatnam,Andhra Pradesh,India,2024-05-18,New
3490,Amaira Prasad,customer3490@example.com,Kochi,Kerala,India,2021-01-23,Occasional
3491,Nathaniel Jaggi,customer3491@example.com,Hyderabad,Telangana,India,2025-05-07,Regular
3492,Rohan Narain,customer3492@example.com,Warangal,Telangana,India,2023-03-08,Premium
3493,Jagdish Mangal,customer3493@example.com,Warangal,Telangana,India,2023-03-20,Occasional
3494,Sanaya Vala,customer3494@example.com,Mumbai,Maharashtra,India,2024-11-04,Regular
3495,Qasim Chowdhury,customer3495@example.com,Jaipur,Rajasthan,India,2024-06-14,Regular
3496,Hredhaan Jha,customer3496@example.com,Coimbatore,Tamil Nadu,India,2021-05-10,Regular
3497,Tanish Mitter,customer3497@example.com,Vijayawada,Andhra Pradesh,India,2022-09-14,Premium
3498,Chatura Karpe,customer3498@example.com,Bengaluru,Karnataka,India,2024-01-27,New
3499,Teerth Vaidya,customer3499@example.com,Vijayawada,Andhra Pradesh,India,2025-10-28,Regular
3500,Advik Kalita,customer3500@example.com,Kolkata,West Bengal,India,2021-03-15,Regular
3501,Samuel Tata,customer3501@example.com,Bengaluru,Karnataka,India,2022-07-17,Regular
3502,Tanvi Raman,customer3502@example.com,Vijayawada,Andhra Pradesh,India,2024-04-22,Regular
3503,Varsha Mangal,customer3503@example.com,Bengaluru,Karnataka,India,2022-05-29,Occasional
3504,Hredhaan Acharya,customer3504@example.com,Coimbatore,Tamil Nadu,India,2023-02-12,Premium
3505,Advay Mahal,customer3505@example.com,Warangal,Telangana,India,2021-04-07,New
3506,Sai Raj,customer3506@example.com,Jaipur,Rajasthan,India,2021-01-01,New
3507,Gunbir Bera,customer3507@example.com,Bengaluru,Karnataka,India,2025-11-01,Occasional
3508,Rayaan Sampath,customer3508@example.com,Kochi,Kerala,India,2024-02-18,New
3509,Ati Sahni,customer3509@example.com,Kochi,Kerala,India,2024-03-04,Regular
3510,Bakhshi Dar,customer3510@example.com,Visakhapatnam,Andhra Pradesh,India,2021-03-11,Regular
3511,Adya Shan,customer3511@example.com,Visakhapatnam,Andhra Pradesh,India,2023-07-28,Regular
3512,Azaan Soni,customer3512@example.com,Jaipur,Rajasthan,India,2022-09-28,Occasional
3513,Isaiah Chadha,customer3513@example.com,Pune,Maharashtra,India,2022-06-27,Premium
3514,Anjali Madan,customer3514@example.com,Mumbai,Maharashtra,India,2022-12-31,Occasional
3515,Dev Dua,customer3515@example.com,Warangal,Telangana,India,2021-03-12,Premium
3516,Mitali Purohit,customer3516@example.com,Kolkata,West Bengal,India,2022-11-01,Regular
3517,Widisha Sankaran,customer3517@example.com,Mumbai,Maharashtra,India,2021-04-03,Regular
3518,Parth Arya,customer3518@example.com,Kochi,Kerala,India,2024-12-17,New
3519,Dev Mand,customer3519@example.com,Chennai,Tamil Nadu,India,2025-11-27,Regular
3520,Samaksh Loke,customer3520@example.com,Vijayawada,Andhra Pradesh,India,2023-05-25,Regular
3521,Raghav Keer,customer3521@example.com,Mumbai,Maharashtra,India,2021-03-17,Premium
3522,Chaitanya Saran,customer3522@example.com,Coimbatore,Tamil Nadu,India,2024-10-23,Regular
3523,Vincent Batta,customer3523@example.com,Mumbai,Maharashtra,India,2025-10-03,New
3524,Gaurang Pillai,customer3524@example.com,Kolkata,West Bengal,India,2023-06-10,Regular
3525,Nihal Prakash,customer3525@example.com,Pune,Maharashtra,India,2024-11-18,New
3526,Ekani Palan,customer3526@example.com,Visakhapatnam,Andhra Pradesh,India,2024-02-28,New
3527,Neelima Pradhan,customer3527@example.com,Warangal,Telangana,India,2024-06-18,New
3528,Brinda Divan,customer3528@example.com,Visakhapatnam,Andhra Pradesh,India,2024-12-23,Regular
3529,Jagvi Sankaran,customer3529@example.com,Coimbatore,Tamil Nadu,India,2025-03-17,Regular
3530,Laksh Natarajan,customer3530@example.com,Bhopal,Madhya Pradesh,India,2021-09-26,Occasional
3531,Shravya Zacharia,customer3531@example.com,Mumbai,Maharashtra,India,2024-01-20,Regular
3532,Hemal Toor,customer3532@example.com,Mumbai,Maharashtra,India,2022-05-26,Occasional
3533,Nathaniel Dewan,customer3533@example.com,Mumbai,Maharashtra,India,2022-03-27,Occasional
3534,Finn Saini,customer3534@example.com,Delhi,Delhi,India,2022-10-02,Regular
3535,Zinal Chawla,customer3535@example.com,Visakhapatnam,Andhra Pradesh,India,2021-12-14,Occasional
3536,Aachal Gala,customer3536@example.com,Vijayawada,Andhra Pradesh,India,2025-11-23,Occasional
3537,Vrinda Dada,customer3537@example.com,Kochi,Kerala,India,2022-12-06,Regular
3538,Megha Virk,customer3538@example.com,Pune,Maharashtra,India,2023-10-09,Occasional
3539,Indali Reddy,customer3539@example.com,Bengaluru,Karnataka,India,2024-05-05,Regular
3540,Sudiksha Dugal,customer3540@example.com,Hyderabad,Telangana,India,2021-11-27,Occasional
3541,Yamini Chokshi,customer3541@example.com,Coimbatore,Tamil Nadu,India,2022-08-09,Premium
3542,Ekbal Mohan,customer3542@example.com,Delhi,Delhi,India,2025-03-19,Premium
3543,Chavvi Kadakia,customer3543@example.com,Warangal,Telangana,India,2023-01-22,Occasional
3544,Rayaan Bajwa,customer3544@example.com,Pune,Maharashtra,India,2025-08-11,Regular
3545,Chakrika Dara,customer3545@example.com,Mumbai,Maharashtra,India,2021-02-20,Regular
3546,Ekbal Bhavsar,customer3546@example.com,Hyderabad,Telangana,India,2022-10-06,Premium
3547,Jagat Sami,customer3547@example.com,Warangal,Telangana,India,2023-02-27,Premium
3548,Advaith Mital,customer3548@example.com,Jaipur,Rajasthan,India,2024-01-16,Occasional
3549,Kavya Joshi,customer3549@example.com,Coimbatore,Tamil Nadu,India,2023-12-03,Regular
3550,Vanya Barman,customer3550@example.com,Jaipur,Rajasthan,India,2023-08-02,Regular
3551,Xalak Nagarajan,customer3551@example.com,Vijayawada,Andhra Pradesh,India,2025-03-07,New
3552,Aadhya Solanki,customer3552@example.com,Warangal,Telangana,India,2023-12-29,Occasional
3553,Pahal Panchal,customer3553@example.com,Bengaluru,Karnataka,India,2024-04-07,Regular
3554,Lajita Barad,customer3554@example.com,Kochi,Kerala,India,2025-03-04,Occasional
3555,Vaishnavi Krishnan,customer3555@example.com,Jaipur,Rajasthan,India,2025-02-23,Occasional
3556,Fitan Korpal,customer3556@example.com,Bengaluru,Karnataka,India,2025-08-17,Occasional
3557,Ladli Nazareth,customer3557@example.com,Vijayawada,Andhra Pradesh,India,2021-10-20,Regular
3558,Bakhshi Naidu,customer3558@example.com,Mumbai,Maharashtra,India,2023-01-20,Regular
3559,Tarak Roy,customer3559@example.com,Bhopal,Madhya Pradesh,India,2023-08-21,Premium
3560,Kabir Bala,customer3560@example.com,Kolkata,West Bengal,India,2021-10-23,New
3561,Ekapad Thakkar,customer3561@example.com,Mumbai,Maharashtra,India,2025-04-23,Occasional
3562,Anvi Rama,customer3562@example.com,Vijayawada,Andhra Pradesh,India,2022-07-18,New
3563,Zehaan Dalal,customer3563@example.com,Kochi,Kerala,India,2025-07-23,Occasional
3564,Owen Seth,customer3564@example.com,Mumbai,Maharashtra,India,2025-05-25,Regular
3565,Balveer Mannan,customer3565@example.com,Warangal,Telangana,India,2023-07-01,Regular
3566,Imaran Dubey,customer3566@example.com,Hyderabad,Telangana,India,2023-10-27,Regular
3567,Vasatika Sunder,customer3567@example.com,Pune,Maharashtra,India,2021-08-27,New
3568,Lila Goda,customer3568@example.com,Mumbai,Maharashtra,India,2023-02-13,New
3569,Chasmum Goswami,customer3569@example.com,Mumbai,Maharashtra,India,2024-03-16,Regular
3570,Wakeeta Karnik,customer3570@example.com,Warangal,Telangana,India,2022-11-26,Regular
3571,Harrison Gala,customer3571@example.com,Bhopal,Madhya Pradesh,India,2024-10-13,Regular
3572,Arjun Sarma,customer3572@example.com,Delhi,Delhi,India,2022-03-09,Regular
3573,Qushi Bail,customer3573@example.com,Kolkata,West Bengal,India,2025-03-22,Premium
3574,Hitesh Sahota,customer3574@example.com,Ahmedabad,Gujarat,India,2025-06-20,Occasional
3575,Arya Sarin,customer3575@example.com,Chennai,Tamil Nadu,India,2025-01-11,Regular
3576,Ekalinga Bhattacharyya,customer3576@example.com,Warangal,Telangana,India,2025-09-28,New
3577,Ishita Soman,customer3577@example.com,Vijayawada,Andhra Pradesh,India,2021-09-29,Regular
3578,Laksh Dara,customer3578@example.com,Hyderabad,Telangana,India,2024-05-31,Premium
3579,Gabriel Grover,customer3579@example.com,Jaipur,Rajasthan,India,2021-03-16,Occasional
3580,Kashvi Lall,customer3580@example.com,Kochi,Kerala,India,2022-09-03,Regular
3581,Qasim Sachdev,customer3581@example.com,Bhopal,Madhya Pradesh,India,2025-01-24,Regular
3582,Vincent Jain,customer3582@example.com,Visakhapatnam,Andhra Pradesh,India,2021-12-26,Regular
3583,Kiaan Raman,customer3583@example.com,Bhopal,Madhya Pradesh,India,2022-04-03,Premium
3584,Darpan Uppal,customer3584@example.com,Delhi,Delhi,India,2021-02-04,Regular
3585,Amaira Wali,customer3585@example.com,Vijayawada,Andhra Pradesh,India,2021-02-07,Regular
3586,Laksh Nagarajan,customer3586@example.com,Delhi,Delhi,India,2021-01-28,Regular
3587,Tanay Gulati,customer3587@example.com,Ahmedabad,Gujarat,India,2023-01-28,Occasional
3588,Varenya Kala,customer3588@example.com,Kochi,Kerala,India,2025-01-15,Regular
3589,Lipika Bobal,customer3589@example.com,Delhi,Delhi,India,2021-11-04,Regular
3590,Yashvi Dhillon,customer3590@example.com,Vijayawada,Andhra Pradesh,India,2022-03-30,Occasional
3591,Yochana Bora,customer3591@example.com,Kochi,Kerala,India,2021-07-31,Premium
3592,Yatin Sachdev,customer3592@example.com,Chennai,Tamil Nadu,India,2025-10-25,Premium
3593,Adweta Ray,customer3593@example.com,Vijayawada,Andhra Pradesh,India,2024-01-29,Occasional
3594,Brijesh Nagi,customer3594@example.com,Kolkata,West Bengal,India,2021-07-05,Premium
3595,Reyansh Prakash,customer3595@example.com,Ahmedabad,Gujarat,India,2024-05-11,New
3596,Umang Datta,customer3596@example.com,Pune,Maharashtra,India,2024-04-29,Regular
3597,Nakul Khurana,customer3597@example.com,Mumbai,Maharashtra,India,2025-01-29,Regular
3598,Widisha Borde,customer3598@example.com,Visakhapatnam,Andhra Pradesh,India,2025-06-08,New
3599,Omisha Bhatti,customer3599@example.com,Visakhapatnam,Andhra Pradesh,India,2024-09-06,Premium
3600,Madhav Baral,customer3600@example.com,Ahmedabad,Gujarat,India,2025-10-12,Occasional
3601,Maya Mand,customer3601@example.com,Pune,Maharashtra,India,2024-02-23,Premium
3602,Chavvi Wason,customer3602@example.com,Kolkata,West Bengal,India,2024-12-14,Occasional
3603,Upma Vaidya,customer3603@example.com,Mumbai,Maharashtra,India,2023-10-14,Regular
3604,Laksh Singh,customer3604@example.com,Bengaluru,Karnataka,India,2025-02-24,Regular
3605,Vrishti Oommen,customer3605@example.com,Delhi,Delhi,India,2023-11-14,Occasional
3606,Zayan Loyal,customer3606@example.com,Mumbai,Maharashtra,India,2025-07-14,Occasional
3607,Yochana Kari,customer3607@example.com,Bhopal,Madhya Pradesh,India,2023-04-23,Premium
3608,Wriddhish Halder,customer3608@example.com,Vijayawada,Andhra Pradesh,India,2023-08-31,Regular
3609,Rehaan Nayak,customer3609@example.com,Warangal,Telangana,India,2023-12-19,Occasional
3610,Arya Lalla,customer3610@example.com,Kolkata,West Bengal,India,2025-05-28,Occasional
3611,Liam Merchant,customer3611@example.com,Bengaluru,Karnataka,India,2024-08-09,Premium
3612,Ekani Jayaraman,customer3612@example.com,Hyderabad,Telangana,India,2022-08-14,Occasional
3613,Jacob Manne,customer3613@example.com,Jaipur,Rajasthan,India,2024-12-08,Regular
3614,Geetika Goswami,customer3614@example.com,Delhi,Delhi,India,2023-02-07,Premium
3615,Yatan Ramanathan,customer3615@example.com,Ahmedabad,Gujarat,India,2025-03-24,Regular
3616,Tripti Yogi,customer3616@example.com,Kolkata,West Bengal,India,2025-02-13,Regular
3617,Aachal Bora,customer3617@example.com,Coimbatore,Tamil Nadu,India,2023-11-27,Occasional
3618,Krisha Ramaswamy,customer3618@example.com,Hyderabad,Telangana,India,2023-02-24,Premium
3619,Ranbir Kumar,customer3619@example.com,Hyderabad,Telangana,India,2021-01-11,Regular
3620,Aradhana Vaidya,customer3620@example.com,Vijayawada,Andhra Pradesh,India,2025-03-19,Premium
3621,Rushil Lata,customer3621@example.com,Warangal,Telangana,India,2025-10-30,Regular
3622,Vrishti Chokshi,customer3622@example.com,Visakhapatnam,Andhra Pradesh,India,2021-06-08,Occasional
3623,Lila Munshi,customer3623@example.com,Kolkata,West Bengal,India,2025-01-20,New
3624,Pratyush Das,customer3624@example.com,Coimbatore,Tamil Nadu,India,2022-01-07,Occasional
3625,Benjamin Boase,customer3625@example.com,Bengaluru,Karnataka,India,2024-01-28,Occasional
3626,Amrita Datta,customer3626@example.com,Chennai,Tamil Nadu,India,2023-05-12,New
3627,Samarth Baral,customer3627@example.com,Hyderabad,Telangana,India,2021-10-25,Occasional
3628,Advaith Choudhury,customer3628@example.com,Kolkata,West Bengal,India,2025-10-27,Occasional
3629,Bhavani Sani,customer3629@example.com,Kolkata,West Bengal,India,2023-11-15,New
3630,Thomas Loke,customer3630@example.com,Jaipur,Rajasthan,India,2023-01-18,Premium
3631,Warjas Doshi,customer3631@example.com,Vijayawada,Andhra Pradesh,India,2025-09-13,Regular
3632,Thomas Garg,customer3632@example.com,Hyderabad,Telangana,India,2021-03-13,Regular
3633,Anay Dyal,customer3633@example.com,Hyderabad,Telangana,India,2024-04-05,New
3634,Vedika Dash,customer3634@example.com,Coimbatore,Tamil Nadu,India,2021-10-11,Occasional
3635,Niharika Kant,customer3635@example.com,Kolkata,West Bengal,India,2021-10-25,Regular
3636,Noah Ghose,customer3636@example.com,Coimbatore,Tamil Nadu,India,2023-01-22,Regular
3637,Hredhaan Aggarwal,customer3637@example.com,Coimbatore,Tamil Nadu,India,2022-11-16,Occasional
3638,Radhika Raju,customer3638@example.com,Warangal,Telangana,India,2023-01-12,Regular
3639,Vincent Chaudhry,customer3639@example.com,Kochi,Kerala,India,2024-10-18,Regular
3640,Sachi Savant,customer3640@example.com,Warangal,Telangana,India,2021-09-12,Occasional
3641,Lajita Bajaj,customer3641@example.com,Delhi,Delhi,India,2022-04-13,Regular
3642,Samesh Swamy,customer3642@example.com,Coimbatore,Tamil Nadu,India,2025-08-09,New
3643,Ekanta Bail,customer3643@example.com,Visakhapatnam,Andhra Pradesh,India,2024-09-18,Regular
3644,Riya Jha,customer3644@example.com,Warangal,Telangana,India,2025-03-31,New
3645,Faras Purohit,customer3645@example.com,Jaipur,Rajasthan,India,2024-03-04,Regular
3646,Sarthak Kamdar,customer3646@example.com,Pune,Maharashtra,India,2022-06-08,Occasional
3647,Nidhi Mahal,customer3647@example.com,Kochi,Kerala,India,2023-09-04,Regular
3648,Vihaan Raghavan,customer3648@example.com,Hyderabad,Telangana,India,2023-02-12,Regular
3649,Yagnesh Bhattacharyya,customer3649@example.com,Pune,Maharashtra,India,2024-12-30,Premium
3650,Lopa Pai,customer3650@example.com,Mumbai,Maharashtra,India,2024-11-06,Premium
3651,Anmol Swaminathan,customer3651@example.com,Delhi,Delhi,India,2024-01-22,Regular
3652,Panini Chakraborty,customer3652@example.com,Pune,Maharashtra,India,2024-09-17,Regular
3653,Ijaya Karnik,customer3653@example.com,Kolkata,West Bengal,India,2024-09-20,Regular
3654,Abha Srinivas,customer3654@example.com,Jaipur,Rajasthan,India,2023-04-17,Premium
3655,Theodore Varughese,customer3655@example.com,Warangal,Telangana,India,2022-05-07,Occasional
3656,Balhaar Raj,customer3656@example.com,Visakhapatnam,Andhra Pradesh,India,2025-07-08,Regular
3657,Veer Chana,customer3657@example.com,Kochi,Kerala,India,2024-02-07,Regular
3658,Chandresh Krishna,customer3658@example.com,Bhopal,Madhya Pradesh,India,2022-05-09,Regular
3659,Sneha Dixit,customer3659@example.com,Hyderabad,Telangana,India,2021-09-04,Premium
3660,Rajata Mallick,customer3660@example.com,Bhopal,Madhya Pradesh,India,2023-06-30,Premium
3661,Nimrat Muni,customer3661@example.com,Visakhapatnam,Andhra Pradesh,India,2022-08-01,Regular
3662,Vincent Chanda,customer3662@example.com,Mumbai,Maharashtra,India,2022-06-02,Regular
3663,Bhavya Singhal,customer3663@example.com,Kochi,Kerala,India,2021-06-12,Occasional
3664,Warinder Badal,customer3664@example.com,Kolkata,West Bengal,India,2024-08-08,Occasional
3665,Ekalinga Chaudhuri,customer3665@example.com,Chennai,Tamil Nadu,India,2022-08-31,Premium
3666,Jeet Shere,customer3666@example.com,Mumbai,Maharashtra,India,2023-04-16,Regular
3667,Praneel Dua,customer3667@example.com,Delhi,Delhi,India,2025-09-16,Regular
3668,Yatan Anand,customer3668@example.com,Bengaluru,Karnataka,India,2025-07-17,Regular
3669,Anita Varghese,customer3669@example.com,Hyderabad,Telangana,India,2023-10-09,Regular
3670,Meera Deshmukh,customer3670@example.com,Vijayawada,Andhra Pradesh,India,2021-03-06,Regular
3671,Upasna Dugal,customer3671@example.com,Warangal,Telangana,India,2022-06-03,Regular
3672,Jhalak Mallick,customer3672@example.com,Kochi,Kerala,India,2022-02-16,Regular
3673,Suhani Gill,customer3673@example.com,Delhi,Delhi,India,2024-12-07,Premium
3674,Neel Basak,customer3674@example.com,Chennai,Tamil Nadu,India,2021-12-08,Regular
3675,Laban Acharya,customer3675@example.com,Ahmedabad,Gujarat,India,2021-07-28,New
3676,Vrishti Rana,customer3676@example.com,Jaipur,Rajasthan,India,2023-06-12,Regular
3677,Unnati Venkatesh,customer3677@example.com,Kochi,Kerala,India,2025-09-06,New
3678,Zayan Viswanathan,customer3678@example.com,Ahmedabad,Gujarat,India,2024-01-05,Regular
3679,Yahvi Tata,customer3679@example.com,Kochi,Kerala,India,2024-06-20,Regular
3680,Samuel Borah,customer3680@example.com,Chennai,Tamil Nadu,India,2022-01-28,Regular
3681,Jack Sachar,customer3681@example.com,Chennai,Tamil Nadu,India,2024-02-16,Premium
3682,Chandani Prakash,customer3682@example.com,Bengaluru,Karnataka,India,2024-04-03,Occasional
3683,Vidhi Issac,customer3683@example.com,Bhopal,Madhya Pradesh,India,2021-03-16,Regular
3684,Radhika Din,customer3684@example.com,Bengaluru,Karnataka,India,2021-02-19,Regular
3685,Chasmum Randhawa,customer3685@example.com,Bhopal,Madhya Pradesh,India,2024-10-29,Premium
3686,Amol Karan,customer3686@example.com,Visakhapatnam,Andhra Pradesh,India,2023-01-30,Regular
3687,Vidhi Rastogi,customer3687@example.com,Chennai,Tamil Nadu,India,2024-09-26,Regular
3688,Kamya Jayaraman,customer3688@example.com,Pune,Maharashtra,India,2024-12-19,Regular
3689,Ojasvi Behl,customer3689@example.com,Bhopal,Madhya Pradesh,India,2024-12-10,Occasional
3690,Harrison Merchant,customer3690@example.com,Hyderabad,Telangana,India,2023-02-02,Premium
3691,Inaya Shroff,customer3691@example.com,Hyderabad,Telangana,India,2024-03-08,New
3692,Faras Menon,customer3692@example.com,Bengaluru,Karnataka,India,2024-04-15,Regular
3693,Banjeet Srinivas,customer3693@example.com,Hyderabad,Telangana,India,2024-01-08,Regular
3694,Garima Hari,customer3694@example.com,Warangal,Telangana,India,2021-07-30,Premium
3695,Advay Chaudhuri,customer3695@example.com,Chennai,Tamil Nadu,India,2023-08-23,Occasional
3696,Darpan Bakshi,customer3696@example.com,Jaipur,Rajasthan,India,2022-03-30,Regular
3697,Kamya Bajwa,customer3697@example.com,Delhi,Delhi,India,2025-05-02,Regular
3698,Gaurika Sharma,customer3698@example.com,Visakhapatnam,Andhra Pradesh,India,2024-10-25,Occasional
3699,Bhavani Pillai,customer3699@example.com,Chennai,Tamil Nadu,India,2023-12-14,Occasional
3700,Raksha Sura,customer3700@example.com,Pune,Maharashtra,India,2021-06-08,Regular
3701,Yashawini Bhavsar,customer3701@example.com,Chennai,Tamil Nadu,India,2024-09-08,Occasional
3702,Ganga Sarraf,customer3702@example.com,Coimbatore,Tamil Nadu,India,2022-04-22,Regular
3703,Lucky Hegde,customer3703@example.com,Bhopal,Madhya Pradesh,India,2023-04-10,Regular
3704,Anya Ramesh,customer3704@example.com,Kolkata,West Bengal,India,2021-10-17,Regular
3705,Chaitanya Mitter,customer3705@example.com,Hyderabad,Telangana,India,2022-11-16,Occasional
3706,Robert Sahota,customer3706@example.com,Bengaluru,Karnataka,India,2021-02-07,Regular
3707,Omisha Doshi,customer3707@example.com,Jaipur,Rajasthan,India,2025-11-04,Regular
3708,Shivansh Acharya,customer3708@example.com,Delhi,Delhi,India,2024-08-19,Regular
3709,Baljiwan Lanka,customer3709@example.com,Kolkata,West Bengal,India,2021-07-25,Occasional
3710,Theodore Sidhu,customer3710@example.com,Visakhapatnam,Andhra Pradesh,India,2025-02-08,Regular
3711,Ishaan Buch,customer3711@example.com,Mumbai,Maharashtra,India,2022-05-30,Regular
3712,Kashish Singh,customer3712@example.com,Bengaluru,Karnataka,India,2024-11-28,Premium
3713,Eta Vyas,customer3713@example.com,Jaipur,Rajasthan,India,2023-03-13,Premium
3714,Yatan Kara,customer3714@example.com,Bengaluru,Karnataka,India,2022-04-29,Premium
3715,Vasudha Magar,customer3715@example.com,Kolkata,West Bengal,India,2021-03-11,Regular
3716,Wishi Ravel,customer3716@example.com,Bengaluru,Karnataka,India,2023-10-17,Occasional
3717,Aarini Chhabra,customer3717@example.com,Chennai,Tamil Nadu,India,2021-06-09,Occasional
3718,Theodore Kothari,customer3718@example.com,Jaipur,Rajasthan,India,2022-04-05,Regular
3719,Guneet Tiwari,customer3719@example.com,Kochi,Kerala,India,2024-12-13,Regular
3720,Mugdha Saini,customer3720@example.com,Jaipur,Rajasthan,India,2024-02-02,New
3721,Chandani Bumb,customer3721@example.com,Jaipur,Rajasthan,India,2025-10-27,New
3722,Vasana Bhatti,customer3722@example.com,Coimbatore,Tamil Nadu,India,2023-01-24,Regular
3723,Rajata Ravi,customer3723@example.com,Delhi,Delhi,India,2023-09-03,Occasional
3724,Oeshi Solanki,customer3724@example.com,Kolkata,West Bengal,India,2024-09-04,Occasional
3725,Kamala Dani,customer3725@example.com,Chennai,Tamil Nadu,India,2021-04-06,Regular
3726,Vidhi Swamy,customer3726@example.com,Coimbatore,Tamil Nadu,India,2023-08-15,Regular
3727,Nidra Sani,customer3727@example.com,Hyderabad,Telangana,India,2024-05-16,Occasional
3728,Yagnesh Gala,customer3728@example.com,Vijayawada,Andhra Pradesh,India,2023-01-01,Occasional
3729,Eta Puri,customer3729@example.com,Chennai,Tamil Nadu,India,2023-11-11,Regular
3730,Fitan Butala,customer3730@example.com,Jaipur,Rajasthan,India,2021-09-15,Regular
3731,Priya Tailor,customer3731@example.com,Bhopal,Madhya Pradesh,India,2021-01-27,Regular
3732,Charan Agate,customer3732@example.com,Bengaluru,Karnataka,India,2021-10-14,New
3733,Bachittar Deol,customer3733@example.com,Bhopal,Madhya Pradesh,India,2025-01-03,Premium
3734,Ishanvi Chahal,customer3734@example.com,Hyderabad,Telangana,India,2023-06-25,Premium
3735,Dayita Narayanan,customer3735@example.com,Kolkata,West Bengal,India,2021-05-06,Occasional
3736,Fitan Baral,customer3736@example.com,Ahmedabad,Gujarat,India,2021-11-07,Premium
3737,Onkar Raman,customer3737@example.com,Ahmedabad,Gujarat,India,2021-01-01,Regular
3738,Amara Manne,customer3738@example.com,Kochi,Kerala,India,2025-03-04,Occasional
3739,Bhavani Devi,customer3739@example.com,Coimbatore,Tamil Nadu,India,2025-06-23,Premium
3740,Abha Dugar,customer3740@example.com,Kolkata,West Bengal,India,2021-07-21,Regular
3741,Watika Kapur,customer3741@example.com,Ahmedabad,Gujarat,India,2025-05-19,Occasional
3742,Maya Nigam,customer3742@example.com,Vijayawada,Andhra Pradesh,India,2023-06-01,Occasional
3743,Sneha Parmer,customer3743@example.com,Chennai,Tamil Nadu,India,2022-05-21,Premium
3744,Chaaya Rattan,customer3744@example.com,Mumbai,Maharashtra,India,2025-05-01,Regular
3745,Dayamai Narain,customer3745@example.com,Warangal,Telangana,India,2024-07-22,Premium
3746,Triya Dixit,customer3746@example.com,Visakhapatnam,Andhra Pradesh,India,2022-10-17,Regular
3747,Fariq Bhargava,customer3747@example.com,Vijayawada,Andhra Pradesh,India,2022-04-28,Regular
3748,Hritik Sen,customer3748@example.com,Jaipur,Rajasthan,India,2022-01-01,Occasional
3749,Ethan Mandal,customer3749@example.com,Hyderabad,Telangana,India,2022-01-27,New
3750,William Subramaniam,customer3750@example.com,Kolkata,West Bengal,India,2023-10-31,Occasional
3751,Jason Mittal,customer3751@example.com,Coimbatore,Tamil Nadu,India,2024-09-14,Occasional
3752,Bahadurjit Patla,customer3752@example.com,Bengaluru,Karnataka,India,2022-10-14,Occasional
3753,Rehaan Pai,customer3753@example.com,Pune,Maharashtra,India,2022-05-02,Regular
3754,Azad Krishnan,customer3754@example.com,Vijayawada,Andhra Pradesh,India,2021-07-25,Regular
3755,Widisha Sheth,customer3755@example.com,Coimbatore,Tamil Nadu,India,2024-04-25,Regular
3756,Shivani Deol,customer3756@example.com,Delhi,Delhi,India,2024-05-19,Occasional
3757,Divya Gour,customer3757@example.com,Pune,Maharashtra,India,2023-10-13,Regular
3758,Zashil Sagar,customer3758@example.com,Mumbai,Maharashtra,India,2021-01-24,Regular
3759,Gaurika Divan,customer3759@example.com,Mumbai,Maharashtra,India,2021-10-17,Occasional
3760,Wriddhish Varghese,customer3760@example.com,Jaipur,Rajasthan,India,2021-05-11,Regular
3761,Samaksh Gole,customer3761@example.com,Kochi,Kerala,India,2025-03-20,Regular
3762,Aditya Patel,customer3762@example.com,Visakhapatnam,Andhra Pradesh,India,2024-07-22,Premium
3763,Geetika Agate,customer3763@example.com,Bhopal,Madhya Pradesh,India,2023-12-02,Regular
3764,Yachana Jaggi,customer3764@example.com,Bhopal,Madhya Pradesh,India,2021-11-21,Premium
3765,Gaurangi Tiwari,customer3765@example.com,Bhopal,Madhya Pradesh,India,2022-10-18,Occasional
3766,Ronith Saran,customer3766@example.com,Bhopal,Madhya Pradesh,India,2023-04-30,Premium
3767,Bina Yohannan,customer3767@example.com,Delhi,Delhi,India,2021-05-03,Regular
3768,Bhavani Natarajan,customer3768@example.com,Jaipur,Rajasthan,India,2024-11-19,Premium
3769,Dev Som,customer3769@example.com,Pune,Maharashtra,India,2021-02-25,Regular
3770,Vihaan Murty,customer3770@example.com,Ahmedabad,Gujarat,India,2024-07-20,Occasional
3771,Alka Mital,customer3771@example.com,Ahmedabad,Gujarat,India,2022-11-24,Occasional
3772,Aachal Rana,customer3772@example.com,Chennai,Tamil Nadu,India,2021-05-01,Premium
3773,Veer Baria,customer3773@example.com,Pune,Maharashtra,India,2023-04-05,Regular
3774,William Ranganathan,customer3774@example.com,Warangal,Telangana,India,2022-11-21,Regular
3775,Champak Borra,customer3775@example.com,Vijayawada,Andhra Pradesh,India,2021-01-07,New
3776,Amol Thaker,customer3776@example.com,Jaipur,Rajasthan,India,2023-05-01,Occasional
3777,Watika Kala,customer3777@example.com,Vijayawada,Andhra Pradesh,India,2023-08-10,Regular
3778,Jack Keer,customer3778@example.com,Vijayawada,Andhra Pradesh,India,2025-07-18,Occasional
3779,Peter Iyer,customer3779@example.com,Pune,Maharashtra,India,2024-04-23,Regular
3780,Fariq Narasimhan,customer3780@example.com,Mumbai,Maharashtra,India,2021-02-14,Regular
3781,Ansh Chaudhary,customer3781@example.com,Delhi,Delhi,India,2023-02-03,Regular
3782,Omkaar Master,customer3782@example.com,Warangal,Telangana,India,2022-02-08,Regular
3783,Neel Sandhu,customer3783@example.com,Kolkata,West Bengal,India,2023-03-10,Regular
3784,Janaki Chatterjee,customer3784@example.com,Ahmedabad,Gujarat,India,2022-09-27,Occasional
3785,Ekapad Bose,customer3785@example.com,Kolkata,West Bengal,India,2023-06-17,Occasional
3786,Aarush Khatri,customer3786@example.com,Visakhapatnam,Andhra Pradesh,India,2022-04-29,Occasional
3787,Praneel Comar,customer3787@example.com,Bhopal,Madhya Pradesh,India,2021-07-24,Regular
3788,Jairaj Tella,customer3788@example.com,Jaipur,Rajasthan,India,2024-11-03,Regular
3789,Yasti Das,customer3789@example.com,Visakhapatnam,Andhra Pradesh,India,2025-07-19,New
3790,Fiyaz Parekh,customer3790@example.com,Kochi,Kerala,India,2025-02-04,New
3791,Patrick Rama,customer3791@example.com,Bhopal,Madhya Pradesh,India,2021-10-13,Premium
3792,Andrew Chadha,customer3792@example.com,Bhopal,Madhya Pradesh,India,2022-08-12,Occasional
3793,Madhav Oommen,customer3793@example.com,Warangal,Telangana,India,2021-07-17,Premium
3794,Varenya Panchal,customer3794@example.com,Bhopal,Madhya Pradesh,India,2022-05-14,Regular
3795,Lopa Sankaran,customer3795@example.com,Warangal,Telangana,India,2021-04-03,Premium
3796,Simon Ganesh,customer3796@example.com,Mumbai,Maharashtra,India,2021-11-18,Premium
3797,Ekalinga Karan,customer3797@example.com,Bengaluru,Karnataka,India,2022-08-14,Regular
3798,Lila Nagy,customer3798@example.com,Coimbatore,Tamil Nadu,India,2025-03-16,Regular
3799,Benjamin Bansal,customer3799@example.com,Visakhapatnam,Andhra Pradesh,India,2024-02-21,Premium
3800,Aarush Pant,customer3800@example.com,Delhi,Delhi,India,2024-11-08,New
3801,Hamsini Sagar,customer3801@example.com,Ahmedabad,Gujarat,India,2021-02-23,New
3802,Ubika Chada,customer3802@example.com,Kolkata,West Bengal,India,2021-01-24,Regular
3803,Jackson Deshpande,customer3803@example.com,Kolkata,West Bengal,India,2022-02-21,Occasional
3804,Harini Dar,customer3804@example.com,Hyderabad,Telangana,India,2025-01-10,Regular
3805,Yatan Muni,customer3805@example.com,Warangal,Telangana,India,2021-04-11,Premium
3806,Chaaya Barad,customer3806@example.com,Kochi,Kerala,India,2025-07-27,Regular
3807,Charita Devan,customer3807@example.com,Ahmedabad,Gujarat,India,2021-11-28,Regular
3808,Michael Mand,customer3808@example.com,Delhi,Delhi,India,2023-03-14,Regular
3809,Falan Wali,customer3809@example.com,Visakhapatnam,Andhra Pradesh,India,2023-11-23,Regular
3810,Wishi Morar,customer3810@example.com,Pune,Maharashtra,India,2024-02-05,Regular
3811,Arin Bal,customer3811@example.com,Visakhapatnam,Andhra Pradesh,India,2023-07-21,Occasional
3812,Qasim Chander,customer3812@example.com,Coimbatore,Tamil Nadu,India,2023-06-05,Regular
3813,Janani Comar,customer3813@example.com,Kolkata,West Bengal,India,2022-03-03,Regular
3814,Gauri Nadkarni,customer3814@example.com,Bengaluru,Karnataka,India,2021-10-23,Occasional
3815,Simon Brar,customer3815@example.com,Mumbai,Maharashtra,India,2022-01-20,Regular
3816,Aradhana Mukhopadhyay,customer3816@example.com,Mumbai,Maharashtra,India,2022-12-21,Regular
3817,Chameli Mishra,customer3817@example.com,Pune,Maharashtra,India,2025-09-06,New
3818,Banjeet Muni,customer3818@example.com,Kochi,Kerala,India,2021-11-09,Occasional
3819,Gauri Luthra,customer3819@example.com,Bengaluru,Karnataka,India,2024-07-29,Regular
3820,Ekapad Chandra,customer3820@example.com,Kolkata,West Bengal,India,2021-06-11,New
3821,Vansha Basak,customer3821@example.com,Jaipur,Rajasthan,India,2021-01-13,New
3822,Nidra Chhabra,customer3822@example.com,Vijayawada,Andhra Pradesh,India,2024-12-28,Regular
3823,Yug Bumb,customer3823@example.com,Bengaluru,Karnataka,India,2023-04-02,New
3824,Qasim Chawla,customer3824@example.com,Coimbatore,Tamil Nadu,India,2023-11-04,Occasional
3825,Tejas Date,customer3825@example.com,Bhopal,Madhya Pradesh,India,2021-02-22,Occasional
3826,Nikita Ahluwalia,customer3826@example.com,Bengaluru,Karnataka,India,2022-06-11,Regular
3827,Raghav Tailor,customer3827@example.com,Warangal,Telangana,India,2025-06-13,Premium
3828,Daniel Sani,customer3828@example.com,Pune,Maharashtra,India,2025-08-29,Regular
3829,Reyansh Wable,customer3829@example.com,Kolkata,West Bengal,India,2022-10-18,Regular
3830,Laban Ravel,customer3830@example.com,Bengaluru,Karnataka,India,2023-06-29,Regular
3831,Amruta Krish,customer3831@example.com,Vijayawada,Andhra Pradesh,India,2024-07-02,Premium
3832,Aadhya Tank,customer3832@example.com,Pune,Maharashtra,India,2022-01-23,New
3833,Nidra Halder,customer3833@example.com,Bengaluru,Karnataka,India,2021-01-05,Regular
3834,Qarin Dar,customer3834@example.com,Ahmedabad,Gujarat,India,2023-02-25,New
3835,Banjeet Kashyap,customer3835@example.com,Ahmedabad,Gujarat,India,2023-02-12,Regular
3836,Ekbal Rana,customer3836@example.com,Bhopal,Madhya Pradesh,India,2023-02-16,Premium
3837,Aradhana Chowdhury,customer3837@example.com,Bhopal,Madhya Pradesh,India,2022-02-18,Regular
3838,Shivansh Choudhry,customer3838@example.com,Bengaluru,Karnataka,India,2025-11-21,New
3839,Hredhaan Om,customer3839@example.com,Bhopal,Madhya Pradesh,India,2021-02-12,Regular
3840,Maanas Din,customer3840@example.com,Hyderabad,Telangana,India,2022-10-04,New
3841,Ekta Roy,customer3841@example.com,Ahmedabad,Gujarat,India,2022-01-18,New
3842,Sachi Jaggi,customer3842@example.com,Pune,Maharashtra,India,2024-03-22,Regular
3843,Lopa Pandit,customer3843@example.com,Mumbai,Maharashtra,India,2022-03-30,Regular
3844,Vrishti Suresh,customer3844@example.com,Mumbai,Maharashtra,India,2022-08-08,New
3845,Chandran Krishnan,customer3845@example.com,Kochi,Kerala,India,2023-05-01,New
3846,Ubika Dutt,customer3846@example.com,Jaipur,Rajasthan,India,2021-01-10,Occasional
3847,Tara Viswanathan,customer3847@example.com,Kochi,Kerala,India,2021-07-10,Regular
3848,Odika Choudhry,customer3848@example.com,Bhopal,Madhya Pradesh,India,2023-06-18,New
3849,Bhanumati Mammen,customer3849@example.com,Pune,Maharashtra,India,2023-06-12,Occasional
3850,Akshay Solanki,customer3850@example.com,Vijayawada,Andhra Pradesh,India,2022-07-05,Regular
3851,Suhani Pall,customer3851@example.com,Hyderabad,Telangana,India,2025-07-04,Premium
3852,Shivani Iyer,customer3852@example.com,Ahmedabad,Gujarat,India,2023-07-31,Premium
3853,Madhavi Madan,customer3853@example.com,Hyderabad,Telangana,India,2023-05-07,Regular
3854,Thomas Sarma,customer3854@example.com,Coimbatore,Tamil Nadu,India,2022-05-14,Regular
3855,Wahab Sunder,customer3855@example.com,Pune,Maharashtra,India,2022-02-19,Premium
3856,Yashodhara Dhillon,customer3856@example.com,Hyderabad,Telangana,India,2024-04-09,Regular
3857,Kamala Vig,customer3857@example.com,Chennai,Tamil Nadu,India,2021-12-08,Regular
3858,Anita Varty,customer3858@example.com,Chennai,Tamil Nadu,India,2023-03-03,Occasional
3859,Anmol Bhatnagar,customer3859@example.com,Kochi,Kerala,India,2023-08-22,Regular
3860,Wyatt Mandal,customer3860@example.com,Hyderabad,Telangana,India,2025-10-29,Premium
3861,Qadim Taneja,customer3861@example.com,Coimbatore,Tamil Nadu,India,2023-02-23,Regular
3862,Manthan Bahri,customer3862@example.com,Visakhapatnam,Andhra Pradesh,India,2025-06-30,New
3863,Harita Agarwal,customer3863@example.com,Ahmedabad,Gujarat,India,2023-10-15,Regular
3864,Rachit Chopra,customer3864@example.com,Kolkata,West Bengal,India,2025-02-03,Regular
3865,Zayan Magar,customer3865@example.com,Jaipur,Rajasthan,India,2023-08-10,Regular
3866,Neelima Parikh,customer3866@example.com,Hyderabad,Telangana,India,2025-12-27,New
3867,Urmi Hayre,customer3867@example.com,Pune,Maharashtra,India,2021-10-26,Regular
3868,Chakradev Nayar,customer3868@example.com,Vijayawada,Andhra Pradesh,India,2023-01-31,Occasional
3869,Wridesh Walia,customer3869@example.com,Pune,Maharashtra,India,2024-01-14,Regular
3870,Vedant Sankar,customer3870@example.com,Hyderabad,Telangana,India,2023-11-02,Regular
3871,Faraj Chauhan,customer3871@example.com,Pune,Maharashtra,India,2025-10-14,Regular
3872,Vihaan Roy,customer3872@example.com,Kolkata,West Bengal,India,2025-10-22,Occasional
3873,Unni Sachar,customer3873@example.com,Warangal,Telangana,India,2021-05-17,Regular
3874,Harshil Sastry,customer3874@example.com,Bhopal,Madhya Pradesh,India,2025-07-21,Regular
3875,Tanish Kamdar,customer3875@example.com,Delhi,Delhi,India,2022-02-26,Occasional
3876,Balhaar Kunda,customer3876@example.com,Mumbai,Maharashtra,India,2024-02-27,Regular
3877,Jai Mand,customer3877@example.com,Vijayawada,Andhra Pradesh,India,2021-02-06,New
3878,Girik Oak,customer3878@example.com,Delhi,Delhi,India,2024-10-29,Occasional
3879,Girik Krishna,customer3879@example.com,Delhi,Delhi,India,2023-01-06,Premium
3880,Chaitanya Soni,customer3880@example.com,Jaipur,Rajasthan,India,2025-07-27,Regular
3881,Abeer Suri,customer3881@example.com,Bengaluru,Karnataka,India,2023-05-11,Regular
3882,Ganga Chaudhry,customer3882@example.com,Kolkata,West Bengal,India,2022-11-04,New
3883,Arunima Acharya,customer3883@example.com,Ahmedabad,Gujarat,India,2021-10-03,New
3884,Ishanvi Sethi,customer3884@example.com,Warangal,Telangana,India,2024-08-19,New
3885,Avi Chatterjee,customer3885@example.com,Jaipur,Rajasthan,India,2025-09-25,Occasional
3886,Anvi Hans,customer3886@example.com,Warangal,Telangana,India,2025-11-12,Premium
3887,Vivaan Bath,customer3887@example.com,Visakhapatnam,Andhra Pradesh,India,2022-06-19,New
3888,Shaurya Hora,customer3888@example.com,Delhi,Delhi,India,2022-07-12,Regular
3889,Triveni Bhat,customer3889@example.com,Kolkata,West Bengal,India,2022-02-17,Occasional
3890,Krish Balay,customer3890@example.com,Kochi,Kerala,India,2024-10-28,New
3891,Jeevika Mistry,customer3891@example.com,Chennai,Tamil Nadu,India,2022-01-02,Regular
3892,Dev Dutt,customer3892@example.com,Delhi,Delhi,India,2024-09-03,Regular
3893,Abhimanyu Garg,customer3893@example.com,Kolkata,West Bengal,India,2025-01-11,Premium
3894,Parth Salvi,customer3894@example.com,Coimbatore,Tamil Nadu,India,2024-03-09,Regular
3895,Nakul Kakar,customer3895@example.com,Jaipur,Rajasthan,India,2021-12-04,Regular
3896,Ojasvi Chopra,customer3896@example.com,Ahmedabad,Gujarat,India,2021-08-16,Occasional
3897,Ojas Lata,customer3897@example.com,Chennai,Tamil Nadu,India,2024-09-12,Premium
3898,Sneha Dugar,customer3898@example.com,Hyderabad,Telangana,India,2025-06-05,Regular
3899,Saumya Sandal,customer3899@example.com,Mumbai,Maharashtra,India,2025-07-14,New
3900,Arya Mutti,customer3900@example.com,Coimbatore,Tamil Nadu,India,2022-06-19,Regular
3901,Anmol Hayre,customer3901@example.com,Warangal,Telangana,India,2023-03-20,Occasional
3902,Keya Wason,customer3902@example.com,Bhopal,Madhya Pradesh,India,2024-06-14,Regular
3903,Jack Date,customer3903@example.com,Bengaluru,Karnataka,India,2024-12-15,Regular
3904,Isaiah Srinivas,customer3904@example.com,Vijayawada,Andhra Pradesh,India,2021-06-17,Regular
3905,Chatresh Vasa,customer3905@example.com,Hyderabad,Telangana,India,2024-05-11,Premium
3906,Jonathan Khosla,customer3906@example.com,Mumbai,Maharashtra,India,2022-07-13,Regular
3907,Wyatt Yohannan,customer3907@example.com,Warangal,Telangana,India,2021-06-07,Regular
3908,Harinakshi Vohra,customer3908@example.com,Pune,Maharashtra,India,2025-09-12,Regular
3909,Aashi Lal,customer3909@example.com,Jaipur,Rajasthan,India,2025-07-29,Regular
3910,Pranav Basu,customer3910@example.com,Mumbai,Maharashtra,India,2023-10-29,Regular
3911,Samesh Dey,customer3911@example.com,Kolkata,West Bengal,India,2024-08-21,New
3912,Zarna Divan,customer3912@example.com,Coimbatore,Tamil Nadu,India,2022-11-17,Premium
3913,Pahal Buch,customer3913@example.com,Ahmedabad,Gujarat,India,2024-10-06,Occasional
3914,Nitesh Majumdar,customer3914@example.com,Hyderabad,Telangana,India,2023-09-27,Occasional
3915,Bachittar Apte,customer3915@example.com,Bengaluru,Karnataka,India,2023-11-16,Regular
3916,Azaan Chacko,customer3916@example.com,Bengaluru,Karnataka,India,2021-03-26,Regular
3917,Finn Butala,customer3917@example.com,Bhopal,Madhya Pradesh,India,2023-09-29,Occasional
3918,Guneet Sarna,customer3918@example.com,Pune,Maharashtra,India,2022-08-15,Regular
3919,Dakshesh Bal,customer3919@example.com,Mumbai,Maharashtra,India,2025-08-02,Regular
3920,Dhriti Raghavan,customer3920@example.com,Visakhapatnam,Andhra Pradesh,India,2022-04-11,New
3921,Brinda Lal,customer3921@example.com,Pune,Maharashtra,India,2021-12-24,Premium
3922,Manbir Zacharia,customer3922@example.com,Mumbai,Maharashtra,India,2022-05-10,Regular
3923,Vritti Vig,customer3923@example.com,Bhopal,Madhya Pradesh,India,2025-01-21,Premium
3924,Parth Mani,customer3924@example.com,Chennai,Tamil Nadu,India,2021-08-26,Occasional
3925,Dipta Raghavan,customer3925@example.com,Bengaluru,Karnataka,India,2025-04-07,Occasional
3926,Yashica Saran,customer3926@example.com,Jaipur,Rajasthan,India,2024-12-27,Occasional
3927,Chaitanya Bawa,customer3927@example.com,Ahmedabad,Gujarat,India,2024-12-22,Regular
3928,Yatan Purohit,customer3928@example.com,Pune,Maharashtra,India,2021-01-09,Occasional
3929,Gaurang Pathak,customer3929@example.com,Visakhapatnam,Andhra Pradesh,India,2023-12-09,Occasional
3930,Mason Ravel,customer3930@example.com,Mumbai,Maharashtra,India,2025-05-22,Occasional
3931,Warinder Sachar,customer3931@example.com,Vijayawada,Andhra Pradesh,India,2024-03-19,Regular
3932,Yasti Kari,customer3932@example.com,Ahmedabad,Gujarat,India,2022-04-09,Regular
3933,Chandran Pau,customer3933@example.com,Coimbatore,Tamil Nadu,India,2023-09-27,Premium
3934,Keya Barman,customer3934@example.com,Bengaluru,Karnataka,India,2023-08-22,Regular
3935,Upma Bera,customer3935@example.com,Pune,Maharashtra,India,2025-09-13,Occasional
3936,Wridesh Roy,customer3936@example.com,Delhi,Delhi,India,2024-06-17,Regular
3937,Isha Badal,customer3937@example.com,Bhopal,Madhya Pradesh,India,2025-10-01,Regular
3938,Jeremiah Bhattacharyya,customer3938@example.com,Chennai,Tamil Nadu,India,2025-06-22,Regular
3939,Champak Das,customer3939@example.com,Chennai,Tamil Nadu,India,2021-07-08,Occasional
3940,Jeet Wadhwa,customer3940@example.com,Kochi,Kerala,India,2024-05-01,Occasional
3941,Aarna Goel,customer3941@example.com,Jaipur,Rajasthan,India,2021-01-16,Occasional
3942,Wishi Kothari,customer3942@example.com,Ahmedabad,Gujarat,India,2025-08-28,Occasional
3943,Kritika Guha,customer3943@example.com,Vijayawada,Andhra Pradesh,India,2025-05-22,Regular
3944,Mugdha Loyal,customer3944@example.com,Kochi,Kerala,India,2025-06-30,Occasional
3945,Dominic Dhaliwal,customer3945@example.com,Delhi,Delhi,India,2023-01-23,Regular
3946,Onkar Vig,customer3946@example.com,Warangal,Telangana,India,2024-05-28,Premium
3947,Nikita Mishra,customer3947@example.com,Bengaluru,Karnataka,India,2025-11-11,New
3948,Xavier Saini,customer3948@example.com,Kolkata,West Bengal,India,2022-05-08,Regular
3949,Raagini Kala,customer3949@example.com,Vijayawada,Andhra Pradesh,India,2022-02-10,Regular
3950,Zayan Butala,customer3950@example.com,Coimbatore,Tamil Nadu,India,2021-11-20,Regular
3951,Madhavi Manne,customer3951@example.com,Jaipur,Rajasthan,India,2024-12-06,Regular
3952,Isha Prakash,customer3952@example.com,Pune,Maharashtra,India,2024-04-26,Regular
3953,Rachit Rau,customer3953@example.com,Mumbai,Maharashtra,India,2023-06-22,Premium
3954,Harini Grover,customer3954@example.com,Coimbatore,Tamil Nadu,India,2022-12-13,Premium
3955,Arin Chad,customer3955@example.com,Bengaluru,Karnataka,India,2023-07-02,Occasional
3956,Darika Sabharwal,customer3956@example.com,Bengaluru,Karnataka,India,2024-12-30,Occasional
3957,Yochana Wali,customer3957@example.com,Mumbai,Maharashtra,India,2023-05-20,Premium
3958,Upkaar Chopra,customer3958@example.com,Bengaluru,Karnataka,India,2025-04-19,New
3959,Xiti Venkataraman,customer3959@example.com,Delhi,Delhi,India,2024-02-19,Occasional
3960,Garima Desai,customer3960@example.com,Kochi,Kerala,India,2022-07-09,Premium
3961,Harini Barad,customer3961@example.com,Hyderabad,Telangana,India,2024-12-17,Occasional
3962,Bishakha Khare,customer3962@example.com,Kochi,Kerala,India,2023-06-20,Regular
3963,Sathvik Pant,customer3963@example.com,Chennai,Tamil Nadu,India,2022-09-28,Premium
3964,Divya Das,customer3964@example.com,Kochi,Kerala,India,2022-08-27,Occasional
3965,Lohit Chaudry,customer3965@example.com,Jaipur,Rajasthan,India,2024-05-11,Premium
3966,Suhani Vora,customer3966@example.com,Warangal,Telangana,India,2021-10-07,New
3967,Chanakya Issac,customer3967@example.com,Hyderabad,Telangana,India,2024-12-20,Premium
3968,Rudra Tailor,customer3968@example.com,Visakhapatnam,Andhra Pradesh,India,2023-01-20,Premium
3969,Nidhi Naidu,customer3969@example.com,Warangal,Telangana,India,2022-11-05,Occasional
3970,Niharika Banerjee,customer3970@example.com,Bhopal,Madhya Pradesh,India,2022-12-03,Regular
3971,Yashasvi Taneja,customer3971@example.com,Jaipur,Rajasthan,India,2021-08-27,New
3972,Girish Shenoy,customer3972@example.com,Bengaluru,Karnataka,India,2023-10-15,Occasional
3973,Abhiram Anne,customer3973@example.com,Hyderabad,Telangana,India,2025-04-05,Premium
3974,Avi Balan,customer3974@example.com,Coimbatore,Tamil Nadu,India,2022-07-29,Occasional
3975,Gaurika Sachdeva,customer3975@example.com,Mumbai,Maharashtra,India,2025-12-26,New
3976,Agastya Konda,customer3976@example.com,Pune,Maharashtra,India,2021-12-15,Regular
3977,Urmi Tank,customer3977@example.com,Coimbatore,Tamil Nadu,India,2024-03-18,Regular
3978,Jagdish Sagar,customer3978@example.com,Vijayawada,Andhra Pradesh,India,2023-03-31,Regular
3979,Manya Pillai,customer3979@example.com,Ahmedabad,Gujarat,India,2021-01-10,Regular
3980,Dalbir Bose,customer3980@example.com,Warangal,Telangana,India,2023-12-11,Occasional
3981,Jatin Vora,customer3981@example.com,Kochi,Kerala,India,2023-08-25,Premium
3982,Ikbal Zacharia,customer3982@example.com,Chennai,Tamil Nadu,India,2025-11-22,Occasional
3983,Vihaan Ranganathan,customer3983@example.com,Mumbai,Maharashtra,India,2023-06-27,Regular
3984,Hemal Bala,customer3984@example.com,Kochi,Kerala,India,2025-07-05,Regular
3985,Nikita Hayer,customer3985@example.com,Vijayawada,Andhra Pradesh,India,2025-12-28,Premium
3986,Tanveer Tiwari,customer3986@example.com,Chennai,Tamil Nadu,India,2022-06-15,New
3987,Wriddhish Seth,customer3987@example.com,Coimbatore,Tamil Nadu,India,2022-04-05,Occasional
3988,Geetika Sahota,customer3988@example.com,Pune,Maharashtra,India,2023-05-05,Occasional
3989,Aadhya Bansal,customer3989@example.com,Bengaluru,Karnataka,India,2021-08-27,Regular
3990,Zinal Wason,customer3990@example.com,Warangal,Telangana,India,2023-07-03,Regular
3991,Jeevika Bail,customer3991@example.com,Pune,Maharashtra,India,2024-06-19,New
3992,Waida Rana,customer3992@example.com,Delhi,Delhi,India,2023-11-15,Regular
3993,Chakradhar Venkataraman,customer3993@example.com,Chennai,Tamil Nadu,India,2024-08-24,Regular
3994,Kabir Sandhu,customer3994@example.com,Kochi,Kerala,India,2021-10-26,New
3995,Reyansh Bhakta,customer3995@example.com,Warangal,Telangana,India,2021-02-25,Regular
3996,Jalsa Ramakrishnan,customer3996@example.com,Ahmedabad,Gujarat,India,2025-06-05,Premium
3997,Avi Raju,customer3997@example.com,Kochi,Kerala,India,2024-05-21,Regular
3998,Elijah Nagi,customer3998@example.com,Mumbai,Maharashtra,India,2022-04-24,Regular
3999,Parth Kamdar,customer3999@example.com,Hyderabad,Telangana,India,2022-10-24,Premium
4000,Ishani Ben,customer4000@example.com,Kolkata,West Bengal,India,2023-03-01,Premium
4001,Rajata Chopra,customer4001@example.com,Mumbai,Maharashtra,India,2024-08-28,Regular
4002,Panini Dhar,customer4002@example.com,Vijayawada,Andhra Pradesh,India,2025-02-17,Regular
4003,Bina Baria,customer4003@example.com,Coimbatore,Tamil Nadu,India,2022-10-18,Regular
4004,Daksha Ahluwalia,customer4004@example.com,Ahmedabad,Gujarat,India,2021-12-26,Regular
4005,Rishi Oommen,customer4005@example.com,Coimbatore,Tamil Nadu,India,2025-06-28,Regular
4006,Vansha Wadhwa,customer4006@example.com,Coimbatore,Tamil Nadu,India,2023-07-17,Premium
4007,Chakradhar Kala,customer4007@example.com,Coimbatore,Tamil Nadu,India,2022-03-01,Occasional
4008,Jeet Bera,customer4008@example.com,Visakhapatnam,Andhra Pradesh,India,2022-12-28,Regular
4009,Siya Badami,customer4009@example.com,Hyderabad,Telangana,India,2021-11-15,New
4010,Dhruv Mann,customer4010@example.com,Kolkata,West Bengal,India,2021-05-28,Occasional
4011,Amol Sethi,customer4011@example.com,Delhi,Delhi,India,2023-06-07,Regular
4012,Neha Salvi,customer4012@example.com,Visakhapatnam,Andhra Pradesh,India,2023-03-05,Occasional
4013,Chaman Shan,customer4013@example.com,Warangal,Telangana,India,2025-11-15,Premium
4014,Maanav Wason,customer4014@example.com,Delhi,Delhi,India,2021-10-06,Occasional
4015,Yuvraj Din,customer4015@example.com,Warangal,Telangana,India,2024-02-12,Occasional
4016,Chaitaly Bail,customer4016@example.com,Bhopal,Madhya Pradesh,India,2023-10-24,New
4017,Robert Gill,customer4017@example.com,Warangal,Telangana,India,2025-04-04,Regular
4018,Qasim Kapoor,customer4018@example.com,Chennai,Tamil Nadu,India,2022-08-15,Regular
4019,Qushi Raval,customer4019@example.com,Jaipur,Rajasthan,India,2023-07-04,Occasional
4020,Nikita Bajaj,customer4020@example.com,Delhi,Delhi,India,2025-10-19,Premium
4021,Mohammed Rao,customer4021@example.com,Coimbatore,Tamil Nadu,India,2025-09-30,Regular
4022,Omisha Balasubramanian,customer4022@example.com,Kolkata,West Bengal,India,2022-01-01,Regular
4023,Tarak More,customer4023@example.com,Vijayawada,Andhra Pradesh,India,2024-10-05,Occasional
4024,Zinal Kannan,customer4024@example.com,Jaipur,Rajasthan,India,2025-10-12,Regular
4025,Yagnesh Venkatesh,customer4025@example.com,Kochi,Kerala,India,2023-10-10,Occasional
4026,Bhavani Aggarwal,customer4026@example.com,Delhi,Delhi,India,2022-03-07,Regular
4027,Jacob Dhar,customer4027@example.com,Visakhapatnam,Andhra Pradesh,India,2023-12-07,Regular
4028,Harita Balan,customer4028@example.com,Delhi,Delhi,India,2025-10-26,New
4029,Nidra Parmer,customer4029@example.com,Ahmedabad,Gujarat,India,2025-09-03,Regular
4030,Radha Lata,customer4030@example.com,Kochi,Kerala,India,2025-08-19,Regular
4031,Kritika Padmanabhan,customer4031@example.com,Warangal,Telangana,India,2021-10-18,Regular
4032,Tarak Aurora,customer4032@example.com,Kolkata,West Bengal,India,2024-06-18,Regular
4033,Pooja Chaudhari,customer4033@example.com,Bengaluru,Karnataka,India,2025-10-12,Premium
4034,Dipta Nayar,customer4034@example.com,Vijayawada,Andhra Pradesh,India,2022-03-29,Premium
4035,Rehaan Loke,customer4035@example.com,Warangal,Telangana,India,2022-01-09,Regular
4036,Wridesh Mukhopadhyay,customer4036@example.com,Hyderabad,Telangana,India,2024-05-23,New
4037,Banjeet Balan,customer4037@example.com,Delhi,Delhi,India,2025-05-01,Regular
4038,Udarsh Agarwal,customer4038@example.com,Pune,Maharashtra,India,2022-05-26,Regular
4039,Mahika Ramachandran,customer4039@example.com,Jaipur,Rajasthan,India,2021-01-21,Regular
4040,Jackson Ram,customer4040@example.com,Kochi,Kerala,India,2021-07-14,Premium
4041,Falan Bumb,customer4041@example.com,Kochi,Kerala,India,2025-04-15,Regular
4042,Atharv Bava,customer4042@example.com,Kolkata,West Bengal,India,2022-08-24,Occasional
4043,Daksh Mallick,customer4043@example.com,Chennai,Tamil Nadu,India,2021-07-25,Regular
4044,Elijah Nagy,customer4044@example.com,Kolkata,West Bengal,India,2021-09-06,Regular
4045,Nikita Goel,customer4045@example.com,Mumbai,Maharashtra,India,2021-06-18,Regular
4046,Saanvi Sabharwal,customer4046@example.com,Kochi,Kerala,India,2025-06-10,Occasional
4047,Jyoti Kannan,customer4047@example.com,Ahmedabad,Gujarat,India,2022-03-23,Premium
4048,Anay Tandon,customer4048@example.com,Kochi,Kerala,India,2023-05-20,Premium
4049,Baghyawati Raman,customer4049@example.com,Delhi,Delhi,India,2024-10-01,Occasional
4050,Saumya Dey,customer4050@example.com,Warangal,Telangana,India,2022-05-20,Regular
4051,Kalpit Devan,customer4051@example.com,Pune,Maharashtra,India,2024-06-06,Occasional
4052,George Swamy,customer4052@example.com,Kolkata,West Bengal,India,2023-12-07,Regular
4053,Champak Dyal,customer4053@example.com,Hyderabad,Telangana,India,2025-01-13,Regular
4054,Adya Bajaj,customer4054@example.com,Visakhapatnam,Andhra Pradesh,India,2025-10-23,Occasional
4055,Ekalinga Hayer,customer4055@example.com,Mumbai,Maharashtra,India,2024-05-19,Occasional
4056,Sudiksha Kata,customer4056@example.com,Bengaluru,Karnataka,India,2022-09-09,Regular
4057,Dipta Parmar,customer4057@example.com,Bengaluru,Karnataka,India,2021-10-05,Regular
4058,Hemani Rattan,customer4058@example.com,Delhi,Delhi,India,2022-06-17,Regular
4059,Fariq Shetty,customer4059@example.com,Warangal,Telangana,India,2021-12-04,Regular
4060,Nitesh Chaudry,customer4060@example.com,Kolkata,West Bengal,India,2021-02-03,Occasional
4061,Aadi Raghavan,customer4061@example.com,Visakhapatnam,Andhra Pradesh,India,2021-09-02,Regular
4062,Pahal Khanna,customer4062@example.com,Kolkata,West Bengal,India,2021-12-16,Regular
4063,Kevin Sibal,customer4063@example.com,Coimbatore,Tamil Nadu,India,2025-05-14,Regular
4064,Krisha Dara,customer4064@example.com,Hyderabad,Telangana,India,2025-03-21,Regular
4065,Sara Borde,customer4065@example.com,Kolkata,West Bengal,India,2022-08-15,Regular
4066,Damyanti Lalla,customer4066@example.com,Delhi,Delhi,India,2025-08-21,Regular
4067,Ekantika Batta,customer4067@example.com,Pune,Maharashtra,India,2021-06-02,Occasional
4068,Chaitaly Uppal,customer4068@example.com,Mumbai,Maharashtra,India,2022-03-14,Regular
4069,Raagini Majumdar,customer4069@example.com,Hyderabad,Telangana,India,2021-05-14,Regular
4070,Warjas Seth,customer4070@example.com,Bengaluru,Karnataka,India,2023-06-04,Occasional
4071,Harsh Rao,customer4071@example.com,Pune,Maharashtra,India,2022-09-29,Occasional
4072,Lucky Sheth,customer4072@example.com,Jaipur,Rajasthan,India,2025-01-01,Premium
4073,Rachit Borde,customer4073@example.com,Bhopal,Madhya Pradesh,India,2025-04-02,Regular
4074,George Swamy,customer4074@example.com,Delhi,Delhi,India,2021-02-13,Premium
4075,Harsh Hari,customer4075@example.com,Pune,Maharashtra,India,2025-07-25,New
4076,Onveer Oak,customer4076@example.com,Delhi,Delhi,India,2023-03-23,Regular
4077,Vivaan Sandhu,customer4077@example.com,Visakhapatnam,Andhra Pradesh,India,2025-03-07,Regular
4078,Ishwar Varma,customer4078@example.com,Chennai,Tamil Nadu,India,2022-12-21,Regular
4079,Nilima Balakrishnan,customer4079@example.com,Jaipur,Rajasthan,India,2022-07-05,Premium
4080,Shivani Bajaj,customer4080@example.com,Vijayawada,Andhra Pradesh,India,2023-11-18,Premium
4081,Neha Dani,customer4081@example.com,Mumbai,Maharashtra,India,2025-03-12,Premium
4082,Darsh Rau,customer4082@example.com,Bengaluru,Karnataka,India,2024-11-10,Premium
4083,Nidhi Vasa,customer4083@example.com,Pune,Maharashtra,India,2025-03-23,Premium
4084,Janya Agate,customer4084@example.com,Visakhapatnam,Andhra Pradesh,India,2022-04-01,Occasional
4085,Frado Garg,customer4085@example.com,Jaipur,Rajasthan,India,2024-03-14,Regular
4086,Ikshita Narang,customer4086@example.com,Delhi,Delhi,India,2022-07-15,Regular
4087,Maya Pau,customer4087@example.com,Vijayawada,Andhra Pradesh,India,2022-05-10,Regular
4088,Sara Cheema,customer4088@example.com,Hyderabad,Telangana,India,2021-02-16,New
4089,Mason Bora,customer4089@example.com,Delhi,Delhi,India,2023-04-04,Regular
4090,Elijah Dewan,customer4090@example.com,Pune,Maharashtra,India,2025-06-13,Regular
4091,Tanmayi Baral,customer4091@example.com,Kochi,Kerala,India,2023-10-15,Regular
4092,Wahab Sani,customer4092@example.com,Vijayawada,Andhra Pradesh,India,2025-09-29,Occasional
4093,Amol Dutt,customer4093@example.com,Pune,Maharashtra,India,2025-08-11,Regular
4094,Ganga Bandi,customer4094@example.com,Kochi,Kerala,India,2022-01-30,Occasional
4095,Zashil Tripathi,customer4095@example.com,Pune,Maharashtra,India,2022-12-15,Regular
4096,Chanchal Nazareth,customer4096@example.com,Mumbai,Maharashtra,India,2023-06-26,Regular
4097,Frado Mander,customer4097@example.com,Delhi,Delhi,India,2025-05-11,Regular
4098,Yashica Shankar,customer4098@example.com,Visakhapatnam,Andhra Pradesh,India,2023-12-14,Occasional
4099,Gavin Parikh,customer4099@example.com,Kochi,Kerala,India,2021-04-22,Premium
4100,Neelima Sem,customer4100@example.com,Coimbatore,Tamil Nadu,India,2022-07-11,Regular
4101,Rohan Zacharia,customer4101@example.com,Mumbai,Maharashtra,India,2024-04-28,Regular
4102,Siya Maharaj,customer4102@example.com,Mumbai,Maharashtra,India,2022-08-04,New
4103,Devansh Shenoy,customer4103@example.com,Delhi,Delhi,India,2024-03-28,Occasional
4104,Leena Doctor,customer4104@example.com,Jaipur,Rajasthan,India,2025-03-18,Occasional
4105,Yashasvi Tank,customer4105@example.com,Warangal,Telangana,India,2025-11-21,Occasional
4106,Ekaja Varty,customer4106@example.com,Jaipur,Rajasthan,India,2022-04-24,Premium
4107,Wakeeta Barad,customer4107@example.com,Pune,Maharashtra,India,2025-11-28,Regular
4108,Aadi Rastogi,customer4108@example.com,Jaipur,Rajasthan,India,2025-07-12,Occasional
4109,Jyoti Ben,customer4109@example.com,Kolkata,West Bengal,India,2022-08-02,Regular
4110,Jalsa Ramakrishnan,customer4110@example.com,Pune,Maharashtra,India,2023-04-17,Occasional
4111,Tanmayi Barad,customer4111@example.com,Visakhapatnam,Andhra Pradesh,India,2024-03-29,Occasional
4112,Oliver Mammen,customer4112@example.com,Ahmedabad,Gujarat,India,2021-04-06,Occasional
4113,Hema Prasad,customer4113@example.com,Delhi,Delhi,India,2025-08-11,Occasional
4114,Qabil Viswanathan,customer4114@example.com,Pune,Maharashtra,India,2023-04-14,Regular
4115,Meera Hayre,customer4115@example.com,Delhi,Delhi,India,2024-05-06,Regular
4116,Chaitaly Grewal,customer4116@example.com,Ahmedabad,Gujarat,India,2022-03-13,Regular
4117,Amruta Raman,customer4117@example.com,Kochi,Kerala,India,2023-02-06,Regular
4118,Harshil Oak,customer4118@example.com,Bhopal,Madhya Pradesh,India,2022-11-22,Premium
4119,Abha Buch,customer4119@example.com,Vijayawada,Andhra Pradesh,India,2024-06-11,Regular
4120,Geetika Subramanian,customer4120@example.com,Bengaluru,Karnataka,India,2023-10-16,Regular
4121,Lopa Ganesh,customer4121@example.com,Chennai,Tamil Nadu,India,2022-07-07,Occasional
4122,Netra Kant,customer4122@example.com,Coimbatore,Tamil Nadu,India,2025-11-23,Occasional
4123,Kala Chaudry,customer4123@example.com,Kolkata,West Bengal,India,2022-11-22,Regular
4124,Mahika Pingle,customer4124@example.com,Visakhapatnam,Andhra Pradesh,India,2022-11-26,Regular
4125,Vrishti Venkataraman,customer4125@example.com,Jaipur,Rajasthan,India,2024-02-11,Occasional
4126,Ekta Babu,customer4126@example.com,Bhopal,Madhya Pradesh,India,2023-03-28,Regular
4127,Bhavna Lal,customer4127@example.com,Jaipur,Rajasthan,India,2023-09-23,Occasional
4128,Rishi Mohan,customer4128@example.com,Hyderabad,Telangana,India,2022-11-28,Regular
4129,Isaiah Srivastava,customer4129@example.com,Pune,Maharashtra,India,2022-01-08,Regular
4130,Champak Issac,customer4130@example.com,Chennai,Tamil Nadu,India,2025-02-13,Regular
4131,Warinder Luthra,customer4131@example.com,Visakhapatnam,Andhra Pradesh,India,2025-06-09,Occasional
4132,Januja Kade,customer4132@example.com,Coimbatore,Tamil Nadu,India,2021-04-28,Regular
4133,Gaurang Nanda,customer4133@example.com,Pune,Maharashtra,India,2024-05-10,Occasional
4134,Hritik Narain,customer4134@example.com,Bhopal,Madhya Pradesh,India,2023-07-02,Premium
4135,Hredhaan Kalita,customer4135@example.com,Chennai,Tamil Nadu,India,2023-10-16,Occasional
4136,Tanish Saini,customer4136@example.com,Mumbai,Maharashtra,India,2022-06-24,Occasional
4137,Wazir Sandhu,customer4137@example.com,Visakhapatnam,Andhra Pradesh,India,2025-01-18,Regular
4138,Chakradev Babu,customer4138@example.com,Visakhapatnam,Andhra Pradesh,India,2024-10-21,Regular
4139,Ikbal Mander,customer4139@example.com,Delhi,Delhi,India,2023-04-06,Regular
4140,Irya Goel,customer4140@example.com,Bengaluru,Karnataka,India,2021-09-28,Regular
4141,Jairaj Viswanathan,customer4141@example.com,Chennai,Tamil Nadu,India,2024-11-19,Occasional
4142,Karan Sridhar,customer4142@example.com,Mumbai,Maharashtra,India,2025-01-09,Regular
4143,Jalsa Dayal,customer4143@example.com,Ahmedabad,Gujarat,India,2021-01-21,New
4144,Neelima Gaba,customer4144@example.com,Delhi,Delhi,India,2023-01-01,Regular
4145,Priya Saha,customer4145@example.com,Hyderabad,Telangana,India,2022-03-02,Regular
4146,Yashawini Sagar,customer4146@example.com,Mumbai,Maharashtra,India,2021-07-01,Premium
4147,Ati Misra,customer4147@example.com,Mumbai,Maharashtra,India,2024-10-29,Occasional
4148,Waida Nazareth,customer4148@example.com,Mumbai,Maharashtra,India,2022-06-05,Occasional
4149,Ati Nori,customer4149@example.com,Bengaluru,Karnataka,India,2025-05-05,Regular
4150,Edhitha Mani,customer4150@example.com,Hyderabad,Telangana,India,2024-08-03,New
4151,Daksha Dani,customer4151@example.com,Kolkata,West Bengal,India,2022-07-07,Occasional
4152,Gaurangi Bal,customer4152@example.com,Hyderabad,Telangana,India,2021-09-15,Occasional
4153,Balveer Basak,customer4153@example.com,Warangal,Telangana,India,2022-02-27,Regular
4154,Kashish Karpe,customer4154@example.com,Mumbai,Maharashtra,India,2022-04-30,Occasional
4155,Elijah Khalsa,customer4155@example.com,Bhopal,Madhya Pradesh,India,2025-12-27,New
4156,Eshana Nadig,customer4156@example.com,Bhopal,Madhya Pradesh,India,2022-02-12,Regular
4157,Abdul Naik,customer4157@example.com,Visakhapatnam,Andhra Pradesh,India,2021-08-04,Occasional
4158,Bahadurjit Vig,customer4158@example.com,Delhi,Delhi,India,2023-11-23,New
4159,Qabil Chaudhry,customer4159@example.com,Vijayawada,Andhra Pradesh,India,2022-09-27,Occasional
4160,Bhavani Venkatesh,customer4160@example.com,Chennai,Tamil Nadu,India,2023-06-02,Premium
4161,Libni Swaminathan,customer4161@example.com,Vijayawada,Andhra Pradesh,India,2025-06-19,Regular
4162,Tristan Sampath,customer4162@example.com,Warangal,Telangana,India,2022-03-24,Regular
4163,Brinda Sachdev,customer4163@example.com,Coimbatore,Tamil Nadu,India,2024-10-27,Regular
4164,Kai Peri,customer4164@example.com,Kochi,Kerala,India,2022-04-11,New
4165,Jyoti Mani,customer4165@example.com,Mumbai,Maharashtra,India,2025-05-21,Regular
4166,Tejas Ghose,customer4166@example.com,Warangal,Telangana,India,2022-10-12,Regular
4167,Kiaan Gupta,customer4167@example.com,Warangal,Telangana,India,2025-08-16,Occasional
4168,Ryan Dhar,customer4168@example.com,Pune,Maharashtra,India,2021-07-15,Regular
4169,George Bhargava,customer4169@example.com,Jaipur,Rajasthan,India,2021-01-23,Occasional
4170,Gautam Venkatesh,customer4170@example.com,Kochi,Kerala,India,2024-03-17,Occasional
4171,Adweta Suri,customer4171@example.com,Chennai,Tamil Nadu,India,2023-01-31,New
4172,Ubika Pai,customer4172@example.com,Chennai,Tamil Nadu,India,2022-05-13,Premium
4173,Urishilla Raval,customer4173@example.com,Bengaluru,Karnataka,India,2021-03-17,Regular
4174,Tamanna Goel,customer4174@example.com,Mumbai,Maharashtra,India,2025-05-31,Regular
4175,Varsha Shetty,customer4175@example.com,Mumbai,Maharashtra,India,2022-07-16,Occasional
4176,Janani Lata,customer4176@example.com,Hyderabad,Telangana,India,2023-09-24,Regular
4177,Ladli Dubey,customer4177@example.com,Pune,Maharashtra,India,2025-02-12,Occasional
4178,Eshana Dhar,customer4178@example.com,Warangal,Telangana,India,2025-11-10,Regular
4179,Lavanya Khosla,customer4179@example.com,Delhi,Delhi,India,2021-10-08,Regular
4180,Chatresh Gopal,customer4180@example.com,Chennai,Tamil Nadu,India,2021-11-14,New
4181,Upasna Gill,customer4181@example.com,Bhopal,Madhya Pradesh,India,2024-09-27,Occasional
4182,Tanveer Issac,customer4182@example.com,Bengaluru,Karnataka,India,2021-07-16,Regular
4183,Quincy Balakrishnan,customer4183@example.com,Vijayawada,Andhra Pradesh,India,2024-10-08,Regular
4184,Orinder Dubey,customer4184@example.com,Mumbai,Maharashtra,India,2023-10-10,Premium
4185,Nisha Garg,customer4185@example.com,Bhopal,Madhya Pradesh,India,2025-11-27,Regular
4186,Eta Borra,customer4186@example.com,Coimbatore,Tamil Nadu,India,2021-11-10,Occasional
4187,Maanas Khalsa,customer4187@example.com,Kochi,Kerala,India,2023-08-01,New
4188,Januja Konda,customer4188@example.com,Vijayawada,Andhra Pradesh,India,2022-06-02,New
4189,Ekaja Morar,customer4189@example.com,Visakhapatnam,Andhra Pradesh,India,2025-11-30,Regular
4190,Jason Suresh,customer4190@example.com,Ahmedabad,Gujarat,India,2023-04-09,Regular
4191,Theodore Edwin,customer4191@example.com,Visakhapatnam,Andhra Pradesh,India,2024-12-09,New
4192,Yug Bahri,customer4192@example.com,Pune,Maharashtra,India,2024-05-06,New
4193,Advika Kulkarni,customer4193@example.com,Visakhapatnam,Andhra Pradesh,India,2025-11-10,Premium
4194,Jackson Gole,customer4194@example.com,Coimbatore,Tamil Nadu,India,2025-11-30,Regular
4195,Aarnav Grover,customer4195@example.com,Kolkata,West Bengal,India,2024-10-20,Regular
4196,Ria Boase,customer4196@example.com,Bhopal,Madhya Pradesh,India,2025-11-10,New
4197,Garima Koshy,customer4197@example.com,Bhopal,Madhya Pradesh,India,2022-05-19,New
4198,Isaiah Kala,customer4198@example.com,Mumbai,Maharashtra,India,2024-12-26,Regular
4199,Lakshit Venkataraman,customer4199@example.com,Bhopal,Madhya Pradesh,India,2025-03-04,Occasional
4200,Manthan Bala,customer4200@example.com,Chennai,Tamil Nadu,India,2023-01-26,Regular
4201,Janya Ranganathan,customer4201@example.com,Coimbatore,Tamil Nadu,India,2021-11-03,Occasional
4202,Oscar Barad,customer4202@example.com,Bhopal,Madhya Pradesh,India,2021-06-18,Regular
4203,Vrinda Shroff,customer4203@example.com,Pune,Maharashtra,India,2021-05-19,Occasional
4204,Ikshita Kade,customer4204@example.com,Kochi,Kerala,India,2025-05-31,Regular
4205,Qasim Khalsa,customer4205@example.com,Kochi,Kerala,India,2024-03-02,Premium
4206,Darsh Baria,customer4206@example.com,Coimbatore,Tamil Nadu,India,2025-07-21,Premium
4207,Arunima Mittal,customer4207@example.com,Kochi,Kerala,India,2022-09-20,New
4208,Finn Nagi,customer4208@example.com,Kolkata,West Bengal,India,2023-01-05,Occasional
4209,Ekalinga Palan,customer4209@example.com,Bhopal,Madhya Pradesh,India,2021-12-07,Occasional
4210,Girik Bajaj,customer4210@example.com,Vijayawada,Andhra Pradesh,India,2022-05-22,Regular
4211,Ijaya Bajwa,customer4211@example.com,Bhopal,Madhya Pradesh,India,2022-04-09,Occasional
4212,Rushil Sridhar,customer4212@example.com,Coimbatore,Tamil Nadu,India,2021-10-15,Regular
4213,Dakshesh Hegde,customer4213@example.com,Mumbai,Maharashtra,India,2023-05-12,Regular
4214,Upma Butala,customer4214@example.com,Pune,Maharashtra,India,2021-01-16,Regular
4215,Girik Contractor,customer4215@example.com,Vijayawada,Andhra Pradesh,India,2022-10-16,Occasional
4216,Chanakya Dora,customer4216@example.com,Vijayawada,Andhra Pradesh,India,2022-03-28,Regular
4217,Sarthak Dugar,customer4217@example.com,Vijayawada,Andhra Pradesh,India,2022-04-17,Premium
4218,Nimrat Shukla,customer4218@example.com,Hyderabad,Telangana,India,2022-01-02,Regular
4219,Ishwar Chakraborty,customer4219@example.com,Bengaluru,Karnataka,India,2022-03-10,Regular
4220,Lavanya Rau,customer4220@example.com,Kochi,Kerala,India,2021-12-27,Regular
4221,Pratyush Barman,customer4221@example.com,Hyderabad,Telangana,India,2021-11-21,Regular
4222,Sanya Deshpande,customer4222@example.com,Visakhapatnam,Andhra Pradesh,India,2022-01-11,Regular
4223,Yuvraj Hora,customer4223@example.com,Jaipur,Rajasthan,India,2023-12-02,Premium
4224,Chaaya Hans,customer4224@example.com,Bengaluru,Karnataka,India,2022-10-28,Regular
4225,Geetika Joshi,customer4225@example.com,Vijayawada,Andhra Pradesh,India,2024-09-02,New
4226,Praneel Shah,customer4226@example.com,Coimbatore,Tamil Nadu,India,2025-07-24,Regular
4227,Mason Manda,customer4227@example.com,Bengaluru,Karnataka,India,2023-07-26,Occasional
4228,Gautam Mane,customer4228@example.com,Visakhapatnam,Andhra Pradesh,India,2022-07-02,Regular
4229,Logan Nazareth,customer4229@example.com,Pune,Maharashtra,India,2021-03-12,Regular
4230,Krish Doctor,customer4230@example.com,Coimbatore,Tamil Nadu,India,2021-01-28,Occasional
4231,Kabir Badal,customer4231@example.com,Mumbai,Maharashtra,India,2023-06-10,Regular
4232,Inaya Rai,customer4232@example.com,Jaipur,Rajasthan,India,2022-08-25,Occasional
4233,Tanish Pai,customer4233@example.com,Kochi,Kerala,India,2021-07-25,Regular
4234,Anay Chatterjee,customer4234@example.com,Warangal,Telangana,India,2022-02-03,Regular
4235,Jagat Dhar,customer4235@example.com,Bengaluru,Karnataka,India,2022-12-13,Regular
4236,Panini Parmer,customer4236@example.com,Delhi,Delhi,India,2023-05-06,New
4237,Jeevika Ram,customer4237@example.com,Bhopal,Madhya Pradesh,India,2025-09-04,Regular
4238,Simon Bala,customer4238@example.com,Hyderabad,Telangana,India,2023-08-12,New
4239,Nachiket Bal,customer4239@example.com,Bhopal,Madhya Pradesh,India,2023-03-17,Regular
4240,Chatura Sami,customer4240@example.com,Jaipur,Rajasthan,India,2022-03-14,Regular
4241,Neel Srinivas,customer4241@example.com,Bhopal,Madhya Pradesh,India,2022-01-18,Premium
4242,Arunima Bhasin,customer4242@example.com,Kolkata,West Bengal,India,2022-12-19,Regular
4243,Saanvi Chada,customer4243@example.com,Vijayawada,Andhra Pradesh,India,2022-06-01,Occasional
4244,Anthony Sachar,customer4244@example.com,Hyderabad,Telangana,India,2024-09-01,Regular
4245,Jonathan Manda,customer4245@example.com,Delhi,Delhi,India,2022-12-10,Regular
4246,Hema Nagarajan,customer4246@example.com,Bengaluru,Karnataka,India,2025-07-08,Premium
4247,Abhimanyu Kapadia,customer4247@example.com,Pune,Maharashtra,India,2023-03-23,Regular
4248,Zaid Bhargava,customer4248@example.com,Jaipur,Rajasthan,India,2023-06-06,Premium
4249,Janani Ravi,customer4249@example.com,Vijayawada,Andhra Pradesh,India,2022-01-23,Regular
4250,Jyoti Sampath,customer4250@example.com,Kochi,Kerala,India,2025-03-23,New
4251,Kamala Savant,customer4251@example.com,Kolkata,West Bengal,India,2023-08-16,Occasional
4252,Bhavani Sandal,customer4252@example.com,Kolkata,West Bengal,India,2023-12-18,Premium
4253,Zayan Srinivasan,customer4253@example.com,Vijayawada,Andhra Pradesh,India,2022-06-20,Regular
4254,Zayan Shenoy,customer4254@example.com,Coimbatore,Tamil Nadu,India,2021-11-27,Occasional
4255,Indrajit Basu,customer4255@example.com,Mumbai,Maharashtra,India,2024-09-10,Regular
4256,Jagat Varkey,customer4256@example.com,Kolkata,West Bengal,India,2025-09-21,Regular
4257,Sarthak Bala,customer4257@example.com,Delhi,Delhi,India,2022-01-17,Occasional
4258,Harish Sengupta,customer4258@example.com,Jaipur,Rajasthan,India,2024-07-05,Regular
4259,Gautam Suresh,customer4259@example.com,Coimbatore,Tamil Nadu,India,2024-05-23,Regular
4260,Zaitra Basak,customer4260@example.com,Visakhapatnam,Andhra Pradesh,India,2022-05-18,Regular
4261,Zansi Chatterjee,customer4261@example.com,Bengaluru,Karnataka,India,2025-08-19,Regular
4262,Hredhaan Divan,customer4262@example.com,Bengaluru,Karnataka,India,2024-02-12,Premium
4263,Hema Bhat,customer4263@example.com,Mumbai,Maharashtra,India,2021-04-05,Regular
4264,Rohan Trivedi,customer4264@example.com,Kolkata,West Bengal,India,2024-12-10,New
4265,Sneha Chaudry,customer4265@example.com,Pune,Maharashtra,India,2021-05-12,Regular
4266,Turvi Karnik,customer4266@example.com,Visakhapatnam,Andhra Pradesh,India,2023-02-05,Regular
4267,Champak Mani,customer4267@example.com,Hyderabad,Telangana,India,2023-10-29,Regular
4268,Vyanjana Mital,customer4268@example.com,Coimbatore,Tamil Nadu,India,2024-01-27,Regular
4269,Parth Comar,customer4269@example.com,Vijayawada,Andhra Pradesh,India,2022-09-12,Regular
4270,Anay Saran,customer4270@example.com,Chennai,Tamil Nadu,India,2022-09-03,Occasional
4271,Isha Sekhon,customer4271@example.com,Vijayawada,Andhra Pradesh,India,2022-07-19,Regular
4272,Zehaan Taneja,customer4272@example.com,Jaipur,Rajasthan,India,2024-08-16,Regular
4273,Jai Ahluwalia,customer4273@example.com,Warangal,Telangana,India,2021-04-03,Regular
4274,Sai Rau,customer4274@example.com,Hyderabad,Telangana,India,2023-11-03,Regular
4275,Aachal Sarkar,customer4275@example.com,Chennai,Tamil Nadu,India,2022-05-02,Regular
4276,Manthan Brar,customer4276@example.com,Pune,Maharashtra,India,2024-05-07,New
4277,Wridesh Devi,customer4277@example.com,Visakhapatnam,Andhra Pradesh,India,2024-01-03,New
4278,Azad Bhandari,customer4278@example.com,Jaipur,Rajasthan,India,2025-01-15,Occasional
4279,Oeshi Sandal,customer4279@example.com,Kochi,Kerala,India,2023-04-07,Premium
4280,Ganga Bakshi,customer4280@example.com,Mumbai,Maharashtra,India,2021-11-08,Regular
4281,Chandresh Sekhon,customer4281@example.com,Delhi,Delhi,India,2021-07-30,Regular
4282,Jeet Krishnan,customer4282@example.com,Delhi,Delhi,India,2025-02-17,Occasional
4283,Adweta Keer,customer4283@example.com,Bengaluru,Karnataka,India,2021-04-27,New
4284,Anamika Aggarwal,customer4284@example.com,Ahmedabad,Gujarat,India,2025-08-17,Premium
4285,Dominic Nadig,customer4285@example.com,Bengaluru,Karnataka,India,2023-09-06,Regular
4286,Aadhya Thaker,customer4286@example.com,Ahmedabad,Gujarat,India,2022-06-19,Regular
4287,Watika Rana,customer4287@example.com,Pune,Maharashtra,India,2021-04-28,Occasional
4288,Udarsh Bhattacharyya,customer4288@example.com,Bengaluru,Karnataka,India,2025-07-03,Premium
4289,Reva Dara,customer4289@example.com,Vijayawada,Andhra Pradesh,India,2022-09-10,Regular
4290,Brinda Chaudry,customer4290@example.com,Bengaluru,Karnataka,India,2024-07-12,Regular
4291,Hardik Dixit,customer4291@example.com,Pune,Maharashtra,India,2024-06-30,Premium
4292,Bhavini Bawa,customer4292@example.com,Bengaluru,Karnataka,India,2022-11-03,Regular
4293,Amaira Kothari,customer4293@example.com,Coimbatore,Tamil Nadu,India,2025-02-15,Regular
4294,Ekantika Sarkar,customer4294@example.com,Pune,Maharashtra,India,2022-12-26,New
4295,Yutika Mann,customer4295@example.com,Mumbai,Maharashtra,India,2022-07-23,New
4296,Sanaya Aurora,customer4296@example.com,Mumbai,Maharashtra,India,2025-12-16,Regular
4297,Noah Sankar,customer4297@example.com,Kochi,Kerala,India,2021-07-28,New
4298,Tanish Sibal,customer4298@example.com,Ahmedabad,Gujarat,India,2022-03-10,Regular
4299,Onveer Cherian,customer4299@example.com,Bhopal,Madhya Pradesh,India,2021-06-08,Regular
4300,Christopher Dutt,customer4300@example.com,Vijayawada,Andhra Pradesh,India,2021-10-04,New
4301,Girish Chacko,customer4301@example.com,Kochi,Kerala,India,2021-03-27,New
4302,Yochana Thaman,customer4302@example.com,Ahmedabad,Gujarat,India,2023-01-01,Occasional
4303,Manan Choudhury,customer4303@example.com,Visakhapatnam,Andhra Pradesh,India,2025-12-22,Regular
4304,Anthony Yogi,customer4304@example.com,Kolkata,West Bengal,India,2021-09-17,Premium
4305,Yashoda Balasubramanian,customer4305@example.com,Bengaluru,Karnataka,India,2025-04-14,Premium
4306,Abha Modi,customer4306@example.com,Bengaluru,Karnataka,India,2021-08-08,Premium
4307,Naveen Dara,customer4307@example.com,Mumbai,Maharashtra,India,2025-07-21,Regular
4308,Yochana Kaul,customer4308@example.com,Kolkata,West Bengal,India,2024-11-03,Regular
4309,Yashica Prakash,customer4309@example.com,Bhopal,Madhya Pradesh,India,2025-11-10,New
4310,Orinder Bhatia,customer4310@example.com,Hyderabad,Telangana,India,2024-09-21,Regular
4311,Chakradhar Sahota,customer4311@example.com,Vijayawada,Andhra Pradesh,India,2021-03-21,Regular
4312,Urvashi Chander,customer4312@example.com,Kolkata,West Bengal,India,2025-01-13,Regular
4313,Lajita Chada,customer4313@example.com,Coimbatore,Tamil Nadu,India,2022-07-13,Occasional
4314,Gavin Chad,customer4314@example.com,Bengaluru,Karnataka,India,2023-07-20,Premium
4315,Anamika Gandhi,customer4315@example.com,Warangal,Telangana,India,2022-05-06,Regular
4316,Ubika Ramanathan,customer4316@example.com,Mumbai,Maharashtra,India,2024-08-08,Regular
4317,Chandresh Loke,customer4317@example.com,Bengaluru,Karnataka,India,2025-12-03,Occasional
4318,Veer Dalal,customer4318@example.com,Coimbatore,Tamil Nadu,India,2021-05-15,Regular
4319,Pallavi Chowdhury,customer4319@example.com,Bhopal,Madhya Pradesh,India,2023-03-15,Occasional
4320,Chaitanya Talwar,customer4320@example.com,Chennai,Tamil Nadu,India,2024-01-07,Regular
4321,Peter Sura,customer4321@example.com,Hyderabad,Telangana,India,2025-09-11,Regular
4322,Gauri Purohit,customer4322@example.com,Jaipur,Rajasthan,India,2023-06-02,Regular
4323,Triveni Rao,customer4323@example.com,Bhopal,Madhya Pradesh,India,2024-01-05,Premium
4324,Chakradev Sama,customer4324@example.com,Kochi,Kerala,India,2022-07-19,Regular
4325,Leela Kothari,customer4325@example.com,Warangal,Telangana,India,2023-05-30,Occasional
4326,Atharv Lata,customer4326@example.com,Hyderabad,Telangana,India,2023-04-03,Regular
4327,Max Bhattacharyya,customer4327@example.com,Visakhapatnam,Andhra Pradesh,India,2024-11-08,Premium
4328,Michael Nigam,customer4328@example.com,Pune,Maharashtra,India,2024-10-11,Regular
4329,Lucky Dutta,customer4329@example.com,Warangal,Telangana,India,2021-11-14,Occasional
4330,Niharika Maharaj,customer4330@example.com,Bengaluru,Karnataka,India,2024-01-10,Premium
4331,Aadi Thakkar,customer4331@example.com,Kolkata,West Bengal,India,2025-08-13,Occasional
4332,Amaira Warrior,customer4332@example.com,Visakhapatnam,Andhra Pradesh,India,2025-11-18,Regular
4333,Benjamin Sarin,customer4333@example.com,Visakhapatnam,Andhra Pradesh,India,2024-05-28,New
4334,Megha Srinivasan,customer4334@example.com,Jaipur,Rajasthan,India,2022-03-04,Occasional
4335,Ekansh Sandal,customer4335@example.com,Pune,Maharashtra,India,2022-04-16,New
4336,Gaurav Mital,customer4336@example.com,Visakhapatnam,Andhra Pradesh,India,2021-03-10,Regular
4337,Isaiah Kothari,customer4337@example.com,Kolkata,West Bengal,India,2021-08-18,Regular
4338,Samarth Reddy,customer4338@example.com,Vijayawada,Andhra Pradesh,India,2024-01-17,New
4339,Tanay Soman,customer4339@example.com,Bhopal,Madhya Pradesh,India,2021-12-02,New
4340,Harita Grover,customer4340@example.com,Jaipur,Rajasthan,India,2024-06-20,Premium
4341,Aachal Nagi,customer4341@example.com,Coimbatore,Tamil Nadu,India,2023-02-12,Premium
4342,Nandini Natarajan,customer4342@example.com,Visakhapatnam,Andhra Pradesh,India,2025-09-25,Regular
4343,Jagvi Mallick,customer4343@example.com,Kochi,Kerala,India,2021-03-10,Premium
4344,Maanav Lala,customer4344@example.com,Warangal,Telangana,India,2023-07-28,Regular
4345,Pushti Nadkarni,customer4345@example.com,Jaipur,Rajasthan,India,2022-01-23,Regular
4346,Bimala Mahal,customer4346@example.com,Delhi,Delhi,India,2021-04-09,Regular
4347,Neelima Bhatnagar,customer4347@example.com,Chennai,Tamil Nadu,India,2021-03-29,New
4348,Dhruv Varty,customer4348@example.com,Coimbatore,Tamil Nadu,India,2024-12-31,Regular
4349,Benjamin Agate,customer4349@example.com,Hyderabad,Telangana,India,2022-01-29,Occasional
4350,Maanav Chatterjee,customer4350@example.com,Bengaluru,Karnataka,India,2024-05-29,Regular
4351,Saanvi Madan,customer4351@example.com,Delhi,Delhi,India,2023-04-24,Regular
4352,Upkaar Narain,customer4352@example.com,Kochi,Kerala,India,2024-07-09,New
4353,Krisha Lanka,customer4353@example.com,Bengaluru,Karnataka,India,2022-07-28,Premium
4354,Yuvraj Randhawa,customer4354@example.com,Kolkata,West Bengal,India,2025-08-24,Occasional
4355,Devika Toor,customer4355@example.com,Vijayawada,Andhra Pradesh,India,2025-09-04,Occasional
4356,Gautam Narang,customer4356@example.com,Mumbai,Maharashtra,India,2024-03-30,New
4357,Dipta Bawa,customer4357@example.com,Jaipur,Rajasthan,India,2023-11-24,Premium
4358,Krishna Gole,customer4358@example.com,Visakhapatnam,Andhra Pradesh,India,2021-12-10,Premium
4359,Jalsa Koshy,customer4359@example.com,Pune,Maharashtra,India,2021-07-02,Regular
4360,Indali Comar,customer4360@example.com,Kolkata,West Bengal,India,2024-03-31,Regular
4361,Farhan Sami,customer4361@example.com,Delhi,Delhi,India,2021-08-07,Regular
4362,Megha Johal,customer4362@example.com,Jaipur,Rajasthan,India,2021-07-12,Regular
4363,Yuvraj Roy,customer4363@example.com,Warangal,Telangana,India,2024-08-01,Occasional
4364,Yutika Lad,customer4364@example.com,Kochi,Kerala,India,2022-01-26,Regular
4365,Daksh Raghavan,customer4365@example.com,Bengaluru,Karnataka,India,2023-10-15,Regular
4366,Chandran Bakshi,customer4366@example.com,Delhi,Delhi,India,2025-02-17,Premium
4367,Laban Misra,customer4367@example.com,Ahmedabad,Gujarat,India,2025-11-14,Regular
4368,Praneel Batta,customer4368@example.com,Kolkata,West Bengal,India,2025-07-06,Occasional
4369,Keya Mahal,customer4369@example.com,Visakhapatnam,Andhra Pradesh,India,2023-07-01,Occasional
4370,Raagini Tank,customer4370@example.com,Bengaluru,Karnataka,India,2025-09-26,New
4371,Eta Sarin,customer4371@example.com,Ahmedabad,Gujarat,India,2024-06-29,Regular
4372,Akshay Mukhopadhyay,customer4372@example.com,Ahmedabad,Gujarat,India,2023-03-26,Premium
4373,Januja Suri,customer4373@example.com,Kolkata,West Bengal,India,2023-09-05,Regular
4374,Ayush Seshadri,customer4374@example.com,Bhopal,Madhya Pradesh,India,2024-10-08,Occasional
4375,Timothy Handa,customer4375@example.com,Mumbai,Maharashtra,India,2023-08-17,Premium
4376,Pavani De,customer4376@example.com,Bengaluru,Karnataka,India,2025-04-23,Occasional
4377,Aarna Ravel,customer4377@example.com,Mumbai,Maharashtra,India,2023-01-24,Occasional
4378,Qarin Sahota,customer4378@example.com,Ahmedabad,Gujarat,India,2024-03-30,Regular
4379,Chatura Chopra,customer4379@example.com,Jaipur,Rajasthan,India,2023-11-12,Premium
4380,Idika Karnik,customer4380@example.com,Warangal,Telangana,India,2024-05-16,New
4381,Pavani Dyal,customer4381@example.com,Ahmedabad,Gujarat,India,2021-06-16,Premium
4382,Parth Doshi,customer4382@example.com,Delhi,Delhi,India,2022-08-04,Regular
4383,Siya Sangha,customer4383@example.com,Kolkata,West Bengal,India,2023-07-03,Occasional
4384,Deepa Rattan,customer4384@example.com,Jaipur,Rajasthan,India,2025-01-26,Occasional
4385,Ekalinga Ramakrishnan,customer4385@example.com,Pune,Maharashtra,India,2022-02-22,Regular
4386,Farhan Goel,customer4386@example.com,Warangal,Telangana,India,2021-03-28,Occasional
4387,George Pradhan,customer4387@example.com,Hyderabad,Telangana,India,2023-05-23,Premium
4388,Zansi Rama,customer4388@example.com,Visakhapatnam,Andhra Pradesh,India,2025-04-13,Regular
4389,Alexander Chokshi,customer4389@example.com,Kochi,Kerala,India,2021-07-06,Regular
4390,Vasana Talwar,customer4390@example.com,Delhi,Delhi,India,2025-01-14,Premium
4391,Rohan Buch,customer4391@example.com,Delhi,Delhi,India,2025-10-03,Occasional
4392,Sachi Arya,customer4392@example.com,Mumbai,Maharashtra,India,2022-06-22,Regular
4393,Krishna Rege,customer4393@example.com,Vijayawada,Andhra Pradesh,India,2023-04-29,Regular
4394,Pavani Borra,customer4394@example.com,Visakhapatnam,Andhra Pradesh,India,2023-03-29,Regular
4395,Nitesh Bera,customer4395@example.com,Kochi,Kerala,India,2022-04-03,Regular
4396,Veer Srinivas,customer4396@example.com,Bhopal,Madhya Pradesh,India,2022-09-26,Occasional
4397,Qushi Pal,customer4397@example.com,Bengaluru,Karnataka,India,2023-11-30,Regular
4398,Triya Palla,customer4398@example.com,Warangal,Telangana,India,2024-04-13,Occasional
4399,Alka Varkey,customer4399@example.com,Jaipur,Rajasthan,India,2022-06-09,Regular
4400,Joshua Dasgupta,customer4400@example.com,Visakhapatnam,Andhra Pradesh,India,2022-06-28,Premium
4401,Yahvi Nair,customer4401@example.com,Ahmedabad,Gujarat,India,2025-09-29,Premium
4402,Amrita Batta,customer4402@example.com,Delhi,Delhi,India,2023-02-26,Premium
4403,Aachal Mody,customer4403@example.com,Bengaluru,Karnataka,India,2021-04-08,Occasional
4404,Unni Nigam,customer4404@example.com,Kolkata,West Bengal,India,2024-02-16,Occasional
4405,Faraj Choudhury,customer4405@example.com,Coimbatore,Tamil Nadu,India,2022-03-29,Occasional
4406,Mitesh Sem,customer4406@example.com,Vijayawada,Andhra Pradesh,India,2022-03-11,Regular
4407,Frado Seshadri,customer4407@example.com,Kolkata,West Bengal,India,2023-06-06,Regular
4408,Samuel Kibe,customer4408@example.com,Coimbatore,Tamil Nadu,India,2024-09-24,New
4409,Vrishti Gara,customer4409@example.com,Pune,Maharashtra,India,2023-07-01,Occasional
4410,Ladli Gara,customer4410@example.com,Vijayawada,Andhra Pradesh,India,2021-04-06,Occasional
4411,Irya Arora,customer4411@example.com,Kochi,Kerala,India,2021-08-15,Regular
4412,Ekalinga Ram,customer4412@example.com,Bengaluru,Karnataka,India,2025-08-14,Premium
4413,Aadhya Narasimhan,customer4413@example.com,Chennai,Tamil Nadu,India,2023-02-07,Premium
4414,Libni Karpe,customer4414@example.com,Hyderabad,Telangana,India,2022-08-27,Occasional
4415,Amara Karnik,customer4415@example.com,Chennai,Tamil Nadu,India,2023-10-07,Occasional
4416,Dalaja Arora,customer4416@example.com,Chennai,Tamil Nadu,India,2023-10-26,Regular
4417,Yutika Biswas,customer4417@example.com,Bengaluru,Karnataka,India,2021-04-22,Regular
4418,Urvi Tiwari,customer4418@example.com,Delhi,Delhi,India,2024-05-16,Occasional
4419,Pavani Pai,customer4419@example.com,Coimbatore,Tamil Nadu,India,2023-06-10,Occasional
4420,Aachal Kumar,customer4420@example.com,Chennai,Tamil Nadu,India,2022-06-20,Premium
4421,Adweta Sane,customer4421@example.com,Kochi,Kerala,India,2024-01-22,Regular
4422,Janaki Bhatti,customer4422@example.com,Kolkata,West Bengal,India,2021-06-16,Regular
4423,Shravya Chhabra,customer4423@example.com,Warangal,Telangana,India,2025-01-16,Regular
4424,Wridesh Dasgupta,customer4424@example.com,Bengaluru,Karnataka,India,2021-02-18,Occasional
4425,Yadavi Vala,customer4425@example.com,Kolkata,West Bengal,India,2022-04-02,New
4426,Pavani Wable,customer4426@example.com,Kolkata,West Bengal,India,2023-03-05,Premium
4427,Darsh Mohan,customer4427@example.com,Kolkata,West Bengal,India,2025-05-18,Regular
4428,Kiaan Srinivas,customer4428@example.com,Chennai,Tamil Nadu,India,2023-09-05,Regular
4429,Shivani Devan,customer4429@example.com,Coimbatore,Tamil Nadu,India,2021-11-22,Occasional
4430,Viraj Bansal,customer4430@example.com,Hyderabad,Telangana,India,2023-02-28,Regular
4431,Zayyan Gill,customer4431@example.com,Warangal,Telangana,India,2021-10-06,Regular
4432,Samar Kara,customer4432@example.com,Vijayawada,Andhra Pradesh,India,2023-04-13,Regular
4433,Warinder Khanna,customer4433@example.com,Delhi,Delhi,India,2024-10-28,Occasional
4434,Matthew Chowdhury,customer4434@example.com,Vijayawada,Andhra Pradesh,India,2025-10-31,Regular
4435,Ayushman Ramanathan,customer4435@example.com,Vijayawada,Andhra Pradesh,India,2025-09-04,Regular
4436,Orinder Varughese,customer4436@example.com,Mumbai,Maharashtra,India,2022-05-04,Premium
4437,Simon Ganesh,customer4437@example.com,Delhi,Delhi,India,2025-05-19,Regular
4438,Chaitanya Dada,customer4438@example.com,Jaipur,Rajasthan,India,2022-03-29,Occasional
4439,Victor Gill,customer4439@example.com,Bhopal,Madhya Pradesh,India,2021-02-16,Occasional
4440,Dev Vig,customer4440@example.com,Coimbatore,Tamil Nadu,India,2021-01-07,Occasional
4441,Radha Raghavan,customer4441@example.com,Chennai,Tamil Nadu,India,2024-04-14,Occasional
4442,Ayushman Trivedi,customer4442@example.com,Ahmedabad,Gujarat,India,2021-12-23,Premium
4443,Libni Dara,customer4443@example.com,Jaipur,Rajasthan,India,2025-09-30,Regular
4444,Chakrika Gulati,customer4444@example.com,Warangal,Telangana,India,2021-02-04,Regular
4445,Girik Mani,customer4445@example.com,Visakhapatnam,Andhra Pradesh,India,2024-03-03,Regular
4446,Bimala Nagar,customer4446@example.com,Kolkata,West Bengal,India,2021-07-11,Premium
4447,Yashvi Batta,customer4447@example.com,Jaipur,Rajasthan,India,2023-01-28,New
4448,Oviya Devi,customer4448@example.com,Pune,Maharashtra,India,2025-02-08,Regular
4449,Dayamai Rege,customer4449@example.com,Delhi,Delhi,India,2022-08-29,Premium
4450,Bakhshi Aggarwal,customer4450@example.com,Mumbai,Maharashtra,India,2023-09-10,Occasional
4451,Tanvi Raval,customer4451@example.com,Kolkata,West Bengal,India,2022-09-09,Regular
4452,Kala Mallick,customer4452@example.com,Chennai,Tamil Nadu,India,2022-07-21,Regular
4453,Raksha Borde,customer4453@example.com,Jaipur,Rajasthan,India,2023-10-21,New
4454,Chakradhar Sarin,customer4454@example.com,Pune,Maharashtra,India,2023-10-27,New
4455,Pahal Luthra,customer4455@example.com,Coimbatore,Tamil Nadu,India,2024-09-06,Occasional
4456,Agastya Ramaswamy,customer4456@example.com,Visakhapatnam,Andhra Pradesh,India,2021-10-13,Regular
4457,Gabriel Chana,customer4457@example.com,Bhopal,Madhya Pradesh,India,2024-02-27,Regular
4458,Aarav Sekhon,customer4458@example.com,Vijayawada,Andhra Pradesh,India,2022-11-30,Regular
4459,Harish Rastogi,customer4459@example.com,Delhi,Delhi,India,2025-08-10,Occasional
4460,Benjamin Virk,customer4460@example.com,Visakhapatnam,Andhra Pradesh,India,2023-04-16,Occasional
4461,Robert Sani,customer4461@example.com,Pune,Maharashtra,India,2021-02-16,Occasional
4462,Chaitaly Dhaliwal,customer4462@example.com,Kochi,Kerala,India,2024-07-27,New
4463,Nathaniel Rama,customer4463@example.com,Bengaluru,Karnataka,India,2024-03-20,Regular
4464,Vivaan Zacharia,customer4464@example.com,Mumbai,Maharashtra,India,2024-11-27,Occasional
4465,Urmi Wadhwa,customer4465@example.com,Warangal,Telangana,India,2024-09-08,Occasional
4466,Januja Balasubramanian,customer4466@example.com,Bengaluru,Karnataka,India,2025-02-16,Regular
4467,Pranit Patil,customer4467@example.com,Bengaluru,Karnataka,India,2024-02-27,Regular
4468,Suhani Purohit,customer4468@example.com,Warangal,Telangana,India,2024-11-10,Occasional
4469,Jonathan Bains,customer4469@example.com,Kolkata,West Bengal,India,2021-03-14,Regular
4470,Raagini Parmer,customer4470@example.com,Chennai,Tamil Nadu,India,2021-09-28,Regular
4471,Lajita Aurora,customer4471@example.com,Hyderabad,Telangana,India,2024-11-13,Regular
4472,Abdul Pillay,customer4472@example.com,Mumbai,Maharashtra,India,2023-07-30,Regular
4473,Triya Patel,customer4473@example.com,Bengaluru,Karnataka,India,2022-03-09,Regular
4474,Jacob Sharma,customer4474@example.com,Coimbatore,Tamil Nadu,India,2023-11-09,Occasional
4475,Bina Chana,customer4475@example.com,Hyderabad,Telangana,India,2025-02-20,Occasional
4476,Chaman Rajan,customer4476@example.com,Pune,Maharashtra,India,2022-03-05,Regular
4477,Gopal Dhillon,customer4477@example.com,Jaipur,Rajasthan,India,2022-07-29,Regular
4478,Neha Devi,customer4478@example.com,Ahmedabad,Gujarat,India,2023-05-21,Regular
4479,Peter Gaba,customer4479@example.com,Mumbai,Maharashtra,India,2024-09-15,New
4480,Gaurika Vala,customer4480@example.com,Kochi,Kerala,India,2022-03-14,Regular
4481,Chatresh Lalla,customer4481@example.com,Hyderabad,Telangana,India,2021-08-20,Occasional
4482,Kevin Cheema,customer4482@example.com,Ahmedabad,Gujarat,India,2024-02-13,Regular
4483,Chaaya Pradhan,customer4483@example.com,Bengaluru,Karnataka,India,2025-09-16,Occasional
4484,Eiravati Saran,customer4484@example.com,Coimbatore,Tamil Nadu,India,2025-02-19,Regular
4485,Aarnav Dhaliwal,customer4485@example.com,Visakhapatnam,Andhra Pradesh,India,2025-04-21,Premium
4486,Watika Acharya,customer4486@example.com,Hyderabad,Telangana,India,2022-01-28,New
4487,Chandran Bhatnagar,customer4487@example.com,Kolkata,West Bengal,India,2025-11-20,Occasional
4488,Hema Rout,customer4488@example.com,Coimbatore,Tamil Nadu,India,2024-05-25,Occasional
4489,Tripti Garg,customer4489@example.com,Warangal,Telangana,India,2023-05-05,Occasional
4490,Arya Singhal,customer4490@example.com,Jaipur,Rajasthan,India,2022-10-19,Occasional
4491,Falak Mammen,customer4491@example.com,Warangal,Telangana,India,2022-07-06,Occasional
4492,Gaurav Sunder,customer4492@example.com,Hyderabad,Telangana,India,2021-01-16,Regular
4493,Naveen Lala,customer4493@example.com,Bengaluru,Karnataka,India,2025-06-05,Regular
4494,Gautam Deshpande,customer4494@example.com,Coimbatore,Tamil Nadu,India,2024-11-07,Regular
4495,Lopa Prakash,customer4495@example.com,Pune,Maharashtra,India,2024-07-27,Regular
4496,Dominic Bhargava,customer4496@example.com,Mumbai,Maharashtra,India,2021-01-20,Occasional
4497,Gavin D’Alia,customer4497@example.com,Kochi,Kerala,India,2023-12-28,Regular
4498,Aarav Gokhale,customer4498@example.com,Vijayawada,Andhra Pradesh,India,2025-11-20,Occasional
4499,Gabriel Murty,customer4499@example.com,Bengaluru,Karnataka,India,2024-12-12,Regular
4500,Faris Bassi,customer4500@example.com,Pune,Maharashtra,India,2022-08-01,Occasional
4501,Ridhi Bera,customer4501@example.com,Warangal,Telangana,India,2024-02-01,Occasional
4502,Ryan Bassi,customer4502@example.com,Kolkata,West Bengal,India,2025-11-05,New
4503,Ekavir Sani,customer4503@example.com,Kochi,Kerala,India,2021-04-12,Occasional
4504,Aayush Sule,customer4504@example.com,Chennai,Tamil Nadu,India,2023-09-03,Occasional
4505,Yamini Muni,customer4505@example.com,Kolkata,West Bengal,India,2023-03-08,Regular
4506,Chaaya Karan,customer4506@example.com,Ahmedabad,Gujarat,India,2025-10-12,Regular
4507,Odika Kala,customer4507@example.com,Mumbai,Maharashtra,India,2022-03-14,Regular
4508,Karan Kurian,customer4508@example.com,Kochi,Kerala,India,2024-07-04,Regular
4509,Jack Sachdev,customer4509@example.com,Visakhapatnam,Andhra Pradesh,India,2023-05-17,Occasional
4510,Urvi Jain,customer4510@example.com,Bengaluru,Karnataka,India,2021-10-01,Occasional
4511,Tanay Bobal,customer4511@example.com,Ahmedabad,Gujarat,India,2023-08-24,Regular
4512,Gaurangi Bath,customer4512@example.com,Chennai,Tamil Nadu,India,2021-04-21,Premium
4513,Neha Kapadia,customer4513@example.com,Delhi,Delhi,India,2022-04-23,Regular
4514,Upadhriti Minhas,customer4514@example.com,Delhi,Delhi,India,2022-07-24,Occasional
4515,Raksha Kunda,customer4515@example.com,Coimbatore,Tamil Nadu,India,2022-10-25,Regular
4516,Geetika Doshi,customer4516@example.com,Visakhapatnam,Andhra Pradesh,India,2025-06-17,Regular
4517,Nidra Mahajan,customer4517@example.com,Hyderabad,Telangana,India,2024-07-30,Regular
4518,Balvan Sanghvi,customer4518@example.com,Kochi,Kerala,India,2025-08-23,Premium
4519,Theodore Krishnamurthy,customer4519@example.com,Kochi,Kerala,India,2024-10-23,Regular
4520,Chavvi Goel,customer4520@example.com,Warangal,Telangana,India,2023-07-20,Premium
4521,Lavanya Misra,customer4521@example.com,Pune,Maharashtra,India,2023-09-15,Regular
4522,Champak Narayanan,customer4522@example.com,Kochi,Kerala,India,2024-06-15,Regular
4523,Sanaya Sawhney,customer4523@example.com,Hyderabad,Telangana,India,2023-11-04,Regular
4524,Maya Parsa,customer4524@example.com,Hyderabad,Telangana,India,2023-05-10,Occasional
4525,Indira Buch,customer4525@example.com,Visakhapatnam,Andhra Pradesh,India,2024-10-26,Regular
4526,Nathaniel Jha,customer4526@example.com,Jaipur,Rajasthan,India,2024-02-06,Premium
4527,Aditya Bandi,customer4527@example.com,Visakhapatnam,Andhra Pradesh,India,2025-10-21,New
4528,Ekta Chhabra,customer4528@example.com,Kochi,Kerala,India,2025-08-08,Occasional
4529,Dayamai Bala,customer4529@example.com,Ahmedabad,Gujarat,India,2021-05-13,New
4530,Harish Chacko,customer4530@example.com,Delhi,Delhi,India,2021-11-13,Regular
4531,Yashica Rama,customer4531@example.com,Visakhapatnam,Andhra Pradesh,India,2021-11-08,Occasional
4532,Lucky Narasimhan,customer4532@example.com,Coimbatore,Tamil Nadu,India,2021-10-22,Regular
4533,Lopa Bhagat,customer4533@example.com,Vijayawada,Andhra Pradesh,India,2023-07-06,Regular
4534,Arjun Ravi,customer4534@example.com,Pune,Maharashtra,India,2022-07-05,Premium
4535,Divya Loyal,customer4535@example.com,Mumbai,Maharashtra,India,2024-02-27,New
4536,Aadi Butala,customer4536@example.com,Jaipur,Rajasthan,India,2021-09-16,New
4537,Raksha Murthy,customer4537@example.com,Vijayawada,Andhra Pradesh,India,2022-02-25,Regular
4538,Daniel Anne,customer4538@example.com,Visakhapatnam,Andhra Pradesh,India,2025-10-25,Regular
4539,Chandresh Brar,customer4539@example.com,Ahmedabad,Gujarat,India,2022-05-06,Regular
4540,Geetika Kala,customer4540@example.com,Jaipur,Rajasthan,India,2023-09-20,Occasional
4541,Aashi Sarraf,customer4541@example.com,Vijayawada,Andhra Pradesh,India,2022-07-23,Regular
4542,Raksha Mandal,customer4542@example.com,Kochi,Kerala,India,2023-11-22,Occasional
4543,Harish Savant,customer4543@example.com,Delhi,Delhi,India,2021-05-17,Occasional
4544,Ubika Bawa,customer4544@example.com,Bhopal,Madhya Pradesh,India,2022-08-18,Regular
4545,Ayaan Kashyap,customer4545@example.com,Hyderabad,Telangana,India,2024-01-05,Regular
4546,Aditya Ramaswamy,customer4546@example.com,Delhi,Delhi,India,2021-07-24,Occasional
4547,Daksha Arora,customer4547@example.com,Vijayawada,Andhra Pradesh,India,2023-06-14,Occasional
4548,Aarush Mall,customer4548@example.com,Ahmedabad,Gujarat,India,2022-09-24,New
4549,Azad Kala,customer4549@example.com,Mumbai,Maharashtra,India,2023-12-18,Regular
4550,Yashawini Mane,customer4550@example.com,Ahmedabad,Gujarat,India,2024-08-24,Regular
4551,Charita Chandra,customer4551@example.com,Ahmedabad,Gujarat,India,2021-07-20,Regular
4552,Owen Parmer,customer4552@example.com,Visakhapatnam,Andhra Pradesh,India,2022-11-19,Regular
4553,Kashvi Oak,customer4553@example.com,Hyderabad,Telangana,India,2023-12-12,Occasional
4554,Janaki Rama,customer4554@example.com,Ahmedabad,Gujarat,India,2022-04-01,Regular
4555,Daniel Reddy,customer4555@example.com,Chennai,Tamil Nadu,India,2021-08-08,Occasional
4556,Anirudh Rao,customer4556@example.com,Mumbai,Maharashtra,India,2025-02-21,Occasional
4557,Daniel Borah,customer4557@example.com,Ahmedabad,Gujarat,India,2025-11-10,Premium
4558,Reva Sood,customer4558@example.com,Hyderabad,Telangana,India,2025-08-26,Occasional
4559,Wyatt Srinivas,customer4559@example.com,Mumbai,Maharashtra,India,2023-03-28,Regular
4560,Jeremiah Kamdar,customer4560@example.com,Pune,Maharashtra,India,2025-04-06,Premium
4561,Damyanti Prasad,customer4561@example.com,Kochi,Kerala,India,2022-08-26,Occasional
4562,Aarnav Ramaswamy,customer4562@example.com,Warangal,Telangana,India,2022-12-01,Regular
4563,Krishna Dugar,customer4563@example.com,Jaipur,Rajasthan,India,2025-03-05,Occasional
4564,Abhiram Kamdar,customer4564@example.com,Kolkata,West Bengal,India,2023-11-05,Regular
4565,Advay Bora,customer4565@example.com,Chennai,Tamil Nadu,India,2022-05-15,Occasional
4566,Ladli Munshi,customer4566@example.com,Jaipur,Rajasthan,India,2025-03-13,Regular
4567,Mahika Gour,customer4567@example.com,Bhopal,Madhya Pradesh,India,2023-03-04,New
4568,Tripti Yogi,customer4568@example.com,Visakhapatnam,Andhra Pradesh,India,2023-06-08,Regular
4569,Darsh Grover,customer4569@example.com,Jaipur,Rajasthan,India,2023-03-03,Regular
4570,Theodore Kant,customer4570@example.com,Mumbai,Maharashtra,India,2025-11-15,Regular
4571,Girish Boase,customer4571@example.com,Kochi,Kerala,India,2023-08-15,Occasional
4572,Balveer Sama,customer4572@example.com,Jaipur,Rajasthan,India,2021-02-17,Occasional
4573,Yash Ahluwalia,customer4573@example.com,Vijayawada,Andhra Pradesh,India,2021-05-25,Regular
4574,Yashvi Kulkarni,customer4574@example.com,Vijayawada,Andhra Pradesh,India,2025-08-08,Regular
4575,Max Dada,customer4575@example.com,Pune,Maharashtra,India,2023-01-25,Regular
4576,Maya Sawhney,customer4576@example.com,Chennai,Tamil Nadu,India,2021-10-02,Occasional
4577,Abeer Manda,customer4577@example.com,Pune,Maharashtra,India,2022-11-15,Regular
4578,Gaurika Seshadri,customer4578@example.com,Bengaluru,Karnataka,India,2023-11-06,Occasional
4579,Gagan Garg,customer4579@example.com,Coimbatore,Tamil Nadu,India,2023-10-02,Regular
4580,Oliver Rana,customer4580@example.com,Warangal,Telangana,India,2024-08-08,Premium
4581,Wridesh Saini,customer4581@example.com,Bhopal,Madhya Pradesh,India,2021-05-25,Premium
4582,Lohit Shankar,customer4582@example.com,Chennai,Tamil Nadu,India,2022-07-11,Regular
4583,Rachit Brahmbhatt,customer4583@example.com,Pune,Maharashtra,India,2024-02-24,Occasional
4584,Ubika Bakshi,customer4584@example.com,Delhi,Delhi,India,2023-03-06,Regular
4585,Sai Contractor,customer4585@example.com,Ahmedabad,Gujarat,India,2022-01-27,Occasional
4586,Neel Kara,customer4586@example.com,Coimbatore,Tamil Nadu,India,2021-10-10,Regular
4587,Pratyush Gulati,customer4587@example.com,Kolkata,West Bengal,India,2025-09-08,Regular
4588,Hardik Garg,customer4588@example.com,Kolkata,West Bengal,India,2024-09-02,Occasional
4589,Jeet Vig,customer4589@example.com,Kolkata,West Bengal,India,2021-07-29,Occasional
4590,Aayush Pau,customer4590@example.com,Delhi,Delhi,India,2025-11-15,Occasional
4591,Radha Cherian,customer4591@example.com,Bengaluru,Karnataka,India,2025-10-24,Regular
4592,Siddharth Wason,customer4592@example.com,Kolkata,West Bengal,India,2021-12-15,Occasional
4593,Finn Munshi,customer4593@example.com,Bengaluru,Karnataka,India,2024-02-28,New
4594,Upma Ganesh,customer4594@example.com,Ahmedabad,Gujarat,India,2025-11-03,Occasional
4595,Zansi Basu,customer4595@example.com,Warangal,Telangana,India,2021-10-20,Occasional
4596,Warjas Srinivas,customer4596@example.com,Kolkata,West Bengal,India,2021-06-06,Regular
4597,Ekalinga Prashad,customer4597@example.com,Vijayawada,Andhra Pradesh,India,2025-07-21,Regular
4598,Orinder Upadhyay,customer4598@example.com,Ahmedabad,Gujarat,India,2022-04-26,Regular
4599,Deepa Bera,customer4599@example.com,Warangal,Telangana,India,2023-05-08,Regular
4600,Om Sood,customer4600@example.com,Delhi,Delhi,India,2021-10-26,Premium
4601,Chatura Goel,customer4601@example.com,Pune,Maharashtra,India,2022-05-20,Regular
4602,Chaitaly Yadav,customer4602@example.com,Hyderabad,Telangana,India,2025-09-09,Regular
4603,Krishna Dugal,customer4603@example.com,Warangal,Telangana,India,2022-02-01,Regular
4604,Gaurang Mall,customer4604@example.com,Pune,Maharashtra,India,2021-07-03,Regular
4605,Arya Kakar,customer4605@example.com,Kolkata,West Bengal,India,2023-05-17,Premium
4606,Dominic Sama,customer4606@example.com,Bengaluru,Karnataka,India,2022-02-14,Premium
4607,Advaith Date,customer4607@example.com,Jaipur,Rajasthan,India,2024-01-24,Regular
4608,Balendra Johal,customer4608@example.com,Bhopal,Madhya Pradesh,India,2021-02-10,Occasional
4609,Manthan Kanda,customer4609@example.com,Bhopal,Madhya Pradesh,India,2021-06-07,Regular
4610,Reva Tank,customer4610@example.com,Bengaluru,Karnataka,India,2022-02-12,Occasional
4611,Harshil Kohli,customer4611@example.com,Kolkata,West Bengal,India,2024-01-21,Premium
4612,Benjamin De,customer4612@example.com,Ahmedabad,Gujarat,India,2024-03-04,Regular
4613,Omisha Nayak,customer4613@example.com,Coimbatore,Tamil Nadu,India,2025-04-13,Premium
4614,Zehaan Randhawa,customer4614@example.com,Kolkata,West Bengal,India,2021-05-27,Regular
4615,Dakshesh Padmanabhan,customer4615@example.com,Jaipur,Rajasthan,India,2022-09-05,Regular
4616,Tanmayi Sharaf,customer4616@example.com,Pune,Maharashtra,India,2022-12-19,Occasional
4617,Gopal Yogi,customer4617@example.com,Kolkata,West Bengal,India,2024-01-11,Occasional
4618,Ekavir Bajaj,customer4618@example.com,Coimbatore,Tamil Nadu,India,2022-11-28,Regular
4619,Ojasvi Borah,customer4619@example.com,Kochi,Kerala,India,2022-05-19,Premium
4620,Kritika Baria,customer4620@example.com,Visakhapatnam,Andhra Pradesh,India,2024-12-30,Regular
4621,Jagdish Balakrishnan,customer4621@example.com,Kolkata,West Bengal,India,2022-05-10,Occasional
4622,Anya Bhavsar,customer4622@example.com,Bengaluru,Karnataka,India,2023-03-31,Occasional
4623,Nicholas Dora,customer4623@example.com,Pune,Maharashtra,India,2024-04-17,Premium
4624,Samaksh Dani,customer4624@example.com,Jaipur,Rajasthan,India,2025-10-30,Occasional
4625,Akshay Thaker,customer4625@example.com,Delhi,Delhi,India,2024-07-28,Regular
4626,Nidra Pillay,customer4626@example.com,Bhopal,Madhya Pradesh,India,2021-06-23,Regular
4627,Triveni Baria,customer4627@example.com,Ahmedabad,Gujarat,India,2024-07-21,Premium
4628,Meera Dua,customer4628@example.com,Visakhapatnam,Andhra Pradesh,India,2024-04-05,Occasional
4629,Janaki Pathak,customer4629@example.com,Vijayawada,Andhra Pradesh,India,2021-09-19,Regular
4630,Bhavini Kumar,customer4630@example.com,Warangal,Telangana,India,2021-07-07,Occasional
4631,Ridhi Sankar,customer4631@example.com,Vijayawada,Andhra Pradesh,India,2023-07-23,Premium
4632,Damini Gulati,customer4632@example.com,Visakhapatnam,Andhra Pradesh,India,2024-05-01,Occasional
4633,Hemangini Anand,customer4633@example.com,Vijayawada,Andhra Pradesh,India,2022-11-30,Regular
4634,Oliver Setty,customer4634@example.com,Visakhapatnam,Andhra Pradesh,India,2023-07-29,Premium
4635,Om Rajan,customer4635@example.com,Ahmedabad,Gujarat,India,2022-08-13,Premium
4636,Jacob Chakrabarti,customer4636@example.com,Jaipur,Rajasthan,India,2022-02-23,Regular
4637,Aadhya Kalita,customer4637@example.com,Kochi,Kerala,India,2023-07-08,Premium
4638,Hemal Nagi,customer4638@example.com,Jaipur,Rajasthan,India,2024-06-30,Regular
4639,Harrison Varma,customer4639@example.com,Kochi,Kerala,India,2023-04-09,Regular
4640,Waida Chaudhari,customer4640@example.com,Bhopal,Madhya Pradesh,India,2025-05-14,Premium
4641,Wriddhish Mukhopadhyay,customer4641@example.com,Visakhapatnam,Andhra Pradesh,India,2024-06-20,New
4642,Adya Kannan,customer4642@example.com,Bengaluru,Karnataka,India,2021-09-20,New
4643,Wriddhish Desai,customer4643@example.com,Mumbai,Maharashtra,India,2022-09-17,Occasional
4644,Rachit Pau,customer4644@example.com,Chennai,Tamil Nadu,India,2023-05-26,Occasional
4645,Warinder Kar,customer4645@example.com,Coimbatore,Tamil Nadu,India,2021-06-28,Occasional
4646,Samaksh Banerjee,customer4646@example.com,Kolkata,West Bengal,India,2023-02-02,Premium
4647,Farhan Pau,customer4647@example.com,Ahmedabad,Gujarat,India,2023-01-19,Regular
4648,Nidra Bala,customer4648@example.com,Delhi,Delhi,India,2025-07-02,Regular
4649,Kala Sibal,customer4649@example.com,Kolkata,West Bengal,India,2024-03-07,Occasional
4650,Xalak Narayanan,customer4650@example.com,Hyderabad,Telangana,India,2024-04-27,Regular
4651,Amrita Nayak,customer4651@example.com,Bengaluru,Karnataka,India,2024-11-10,Regular
4652,Wriddhish Sarkar,customer4652@example.com,Coimbatore,Tamil Nadu,India,2022-09-12,Regular
4653,Anika Ramaswamy,customer4653@example.com,Delhi,Delhi,India,2024-02-26,Regular
4654,Devansh Sankar,customer4654@example.com,Warangal,Telangana,India,2024-04-16,New
4655,Jonathan Brar,customer4655@example.com,Ahmedabad,Gujarat,India,2022-10-11,Regular
4656,Bhavika Pingle,customer4656@example.com,Bengaluru,Karnataka,India,2022-07-05,Regular
4657,Gaurangi Mohan,customer4657@example.com,Kochi,Kerala,India,2021-03-10,Premium
4658,Harita Goyal,customer4658@example.com,Mumbai,Maharashtra,India,2025-04-28,New
4659,Ekantika Prabhu,customer4659@example.com,Visakhapatnam,Andhra Pradesh,India,2024-05-24,Regular
4660,Mekhala Mittal,customer4660@example.com,Jaipur,Rajasthan,India,2025-11-24,New
4661,Isaiah Khatri,customer4661@example.com,Bengaluru,Karnataka,India,2024-10-19,Premium
4662,Anya Deshpande,customer4662@example.com,Hyderabad,Telangana,India,2021-02-12,Regular
4663,Jagat Lata,customer4663@example.com,Warangal,Telangana,India,2023-01-15,Regular
4664,Jason Mangal,customer4664@example.com,Delhi,Delhi,India,2022-07-19,Occasional
4665,Rohan Kota,customer4665@example.com,Mumbai,Maharashtra,India,2021-06-13,Regular
4666,Jackson Mitra,customer4666@example.com,Coimbatore,Tamil Nadu,India,2022-05-05,Occasional
4667,Tanay Bhalla,customer4667@example.com,Hyderabad,Telangana,India,2023-09-12,Regular
4668,Thomas Shankar,customer4668@example.com,Kochi,Kerala,India,2024-11-07,Regular
4669,Andrew Balan,customer4669@example.com,Chennai,Tamil Nadu,India,2022-12-04,Regular
4670,Warhi Wali,customer4670@example.com,Kochi,Kerala,India,2025-07-18,Regular
4671,Lucky Dara,customer4671@example.com,Warangal,Telangana,India,2024-01-12,Regular
4672,Sanya Chanda,customer4672@example.com,Pune,Maharashtra,India,2021-09-04,Regular
4673,Eesha Dugar,customer4673@example.com,Delhi,Delhi,India,2025-09-27,Premium
4674,Ati Goda,customer4674@example.com,Hyderabad,Telangana,India,2022-10-12,Regular
4675,Aashi Loke,customer4675@example.com,Chennai,Tamil Nadu,India,2024-09-07,New
4676,Isaiah Tank,customer4676@example.com,Hyderabad,Telangana,India,2025-03-28,Regular
4677,Aryan Wadhwa,customer4677@example.com,Jaipur,Rajasthan,India,2022-08-26,Occasional
4678,Manbir Kapadia,customer4678@example.com,Chennai,Tamil Nadu,India,2024-06-30,Occasional
4679,Sneha Deo,customer4679@example.com,Visakhapatnam,Andhra Pradesh,India,2024-10-13,Occasional
4680,Mugdha Naik,customer4680@example.com,Mumbai,Maharashtra,India,2025-11-29,Regular
4681,Robert Sidhu,customer4681@example.com,Kolkata,West Bengal,India,2024-06-17,Premium
4682,Arya Bhatia,customer4682@example.com,Visakhapatnam,Andhra Pradesh,India,2021-01-11,Regular
4683,Michael Sarna,customer4683@example.com,Kochi,Kerala,India,2021-05-25,New
4684,Aryan Pillai,customer4684@example.com,Pune,Maharashtra,India,2025-07-27,Regular
4685,Balhaar Bakshi,customer4685@example.com,Bengaluru,Karnataka,India,2023-10-09,Occasional
4686,Pranav Dave,customer4686@example.com,Ahmedabad,Gujarat,India,2022-04-18,New
4687,Quincy Nagarajan,customer4687@example.com,Bhopal,Madhya Pradesh,India,2021-07-24,Regular
4688,Jagdish Sandal,customer4688@example.com,Hyderabad,Telangana,India,2024-12-09,Premium
4689,Utkarsh Dasgupta,customer4689@example.com,Kolkata,West Bengal,India,2021-03-24,New
4690,Gabriel Talwar,customer4690@example.com,Jaipur,Rajasthan,India,2022-11-08,Regular
4691,Rushil Dara,customer4691@example.com,Bengaluru,Karnataka,India,2022-05-27,Premium
4692,Hiral Panchal,customer4692@example.com,Bhopal,Madhya Pradesh,India,2022-09-08,New
4693,Patrick Bala,customer4693@example.com,Mumbai,Maharashtra,India,2022-04-25,Regular
4694,Yatin Padmanabhan,customer4694@example.com,Coimbatore,Tamil Nadu,India,2022-08-03,Occasional
4695,Indira Kala,customer4695@example.com,Pune,Maharashtra,India,2022-02-02,Occasional
4696,Omkaar Dora,customer4696@example.com,Chennai,Tamil Nadu,India,2022-12-30,Regular
4697,Ranveer Vig,customer4697@example.com,Ahmedabad,Gujarat,India,2024-10-07,Regular
4698,Bhavna Patla,customer4698@example.com,Bengaluru,Karnataka,India,2022-06-26,Occasional
4699,Irya Kar,customer4699@example.com,Jaipur,Rajasthan,India,2025-01-11,Premium
4700,Pallavi Sane,customer4700@example.com,Warangal,Telangana,India,2022-02-06,Regular
4701,Bakhshi Singh,customer4701@example.com,Warangal,Telangana,India,2021-09-28,Occasional
4702,Chandran Sharaf,customer4702@example.com,Vijayawada,Andhra Pradesh,India,2024-05-18,Regular
4703,Lopa Tank,customer4703@example.com,Mumbai,Maharashtra,India,2021-05-22,Occasional
4704,Ryan Raj,customer4704@example.com,Chennai,Tamil Nadu,India,2022-01-11,Regular
4705,Akshay Swamy,customer4705@example.com,Kochi,Kerala,India,2021-04-30,Regular
4706,Meghana Chaudhry,customer4706@example.com,Visakhapatnam,Andhra Pradesh,India,2022-01-23,New
4707,Qadim Chakraborty,customer4707@example.com,Visakhapatnam,Andhra Pradesh,India,2024-01-06,Regular
4708,Adweta Walla,customer4708@example.com,Kochi,Kerala,India,2025-03-12,Occasional
4709,Vanya Iyer,customer4709@example.com,Mumbai,Maharashtra,India,2023-03-14,Regular
4710,Adweta Deep,customer4710@example.com,Pune,Maharashtra,India,2023-10-05,Regular
4711,Tarak Dua,customer4711@example.com,Kolkata,West Bengal,India,2022-03-27,New
4712,Yashoda Badal,customer4712@example.com,Pune,Maharashtra,India,2022-03-17,Premium
4713,Zehaan Dube,customer4713@example.com,Vijayawada,Andhra Pradesh,India,2021-11-26,Premium
4714,Qarin Gokhale,customer4714@example.com,Bhopal,Madhya Pradesh,India,2023-12-12,Premium
4715,Dakshesh Purohit,customer4715@example.com,Kolkata,West Bengal,India,2024-01-05,Premium
4716,Siddharth Prabhu,customer4716@example.com,Hyderabad,Telangana,India,2022-07-23,Occasional
4717,Xavier Srinivas,customer4717@example.com,Delhi,Delhi,India,2021-06-03,Regular
4718,Ishwar Wali,customer4718@example.com,Vijayawada,Andhra Pradesh,India,2023-01-31,Occasional
4719,Mekhala Swamy,customer4719@example.com,Kochi,Kerala,India,2021-06-22,Regular
4720,Warinder Ahuja,customer4720@example.com,Warangal,Telangana,India,2023-05-07,Occasional
4721,Veer Mody,customer4721@example.com,Visakhapatnam,Andhra Pradesh,India,2025-02-17,Occasional
4722,Manthan Arya,customer4722@example.com,Ahmedabad,Gujarat,India,2022-01-15,Premium
4723,Lekha Ghosh,customer4723@example.com,Coimbatore,Tamil Nadu,India,2021-08-11,Occasional
4724,Yashoda Mangat,customer4724@example.com,Kolkata,West Bengal,India,2024-05-31,Occasional
4725,Urvashi Pau,customer4725@example.com,Pune,Maharashtra,India,2024-05-25,New
4726,Dipta Malhotra,customer4726@example.com,Delhi,Delhi,India,2024-04-14,Occasional
4727,Janaki Nagar,customer4727@example.com,Pune,Maharashtra,India,2025-01-19,Regular
4728,Owen Bhavsar,customer4728@example.com,Coimbatore,Tamil Nadu,India,2023-02-21,Occasional
4729,Priya Loyal,customer4729@example.com,Vijayawada,Andhra Pradesh,India,2024-02-19,New
4730,Hema Narayan,customer4730@example.com,Warangal,Telangana,India,2021-08-12,Regular
4731,Anay Chand,customer4731@example.com,Bhopal,Madhya Pradesh,India,2024-08-23,Regular
4732,Siddharth Nagi,customer4732@example.com,Hyderabad,Telangana,India,2025-11-26,Regular
4733,Ishita Goyal,customer4733@example.com,Hyderabad,Telangana,India,2024-11-01,Occasional
4734,Aadi Devan,customer4734@example.com,Visakhapatnam,Andhra Pradesh,India,2021-07-07,New
4735,Om Saran,customer4735@example.com,Pune,Maharashtra,India,2021-02-26,Regular
4736,Ekavir Taneja,customer4736@example.com,Coimbatore,Tamil Nadu,India,2022-05-07,Regular
4737,Gaurav Doctor,customer4737@example.com,Mumbai,Maharashtra,India,2021-10-26,Occasional
4738,Saksham Kohli,customer4738@example.com,Chennai,Tamil Nadu,India,2023-08-14,Regular
4739,Turvi Wali,customer4739@example.com,Kolkata,West Bengal,India,2024-08-28,New
4740,Nidra Bansal,customer4740@example.com,Hyderabad,Telangana,India,2025-10-27,Regular
4741,Tanveer Borah,customer4741@example.com,Bhopal,Madhya Pradesh,India,2025-10-26,Occasional
4742,Vritti Sule,customer4742@example.com,Jaipur,Rajasthan,India,2022-05-28,Regular
4743,Qasim Deo,customer4743@example.com,Chennai,Tamil Nadu,India,2022-12-20,New
4744,Ayaan Sharma,customer4744@example.com,Visakhapatnam,Andhra Pradesh,India,2024-09-22,Regular
4745,Osha Pandey,customer4745@example.com,Coimbatore,Tamil Nadu,India,2023-11-20,Regular
4746,Dayamai Jain,customer4746@example.com,Ahmedabad,Gujarat,India,2023-01-08,Regular
4747,Lavanya Narasimhan,customer4747@example.com,Ahmedabad,Gujarat,India,2021-12-25,Regular
4748,Azaan Vala,customer4748@example.com,Vijayawada,Andhra Pradesh,India,2023-08-18,Regular
4749,Qabil Kaul,customer4749@example.com,Visakhapatnam,Andhra Pradesh,India,2025-12-02,Regular
4750,Chakradev Dutt,customer4750@example.com,Bengaluru,Karnataka,India,2022-01-23,Premium
4751,Indira Bajwa,customer4751@example.com,Bengaluru,Karnataka,India,2022-01-12,Occasional
4752,Kritika Magar,customer4752@example.com,Bengaluru,Karnataka,India,2023-12-21,Regular
4753,Bhanumati Srinivasan,customer4753@example.com,Jaipur,Rajasthan,India,2023-05-29,Occasional
4754,Aarav Dey,customer4754@example.com,Bhopal,Madhya Pradesh,India,2021-01-22,Regular
4755,Meghana Mohan,customer4755@example.com,Kochi,Kerala,India,2024-07-31,Regular
4756,Watika Rattan,customer4756@example.com,Coimbatore,Tamil Nadu,India,2023-08-19,Occasional
4757,Shivani More,customer4757@example.com,Vijayawada,Andhra Pradesh,India,2023-07-15,Occasional
4758,Saksham Rajan,customer4758@example.com,Jaipur,Rajasthan,India,2021-10-04,Regular
4759,Bahadurjit Kurian,customer4759@example.com,Ahmedabad,Gujarat,India,2023-12-16,Occasional
4760,Arin Ray,customer4760@example.com,Hyderabad,Telangana,India,2023-10-25,New
4761,Divya Kannan,customer4761@example.com,Visakhapatnam,Andhra Pradesh,India,2023-01-29,Occasional
4762,Baljiwan Raju,customer4762@example.com,Visakhapatnam,Andhra Pradesh,India,2025-01-01,Premium
4763,Quincy Shetty,customer4763@example.com,Pune,Maharashtra,India,2023-04-27,Regular
4764,Imaran Parmar,customer4764@example.com,Delhi,Delhi,India,2024-10-03,Regular
4765,Udant Nagi,customer4765@example.com,Visakhapatnam,Andhra Pradesh,India,2022-03-03,Regular
4766,Kamala Shukla,customer4766@example.com,Kolkata,West Bengal,India,2022-10-02,Regular
4767,Jhalak Palla,customer4767@example.com,Kochi,Kerala,India,2021-01-25,Premium
4768,Naveen Shere,customer4768@example.com,Vijayawada,Andhra Pradesh,India,2021-12-09,Regular
4769,Pooja Mistry,customer4769@example.com,Mumbai,Maharashtra,India,2024-07-08,New
4770,Dipta Mann,customer4770@example.com,Ahmedabad,Gujarat,India,2022-12-31,Regular
4771,Maya Palla,customer4771@example.com,Hyderabad,Telangana,India,2025-06-18,Regular
4772,Radhika Kota,customer4772@example.com,Pune,Maharashtra,India,2023-05-26,Premium
4773,Adweta Master,customer4773@example.com,Jaipur,Rajasthan,India,2023-07-17,Occasional
4774,Aarini Bora,customer4774@example.com,Vijayawada,Andhra Pradesh,India,2022-11-19,Regular
4775,Meghana Konda,customer4775@example.com,Vijayawada,Andhra Pradesh,India,2023-08-07,Regular
4776,Anya Seshadri,customer4776@example.com,Warangal,Telangana,India,2023-01-24,New
4777,Anamika Rout,customer4777@example.com,Chennai,Tamil Nadu,India,2023-06-05,Regular
4778,Onveer Dhingra,customer4778@example.com,Mumbai,Maharashtra,India,2023-03-31,Premium
4779,Falguni Tella,customer4779@example.com,Visakhapatnam,Andhra Pradesh,India,2022-11-29,Premium
4780,Vansha Kamdar,customer4780@example.com,Kolkata,West Bengal,India,2024-07-29,Regular
4781,Harish Krish,customer4781@example.com,Hyderabad,Telangana,India,2025-11-24,Regular
4782,Abhiram Sehgal,customer4782@example.com,Visakhapatnam,Andhra Pradesh,India,2022-05-05,New
4783,Oscar Contractor,customer4783@example.com,Coimbatore,Tamil Nadu,India,2022-02-06,Regular
4784,Varenya Narain,customer4784@example.com,Warangal,Telangana,India,2025-01-27,Regular
4785,Reyansh Mangat,customer4785@example.com,Pune,Maharashtra,India,2023-07-26,Occasional
4786,Gayathri Sodhi,customer4786@example.com,Coimbatore,Tamil Nadu,India,2024-07-06,Regular
4787,Jeremiah Barad,customer4787@example.com,Kochi,Kerala,India,2025-12-25,Regular
4788,Brijesh Mittal,customer4788@example.com,Warangal,Telangana,India,2023-01-30,Occasional
4789,Daksha Raj,customer4789@example.com,Jaipur,Rajasthan,India,2023-05-15,Regular
4790,Udant Bhagat,customer4790@example.com,Warangal,Telangana,India,2021-07-19,Regular
4791,Ishani Chhabra,customer4791@example.com,Jaipur,Rajasthan,India,2021-03-27,Premium
4792,Samar Shenoy,customer4792@example.com,Hyderabad,Telangana,India,2022-02-28,New
4793,Ishani Wadhwa,customer4793@example.com,Delhi,Delhi,India,2023-11-02,Regular
4794,Ganga Nazareth,customer4794@example.com,Coimbatore,Tamil Nadu,India,2024-05-01,Occasional
4795,Qushi Brar,customer4795@example.com,Kochi,Kerala,India,2025-01-04,Premium
4796,Ekapad Lal,customer4796@example.com,Bhopal,Madhya Pradesh,India,2025-11-18,Occasional
4797,Ranbir Lad,customer4797@example.com,Hyderabad,Telangana,India,2024-01-26,Regular
4798,Lipika Kant,customer4798@example.com,Visakhapatnam,Andhra Pradesh,India,2023-10-14,Regular
4799,Udant Prabhakar,customer4799@example.com,Warangal,Telangana,India,2021-09-20,Occasional
4800,Chaman Goswami,customer4800@example.com,Ahmedabad,Gujarat,India,2021-05-30,Premium
4801,Nakul Deshmukh,customer4801@example.com,Coimbatore,Tamil Nadu,India,2022-08-15,Regular
4802,Robert Mukherjee,customer4802@example.com,Warangal,Telangana,India,2021-04-15,Regular
4803,Qadim Lanka,customer4803@example.com,Delhi,Delhi,India,2024-11-22,Regular
4804,Hritik Bahl,customer4804@example.com,Jaipur,Rajasthan,India,2024-06-17,Occasional
4805,Shravya Sagar,customer4805@example.com,Jaipur,Rajasthan,India,2023-07-25,Premium
4806,Ayaan Bali,customer4806@example.com,Delhi,Delhi,India,2025-04-17,Regular
4807,Lohit Mand,customer4807@example.com,Delhi,Delhi,India,2025-09-12,Occasional
4808,Michael Chakraborty,customer4808@example.com,Jaipur,Rajasthan,India,2024-03-31,Premium
4809,Bhavika Bhatt,customer4809@example.com,Visakhapatnam,Andhra Pradesh,India,2025-02-22,New
4810,Raghav Barad,customer4810@example.com,Kochi,Kerala,India,2024-12-18,Premium
4811,Eiravati Bhardwaj,customer4811@example.com,Ahmedabad,Gujarat,India,2023-07-28,Regular
4812,Jeevika Batta,customer4812@example.com,Chennai,Tamil Nadu,India,2022-04-28,Premium
4813,Avni Sami,customer4813@example.com,Hyderabad,Telangana,India,2022-05-23,Regular
4814,Pratyush Sen,customer4814@example.com,Warangal,Telangana,India,2024-04-29,Regular
4815,Rushil Iyer,customer4815@example.com,Coimbatore,Tamil Nadu,India,2023-11-13,Regular
4816,Vivaan Andra,customer4816@example.com,Jaipur,Rajasthan,India,2022-02-19,Premium
4817,Krish Narayanan,customer4817@example.com,Ahmedabad,Gujarat,India,2022-02-28,Regular
4818,Tanveer Jayaraman,customer4818@example.com,Delhi,Delhi,India,2024-05-31,Regular
4819,Anthony Kanda,customer4819@example.com,Jaipur,Rajasthan,India,2021-01-31,Regular
4820,Nilima Sidhu,customer4820@example.com,Chennai,Tamil Nadu,India,2022-09-05,Premium
4821,Jason Sangha,customer4821@example.com,Hyderabad,Telangana,India,2024-10-02,Premium
4822,Advaith Sarma,customer4822@example.com,Mumbai,Maharashtra,India,2024-11-18,Regular
4823,Vanya Palan,customer4823@example.com,Ahmedabad,Gujarat,India,2024-08-19,New
4824,Dakshesh Ghose,customer4824@example.com,Kochi,Kerala,India,2023-09-07,Regular
4825,Shivansh Bhalla,customer4825@example.com,Jaipur,Rajasthan,India,2023-05-14,Occasional
4826,Vihaan Kuruvilla,customer4826@example.com,Kochi,Kerala,India,2021-09-01,Premium
4827,Wahab Balakrishnan,customer4827@example.com,Kolkata,West Bengal,India,2025-02-24,Regular
4828,Karan Batra,customer4828@example.com,Pune,Maharashtra,India,2022-11-05,Regular
4829,Tara Bir,customer4829@example.com,Hyderabad,Telangana,India,2022-01-30,Regular
4830,Gavin Sha,customer4830@example.com,Visakhapatnam,Andhra Pradesh,India,2025-12-12,Occasional
4831,Kevin Master,customer4831@example.com,Hyderabad,Telangana,India,2022-05-22,Regular
4832,Dalbir Sarna,customer4832@example.com,Coimbatore,Tamil Nadu,India,2021-06-11,Occasional
4833,Turvi Chaudry,customer4833@example.com,Coimbatore,Tamil Nadu,India,2024-07-08,Premium
4834,Ekani Lad,customer4834@example.com,Pune,Maharashtra,India,2025-01-19,Regular
4835,Qadim Lalla,customer4835@example.com,Chennai,Tamil Nadu,India,2024-07-10,Regular
4836,Jagvi Karan,customer4836@example.com,Chennai,Tamil Nadu,India,2021-06-05,Occasional
4837,Mitesh Singh,customer4837@example.com,Pune,Maharashtra,India,2025-07-26,Regular
4838,Yashasvi Bhatt,customer4838@example.com,Kolkata,West Bengal,India,2022-04-06,Occasional
4839,Edhitha Baria,customer4839@example.com,Kolkata,West Bengal,India,2022-07-13,Regular
4840,Lekha Ramesh,customer4840@example.com,Pune,Maharashtra,India,2025-12-23,Occasional
4841,Aachal Tripathi,customer4841@example.com,Jaipur,Rajasthan,India,2025-07-17,New
4842,Vedika Krish,customer4842@example.com,Jaipur,Rajasthan,India,2022-04-04,Regular
4843,Faraj Grewal,customer4843@example.com,Pune,Maharashtra,India,2022-08-06,Regular
4844,Frado Chadha,customer4844@example.com,Kolkata,West Bengal,India,2021-11-06,Occasional
4845,Tanvi Varghese,customer4845@example.com,Bhopal,Madhya Pradesh,India,2021-05-27,Premium
4846,Hiral Sagar,customer4846@example.com,Chennai,Tamil Nadu,India,2021-05-11,New
4847,Suhani Bawa,customer4847@example.com,Visakhapatnam,Andhra Pradesh,India,2021-06-05,Regular
4848,Balendra Kar,customer4848@example.com,Chennai,Tamil Nadu,India,2025-02-15,Regular
4849,Hemang Krishnamurthy,customer4849@example.com,Chennai,Tamil Nadu,India,2022-04-15,Regular
4850,Eesha Choudhary,customer4850@example.com,Vijayawada,Andhra Pradesh,India,2024-01-08,Occasional
4851,Orinder Gill,customer4851@example.com,Coimbatore,Tamil Nadu,India,2025-03-15,Regular
4852,Lipika Kumar,customer4852@example.com,Vijayawada,Andhra Pradesh,India,2022-03-18,Regular
4853,Suhani Gopal,customer4853@example.com,Delhi,Delhi,India,2023-02-16,Regular
4854,Jalsa Mann,customer4854@example.com,Hyderabad,Telangana,India,2022-05-24,Regular
4855,Isaiah Prashad,customer4855@example.com,Warangal,Telangana,India,2022-04-10,Regular
4856,Ekani Lad,customer4856@example.com,Ahmedabad,Gujarat,India,2022-07-02,Premium
4857,Robert Agarwal,customer4857@example.com,Mumbai,Maharashtra,India,2024-04-03,Regular
4858,Samaksh Mann,customer4858@example.com,Visakhapatnam,Andhra Pradesh,India,2025-08-04,Regular
4859,Saanvi Badami,customer4859@example.com,Kochi,Kerala,India,2023-07-04,Regular
4860,Yashoda Narayanan,customer4860@example.com,Hyderabad,Telangana,India,2023-08-05,Regular
4861,Ucchal Bail,customer4861@example.com,Mumbai,Maharashtra,India,2021-02-06,Regular
4862,Kavya Purohit,customer4862@example.com,Bhopal,Madhya Pradesh,India,2022-06-01,Regular
4863,Ekbal Munshi,customer4863@example.com,Bengaluru,Karnataka,India,2025-04-26,Regular
4864,Watika Kurian,customer4864@example.com,Ahmedabad,Gujarat,India,2022-08-12,Regular
4865,Prisha Kadakia,customer4865@example.com,Chennai,Tamil Nadu,India,2022-07-19,Premium
4866,Oeshi Kaul,customer4866@example.com,Coimbatore,Tamil Nadu,India,2022-05-12,Regular
4867,Sneha Tank,customer4867@example.com,Warangal,Telangana,India,2023-04-13,Premium
4868,Onkar Dutta,customer4868@example.com,Visakhapatnam,Andhra Pradesh,India,2025-01-13,Premium
4869,Anay Sahota,customer4869@example.com,Visakhapatnam,Andhra Pradesh,India,2024-01-20,Occasional
4870,Ikshita Chacko,customer4870@example.com,Warangal,Telangana,India,2021-09-08,Regular
4871,Ayaan Pillay,customer4871@example.com,Chennai,Tamil Nadu,India,2022-03-17,Regular
4872,Matthew Mangal,customer4872@example.com,Chennai,Tamil Nadu,India,2025-11-15,Regular
4873,Ekantika Roy,customer4873@example.com,Pune,Maharashtra,India,2021-12-30,Occasional
4874,Max Nadkarni,customer4874@example.com,Ahmedabad,Gujarat,India,2022-11-10,New
4875,Viraj Sarin,customer4875@example.com,Jaipur,Rajasthan,India,2023-09-09,Occasional
4876,Mitesh Rege,customer4876@example.com,Bhopal,Madhya Pradesh,India,2023-01-30,Occasional
4877,Pranit Basak,customer4877@example.com,Warangal,Telangana,India,2022-06-20,Premium
4878,Faqid Nayak,customer4878@example.com,Bhopal,Madhya Pradesh,India,2024-09-02,Premium
4879,Harinakshi Chatterjee,customer4879@example.com,Chennai,Tamil Nadu,India,2023-03-17,Regular
4880,Hredhaan Kapoor,customer4880@example.com,Delhi,Delhi,India,2022-08-28,Occasional
4881,Caleb Mahajan,customer4881@example.com,Pune,Maharashtra,India,2025-07-31,Regular
4882,Naksh Bhatt,customer4882@example.com,Visakhapatnam,Andhra Pradesh,India,2025-11-19,Regular
4883,Max Chandra,customer4883@example.com,Hyderabad,Telangana,India,2021-09-18,Occasional
4884,Kashish Minhas,customer4884@example.com,Jaipur,Rajasthan,India,2022-06-22,Regular
4885,Kashish Yohannan,customer4885@example.com,Ahmedabad,Gujarat,India,2025-05-08,Regular
4886,Omisha Wason,customer4886@example.com,Bengaluru,Karnataka,India,2022-04-23,Regular
4887,Chanchal Anand,customer4887@example.com,Hyderabad,Telangana,India,2025-04-01,Regular
4888,Eta Lala,customer4888@example.com,Mumbai,Maharashtra,India,2021-11-20,Occasional
4889,Lopa More,customer4889@example.com,Coimbatore,Tamil Nadu,India,2025-09-25,Regular
4890,Aadi Basak,customer4890@example.com,Jaipur,Rajasthan,India,2023-08-08,Occasional
4891,Yadavi Tank,customer4891@example.com,Chennai,Tamil Nadu,India,2024-04-21,Occasional
4892,Yash Murthy,customer4892@example.com,Kochi,Kerala,India,2024-10-06,Regular
4893,Lipika Ratti,customer4893@example.com,Visakhapatnam,Andhra Pradesh,India,2025-06-07,Regular
4894,Deepa Dani,customer4894@example.com,Bengaluru,Karnataka,India,2023-05-26,Regular
4895,Teerth Minhas,customer4895@example.com,Kochi,Kerala,India,2024-09-14,Occasional
4896,Lohit Sarin,customer4896@example.com,Kochi,Kerala,India,2022-07-15,Regular
4897,Falan Hans,customer4897@example.com,Kolkata,West Bengal,India,2022-03-26,Regular
4898,Dalaja Bhatt,customer4898@example.com,Bengaluru,Karnataka,India,2022-07-23,Regular
4899,Nihal Kulkarni,customer4899@example.com,Pune,Maharashtra,India,2021-05-22,Regular
4900,Isaiah Manda,customer4900@example.com,Kolkata,West Bengal,India,2025-07-11,Occasional
4901,Gautam Sinha,customer4901@example.com,Kolkata,West Bengal,India,2025-02-17,Regular
4902,Niharika Mall,customer4902@example.com,Jaipur,Rajasthan,India,2024-10-19,Regular
4903,Naveen Varkey,customer4903@example.com,Bhopal,Madhya Pradesh,India,2025-11-23,Occasional
4904,Anmol Bhandari,customer4904@example.com,Visakhapatnam,Andhra Pradesh,India,2022-09-11,Premium
4905,Pahal Rout,customer4905@example.com,Chennai,Tamil Nadu,India,2022-11-13,Occasional
4906,Aarnav Bhatia,customer4906@example.com,Kolkata,West Bengal,India,2021-03-07,Occasional
4907,Ronith Edwin,customer4907@example.com,Delhi,Delhi,India,2021-01-17,Regular
4908,Rishi Randhawa,customer4908@example.com,Delhi,Delhi,India,2025-08-03,Occasional
4909,Aarush Nagy,customer4909@example.com,Jaipur,Rajasthan,India,2022-08-09,Regular
4910,Praneel Madan,customer4910@example.com,Coimbatore,Tamil Nadu,India,2021-05-25,Regular
4911,Aarav Pant,customer4911@example.com,Ahmedabad,Gujarat,India,2023-01-29,Premium
4912,Omisha Garg,customer4912@example.com,Kochi,Kerala,India,2025-09-15,Premium
4913,Darpan Seshadri,customer4913@example.com,Kolkata,West Bengal,India,2025-10-21,Regular
4914,Nihal Shankar,customer4914@example.com,Chennai,Tamil Nadu,India,2024-05-21,Regular
4915,Utkarsh Goel,customer4915@example.com,Kolkata,West Bengal,India,2024-09-17,Regular
4916,Yachana Rajan,customer4916@example.com,Pune,Maharashtra,India,2025-09-23,Regular
4917,Veda Reddy,customer4917@example.com,Kolkata,West Bengal,India,2022-09-26,Regular
4918,Ishaan Rau,customer4918@example.com,Pune,Maharashtra,India,2021-09-16,Occasional
4919,Suhani Cheema,customer4919@example.com,Pune,Maharashtra,India,2022-07-05,Regular
4920,Dalaja Chopra,customer4920@example.com,Hyderabad,Telangana,India,2023-02-09,Regular
4921,Ranveer Dubey,customer4921@example.com,Chennai,Tamil Nadu,India,2021-01-03,Regular
4922,Sai Kara,customer4922@example.com,Warangal,Telangana,India,2025-04-21,Regular
4923,Yashoda Kapur,customer4923@example.com,Warangal,Telangana,India,2022-04-19,Regular
4924,Triya Bhatnagar,customer4924@example.com,Ahmedabad,Gujarat,India,2023-12-22,Regular
4925,Eshana Bahri,customer4925@example.com,Visakhapatnam,Andhra Pradesh,India,2025-06-30,Premium
4926,Waida Rajan,customer4926@example.com,Mumbai,Maharashtra,India,2024-06-15,New
4927,Pahal Prabhakar,customer4927@example.com,Warangal,Telangana,India,2021-10-23,Premium
4928,Abeer Yohannan,customer4928@example.com,Pune,Maharashtra,India,2025-12-14,Premium
4929,Amaira Kota,customer4929@example.com,Chennai,Tamil Nadu,India,2025-06-12,Regular
4930,Unni Saxena,customer4930@example.com,Visakhapatnam,Andhra Pradesh,India,2021-08-22,Regular
4931,Triveni Thakur,customer4931@example.com,Mumbai,Maharashtra,India,2024-06-27,Occasional
4932,Oni Walla,customer4932@example.com,Kochi,Kerala,India,2021-12-10,Occasional
4933,Inaya Tank,customer4933@example.com,Mumbai,Maharashtra,India,2023-02-07,Regular
4934,Matthew Raman,customer4934@example.com,Jaipur,Rajasthan,India,2022-07-08,New
4935,Mohini Walla,customer4935@example.com,Coimbatore,Tamil Nadu,India,2024-03-16,Occasional
4936,Irya Chandra,customer4936@example.com,Vijayawada,Andhra Pradesh,India,2024-04-09,Regular
4937,Sara Jayaraman,customer4937@example.com,Mumbai,Maharashtra,India,2022-03-06,Premium
4938,Hemal Nanda,customer4938@example.com,Mumbai,Maharashtra,India,2023-08-16,Regular
4939,Radhika Andra,customer4939@example.com,Pune,Maharashtra,India,2022-11-26,Occasional
4940,Laban Bajaj,customer4940@example.com,Delhi,Delhi,India,2024-10-12,New
4941,Vaishnavi Dhar,customer4941@example.com,Coimbatore,Tamil Nadu,India,2024-10-14,Regular
4942,Daksha Bhatnagar,customer4942@example.com,Visakhapatnam,Andhra Pradesh,India,2024-07-04,Premium
4943,Vedhika Bains,customer4943@example.com,Visakhapatnam,Andhra Pradesh,India,2024-09-22,Regular
4944,Tanvi Mohanty,customer4944@example.com,Kochi,Kerala,India,2025-10-14,New
4945,Indira Mane,customer4945@example.com,Coimbatore,Tamil Nadu,India,2025-03-28,Regular
4946,Faqid Upadhyay,customer4946@example.com,Chennai,Tamil Nadu,India,2024-06-14,Occasional
4947,Isaiah Roy,customer4947@example.com,Chennai,Tamil Nadu,India,2022-08-25,Regular
4948,Bhavya Shanker,customer4948@example.com,Ahmedabad,Gujarat,India,2024-12-06,Regular
4949,Samuel Rastogi,customer4949@example.com,Ahmedabad,Gujarat,India,2025-06-01,Occasional
4950,Lajita Master,customer4950@example.com,Vijayawada,Andhra Pradesh,India,2025-12-12,Occasional
4951,Alka Mann,customer4951@example.com,Pune,Maharashtra,India,2025-12-21,Occasional
4952,Ojas Varma,customer4952@example.com,Pune,Maharashtra,India,2023-09-09,Occasional
4953,Eta Garg,customer4953@example.com,Delhi,Delhi,India,2024-05-10,Occasional
4954,Nihal Rastogi,customer4954@example.com,Vijayawada,Andhra Pradesh,India,2022-01-03,Regular
4955,Balveer Ranganathan,customer4955@example.com,Kolkata,West Bengal,India,2022-03-10,Regular
4956,Darsh Badami,customer4956@example.com,Ahmedabad,Gujarat,India,2024-05-28,Premium
4957,Anika Warrior,customer4957@example.com,Bengaluru,Karnataka,India,2025-08-19,Regular
4958,Zinal Chawla,customer4958@example.com,Bengaluru,Karnataka,India,2023-02-24,Regular
4959,Ranveer Barman,customer4959@example.com,Vijayawada,Andhra Pradesh,India,2022-11-19,Premium
4960,Dalaja Zachariah,customer4960@example.com,Kochi,Kerala,India,2023-10-22,Occasional
4961,Urvi Lala,customer4961@example.com,Pune,Maharashtra,India,2025-09-09,Regular
4962,Ojasvi Khalsa,customer4962@example.com,Delhi,Delhi,India,2021-11-26,Regular
4963,Sanya Prabhakar,customer4963@example.com,Kochi,Kerala,India,2021-02-15,Regular
4964,Aadi Kala,customer4964@example.com,Kochi,Kerala,India,2021-02-09,Occasional
4965,Madhavi Rau,customer4965@example.com,Mumbai,Maharashtra,India,2021-05-23,Regular
4966,Samar Badal,customer4966@example.com,Hyderabad,Telangana,India,2021-11-13,Regular
4967,Brinda Chatterjee,customer4967@example.com,Hyderabad,Telangana,India,2024-01-16,New
4968,Rehaan Sarma,customer4968@example.com,Bengaluru,Karnataka,India,2025-09-30,New
4969,Rachana Sen,customer4969@example.com,Pune,Maharashtra,India,2025-08-09,Regular
4970,Yadavi Srinivasan,customer4970@example.com,Kochi,Kerala,India,2025-11-05,Regular
4971,Urmi Edwin,customer4971@example.com,Jaipur,Rajasthan,India,2021-03-02,Regular
4972,Azaan Chowdhury,customer4972@example.com,Delhi,Delhi,India,2024-07-11,New
4973,Kashish Das,customer4973@example.com,Chennai,Tamil Nadu,India,2022-09-26,New
4974,Anika Merchant,customer4974@example.com,Warangal,Telangana,India,2021-05-28,Regular
4975,Karan Bassi,customer4975@example.com,Chennai,Tamil Nadu,India,2023-07-31,Regular
4976,Anusha Oza,customer4976@example.com,Pune,Maharashtra,India,2024-05-07,Regular
4977,Kavya Gala,customer4977@example.com,Kolkata,West Bengal,India,2024-08-03,Regular
4978,Krishna Dhar,customer4978@example.com,Mumbai,Maharashtra,India,2023-07-24,Premium
4979,Ekiya Padmanabhan,customer4979@example.com,Warangal,Telangana,India,2022-01-27,Occasional
4980,Laksh Murty,customer4980@example.com,Bengaluru,Karnataka,India,2024-09-17,Premium
4981,Qarin Golla,customer4981@example.com,Vijayawada,Andhra Pradesh,India,2024-08-14,Regular
4982,Garima Keer,customer4982@example.com,Hyderabad,Telangana,India,2022-01-24,Regular
4983,Ria Balan,customer4983@example.com,Warangal,Telangana,India,2022-11-01,New
4984,Damyanti Srinivasan,customer4984@example.com,Delhi,Delhi,India,2023-03-15,Regular
4985,Bhavya Nanda,customer4985@example.com,Chennai,Tamil Nadu,India,2024-04-22,Regular
4986,Rajeshri Narain,customer4986@example.com,Ahmedabad,Gujarat,India,2024-03-02,Premium
4987,Vincent Warrior,customer4987@example.com,Hyderabad,Telangana,India,2022-06-15,Regular
4988,Abeer Suresh,customer4988@example.com,Hyderabad,Telangana,India,2022-12-01,Regular
4989,Bhavna Nath,customer4989@example.com,Coimbatore,Tamil Nadu,India,2021-09-12,New
4990,Harsh Ganesan,customer4990@example.com,Delhi,Delhi,India,2023-12-17,Regular
4991,Zaid Ramesh,customer4991@example.com,Warangal,Telangana,India,2021-06-25,Premium
4992,Gavin Bir,customer4992@example.com,Delhi,Delhi,India,2022-02-01,Regular
4993,Luke Sheth,customer4993@example.com,Warangal,Telangana,India,2025-01-07,Regular
4994,Pavani Madan,customer4994@example.com,Bhopal,Madhya Pradesh,India,2025-03-17,Occasional
4995,Hiral Nagi,customer4995@example.com,Bengaluru,Karnataka,India,2025-07-24,Occasional
4996,Onveer Golla,customer4996@example.com,Mumbai,Maharashtra,India,2023-09-26,Regular
4997,Onkar Pal,customer4997@example.com,Vijayawada,Andhra Pradesh,India,2025-12-21,Occasional
4998,Harrison Ravi,customer4998@example.com,Bengaluru,Karnataka,India,2022-03-11,Regular
4999,Vrinda Pillay,customer4999@example.com,Mumbai,Maharashtra,India,2021-12-26,Regular
5000,Ekalinga Bhakta,customer5000@example.com,Ahmedabad,Gujarat,India,2021-09-19,Occasional
5001,Champak Patil,customer5001@example.com,Kolkata,West Bengal,India,2023-11-10,Regular
5002,Aarna Sem,customer5002@example.com,Hyderabad,Telangana,India,2023-08-17,New
5003,Amruta Sinha,customer5003@example.com,Kolkata,West Bengal,India,2024-11-11,Premium
5004,Tanish Parikh,customer5004@example.com,Delhi,Delhi,India,2022-12-17,Regular
5005,Raksha Wadhwa,customer5005@example.com,Chennai,Tamil Nadu,India,2022-03-15,Regular
5006,Triya Dani,customer5006@example.com,Bhopal,Madhya Pradesh,India,2023-07-09,Regular
5007,Tripti Iyengar,customer5007@example.com,Kolkata,West Bengal,India,2024-01-13,Regular
5008,Samar Bansal,customer5008@example.com,Jaipur,Rajasthan,India,2023-03-19,Premium
5009,Vrinda Uppal,customer5009@example.com,Warangal,Telangana,India,2023-11-02,Regular
5010,Tristan Hayer,customer5010@example.com,Bhopal,Madhya Pradesh,India,2025-07-19,New
5011,Oviya Chacko,customer5011@example.com,Pune,Maharashtra,India,2022-01-23,Occasional
5012,Wriddhish Verma,customer5012@example.com,Vijayawada,Andhra Pradesh,India,2021-08-02,Occasional
5013,Baljiwan Varghese,customer5013@example.com,Delhi,Delhi,India,2022-07-21,Regular
5014,Ekansh Pandit,customer5014@example.com,Kochi,Kerala,India,2025-01-14,Occasional
5015,Vaishnavi Hegde,customer5015@example.com,Delhi,Delhi,India,2022-06-25,Regular
5016,Radhika Gour,customer5016@example.com,Bhopal,Madhya Pradesh,India,2021-01-30,Regular
5017,Dhriti Golla,customer5017@example.com,Delhi,Delhi,India,2023-09-09,Regular
5018,Damini Rege,customer5018@example.com,Bhopal,Madhya Pradesh,India,2022-01-15,Occasional
5019,Falak Kara,customer5019@example.com,Vijayawada,Andhra Pradesh,India,2023-10-13,Regular
5020,Harrison Vala,customer5020@example.com,Delhi,Delhi,India,2025-02-08,Occasional
5021,Ishani Sandal,customer5021@example.com,Hyderabad,Telangana,India,2025-10-20,Regular
5022,Brinda Mallick,customer5022@example.com,Coimbatore,Tamil Nadu,India,2025-01-26,Regular
5023,Gagan Srinivas,customer5023@example.com,Bhopal,Madhya Pradesh,India,2024-03-31,Regular
5024,Nicholas Rao,customer5024@example.com,Mumbai,Maharashtra,India,2024-10-07,Occasional
5025,Udarsh Kadakia,customer5025@example.com,Warangal,Telangana,India,2021-07-22,Occasional
5026,Aarini Puri,customer5026@example.com,Vijayawada,Andhra Pradesh,India,2024-05-15,New
5027,Harita Ben,customer5027@example.com,Bhopal,Madhya Pradesh,India,2024-08-28,Regular
5028,Balhaar Choudhury,customer5028@example.com,Kochi,Kerala,India,2025-11-22,Regular
5029,Varsha Kari,customer5029@example.com,Pune,Maharashtra,India,2021-05-30,Premium
5030,Vivaan Oak,customer5030@example.com,Warangal,Telangana,India,2025-11-30,Regular
5031,Frederick Zachariah,customer5031@example.com,Kochi,Kerala,India,2022-05-24,Regular
5032,Bhavna Garde,customer5032@example.com,Kolkata,West Bengal,India,2024-06-26,Regular
5033,Aradhana Varkey,customer5033@example.com,Chennai,Tamil Nadu,India,2023-07-05,Regular
5034,Tanvi Prabhakar,customer5034@example.com,Kolkata,West Bengal,India,2025-05-25,Premium
5035,Kamala Swaminathan,customer5035@example.com,Visakhapatnam,Andhra Pradesh,India,2024-09-22,Occasional
5036,Zinal Date,customer5036@example.com,Vijayawada,Andhra Pradesh,India,2023-10-18,Regular
5037,Charan Gola,customer5037@example.com,Pune,Maharashtra,India,2025-05-30,Occasional
5038,Ridhi Shere,customer5038@example.com,Coimbatore,Tamil Nadu,India,2022-03-22,Regular
5039,Laksh Mistry,customer5039@example.com,Hyderabad,Telangana,India,2025-08-02,Premium
5040,Siya Bumb,customer5040@example.com,Warangal,Telangana,India,2025-07-01,Occasional
5041,Falguni Wadhwa,customer5041@example.com,Bengaluru,Karnataka,India,2024-12-06,Regular
5042,Falguni Chaudhary,customer5042@example.com,Vijayawada,Andhra Pradesh,India,2023-07-19,Regular
5043,Pavani Taneja,customer5043@example.com,Kolkata,West Bengal,India,2023-04-07,Premium
5044,Henry Butala,customer5044@example.com,Ahmedabad,Gujarat,India,2022-05-12,Occasional
5045,Ayushman Kadakia,customer5045@example.com,Vijayawada,Andhra Pradesh,India,2022-07-21,New
5046,Radha Yadav,customer5046@example.com,Bengaluru,Karnataka,India,2025-06-29,Regular
5047,Yatan Swamy,customer5047@example.com,Mumbai,Maharashtra,India,2021-12-21,Occasional
5048,Anvi Nayar,customer5048@example.com,Bengaluru,Karnataka,India,2025-08-01,Occasional
5049,Arin Ganesan,customer5049@example.com,Jaipur,Rajasthan,India,2025-11-26,Premium
5050,Upadhriti Batta,customer5050@example.com,Mumbai,Maharashtra,India,2021-11-24,Premium
5051,Manbir Sandal,customer5051@example.com,Vijayawada,Andhra Pradesh,India,2024-02-25,Regular
5052,Timothy Prakash,customer5052@example.com,Warangal,Telangana,India,2024-08-07,Occasional
5053,Yamini Yohannan,customer5053@example.com,Hyderabad,Telangana,India,2021-10-05,Occasional
5054,Advik Nagar,customer5054@example.com,Bengaluru,Karnataka,India,2021-03-06,Regular
5055,Megha Bahri,customer5055@example.com,Bengaluru,Karnataka,India,2022-08-30,Regular
5056,Wridesh Buch,customer5056@example.com,Hyderabad,Telangana,India,2022-01-13,Occasional
5057,Jeremiah Som,customer5057@example.com,Ahmedabad,Gujarat,India,2021-02-02,Regular
5058,Divya Palla,customer5058@example.com,Vijayawada,Andhra Pradesh,India,2023-08-13,Premium
5059,Pooja Basak,customer5059@example.com,Visakhapatnam,Andhra Pradesh,India,2022-01-12,Occasional
5060,Falak Warrior,customer5060@example.com,Visakhapatnam,Andhra Pradesh,India,2025-11-19,Occasional
5061,Brijesh Mander,customer5061@example.com,Visakhapatnam,Andhra Pradesh,India,2021-11-10,Occasional
5062,Krishna Mistry,customer5062@example.com,Delhi,Delhi,India,2023-10-16,Occasional
5063,Samuel Rattan,customer5063@example.com,Kolkata,West Bengal,India,2022-10-22,Premium
5064,Watika Jha,customer5064@example.com,Hyderabad,Telangana,India,2021-08-05,Premium
5065,Logan Sarraf,customer5065@example.com,Delhi,Delhi,India,2024-03-23,Occasional
5066,Ikshita Upadhyay,customer5066@example.com,Bhopal,Madhya Pradesh,India,2021-09-03,Regular
5067,Shaurya Pandit,customer5067@example.com,Bhopal,Madhya Pradesh,India,2024-05-30,Regular
5068,Abhimanyu Nath,customer5068@example.com,Warangal,Telangana,India,2023-01-22,Premium
5069,Qushi Chana,customer5069@example.com,Hyderabad,Telangana,India,2025-08-19,New
5070,Shravya Koshy,customer5070@example.com,Pune,Maharashtra,India,2024-02-14,Occasional
5071,Libni Prashad,customer5071@example.com,Visakhapatnam,Andhra Pradesh,India,2021-09-25,Occasional
5072,Quincy Parikh,customer5072@example.com,Chennai,Tamil Nadu,India,2023-01-14,New
5073,Harrison Raghavan,customer5073@example.com,Warangal,Telangana,India,2023-12-14,Occasional
5074,Maya Basak,customer5074@example.com,Coimbatore,Tamil Nadu,India,2023-06-21,Occasional
5075,Urishilla Sunder,customer5075@example.com,Vijayawada,Andhra Pradesh,India,2022-02-21,Regular
5076,Ayaan Dutt,customer5076@example.com,Delhi,Delhi,India,2022-07-19,Regular
5077,Kritika Rout,customer5077@example.com,Coimbatore,Tamil Nadu,India,2025-08-20,Regular
5078,Zaid Merchant,customer5078@example.com,Ahmedabad,Gujarat,India,2021-01-15,Regular
5079,Krishna Kumer,customer5079@example.com,Jaipur,Rajasthan,India,2022-07-05,Regular
5080,Nitara Bose,customer5080@example.com,Ahmedabad,Gujarat,India,2023-03-08,Regular
5081,Triya Naik,customer5081@example.com,Delhi,Delhi,India,2021-04-19,Premium
5082,Chandani Rout,customer5082@example.com,Chennai,Tamil Nadu,India,2022-09-29,Premium
5083,Kashvi Dash,customer5083@example.com,Pune,Maharashtra,India,2023-04-06,Regular
5084,Aarav Deshmukh,customer5084@example.com,Delhi,Delhi,India,2021-04-27,Occasional
5085,Abhiram Lalla,customer5085@example.com,Hyderabad,Telangana,India,2025-03-04,Regular
5086,Oni Joshi,customer5086@example.com,Kolkata,West Bengal,India,2022-03-20,Regular
5087,Yashodhara Chaudry,customer5087@example.com,Visakhapatnam,Andhra Pradesh,India,2024-08-04,Occasional
5088,Anika Setty,customer5088@example.com,Visakhapatnam,Andhra Pradesh,India,2023-03-30,Regular
5089,Edhitha Kakar,customer5089@example.com,Hyderabad,Telangana,India,2021-12-27,Premium
5090,Chaitanya Sahota,customer5090@example.com,Chennai,Tamil Nadu,India,2021-03-09,Regular
5091,Abha Aggarwal,customer5091@example.com,Kochi,Kerala,India,2025-03-19,Regular
5092,Oscar Tiwari,customer5092@example.com,Warangal,Telangana,India,2025-11-05,Occasional
5093,Yashodhara Sha,customer5093@example.com,Kochi,Kerala,India,2025-07-26,New
5094,Indali Choudhury,customer5094@example.com,Coimbatore,Tamil Nadu,India,2023-04-18,Regular
5095,Sudiksha Deshpande,customer5095@example.com,Mumbai,Maharashtra,India,2023-01-07,New
5096,Sudiksha Lata,customer5096@example.com,Jaipur,Rajasthan,India,2025-03-06,Regular
5097,Pavani Dar,customer5097@example.com,Visakhapatnam,Andhra Pradesh,India,2022-09-03,Occasional
5098,Anika Banerjee,customer5098@example.com,Visakhapatnam,Andhra Pradesh,India,2021-11-25,New
5099,Sathvik Thakur,customer5099@example.com,Kochi,Kerala,India,2022-09-23,Occasional
5100,Yashica Tak,customer5100@example.com,Pune,Maharashtra,India,2025-06-13,Regular
5101,Saanvi Parmer,customer5101@example.com,Kochi,Kerala,India,2022-10-01,Occasional
5102,Vivaan Kala,customer5102@example.com,Pune,Maharashtra,India,2025-05-10,New
5103,Vaishnavi Sengupta,customer5103@example.com,Visakhapatnam,Andhra Pradesh,India,2024-06-11,Regular
5104,Girindra Kaul,customer5104@example.com,Pune,Maharashtra,India,2021-02-13,Premium
5105,Isaiah Palla,customer5105@example.com,Bhopal,Madhya Pradesh,India,2021-01-27,Regular
5106,Arin Grewal,customer5106@example.com,Delhi,Delhi,India,2022-08-23,Regular
5107,Meghana Deol,customer5107@example.com,Vijayawada,Andhra Pradesh,India,2025-08-21,Regular
5108,Ojas Baral,customer5108@example.com,Jaipur,Rajasthan,India,2023-12-20,Occasional
5109,Onkar Kaul,customer5109@example.com,Hyderabad,Telangana,India,2023-03-25,Regular
5110,Ishani Seshadri,customer5110@example.com,Jaipur,Rajasthan,India,2021-09-22,Occasional
5111,Abhimanyu Loyal,customer5111@example.com,Warangal,Telangana,India,2024-12-05,Regular
5112,Anmol Bhalla,customer5112@example.com,Vijayawada,Andhra Pradesh,India,2023-05-19,Regular
5113,Harish Kale,customer5113@example.com,Chennai,Tamil Nadu,India,2025-03-18,Regular
5114,Kamya Khatri,customer5114@example.com,Hyderabad,Telangana,India,2022-05-11,Premium
5115,Daniel Subramanian,customer5115@example.com,Kolkata,West Bengal,India,2025-09-08,Regular
5116,Maanas Dhawan,customer5116@example.com,Bengaluru,Karnataka,India,2023-08-20,Regular
5117,Ayaan Soman,customer5117@example.com,Visakhapatnam,Andhra Pradesh,India,2023-05-11,Premium
5118,Aadhya Ray,customer5118@example.com,Bhopal,Madhya Pradesh,India,2022-04-15,Occasional
5119,Peter Prakash,customer5119@example.com,Kolkata,West Bengal,India,2022-09-28,Occasional
5120,Chanchal Dhawan,customer5120@example.com,Pune,Maharashtra,India,2021-08-31,Premium
5121,Akshay Lanka,customer5121@example.com,Pune,Maharashtra,India,2022-07-31,Regular
5122,Oni Chaudhry,customer5122@example.com,Kochi,Kerala,India,2022-10-27,Premium
5123,Balendra Hans,customer5123@example.com,Kochi,Kerala,India,2021-12-02,New
5124,Raagini Chaudhary,customer5124@example.com,Visakhapatnam,Andhra Pradesh,India,2023-08-08,Occasional
5125,Chandresh Soman,customer5125@example.com,Kochi,Kerala,India,2024-03-31,Premium
5126,Mohini Sen,customer5126@example.com,Coimbatore,Tamil Nadu,India,2021-02-07,Occasional
5127,Max Banerjee,customer5127@example.com,Pune,Maharashtra,India,2022-06-12,Regular
5128,Warjas Raman,customer5128@example.com,Ahmedabad,Gujarat,India,2021-04-09,Premium
5129,Ekaraj Patel,customer5129@example.com,Bhopal,Madhya Pradesh,India,2024-07-10,Occasional
5130,Azaan Anne,customer5130@example.com,Chennai,Tamil Nadu,India,2022-09-03,Occasional
5131,Vamakshi Munshi,customer5131@example.com,Vijayawada,Andhra Pradesh,India,2023-11-20,Occasional
5132,Gopal Talwar,customer5132@example.com,Jaipur,Rajasthan,India,2021-04-04,Occasional
5133,Gauri Arora,customer5133@example.com,Ahmedabad,Gujarat,India,2023-01-27,Regular
5134,Tarak Shenoy,customer5134@example.com,Kolkata,West Bengal,India,2021-03-22,Regular
5135,Bakhshi Seth,customer5135@example.com,Warangal,Telangana,India,2021-10-05,Occasional
5136,Girik Chopra,customer5136@example.com,Warangal,Telangana,India,2022-06-18,New
5137,Benjamin Upadhyay,customer5137@example.com,Hyderabad,Telangana,India,2022-09-27,Regular
5138,Madhavi Tandon,customer5138@example.com,Bengaluru,Karnataka,India,2025-01-08,New
5139,Jagdish Bakshi,customer5139@example.com,Bengaluru,Karnataka,India,2022-03-19,Premium
5140,Ati Reddy,customer5140@example.com,Jaipur,Rajasthan,India,2023-02-28,Regular
5141,Indrajit Ganesh,customer5141@example.com,Kochi,Kerala,India,2021-12-14,New
5142,Urvi Ahuja,customer5142@example.com,Chennai,Tamil Nadu,India,2025-08-27,Regular
5143,Damini Konda,customer5143@example.com,Delhi,Delhi,India,2024-11-13,Occasional
5144,Maanav Kar,customer5144@example.com,Mumbai,Maharashtra,India,2024-06-18,Regular
5145,Karan Gour,customer5145@example.com,Chennai,Tamil Nadu,India,2023-07-26,Regular
5146,Girik Ranganathan,customer5146@example.com,Bengaluru,Karnataka,India,2024-01-26,Regular
5147,Hema Golla,customer5147@example.com,Mumbai,Maharashtra,India,2021-02-17,Regular
5148,Fitan Dhar,customer5148@example.com,Kolkata,West Bengal,India,2022-10-29,New
5149,Dalaja Sehgal,customer5149@example.com,Chennai,Tamil Nadu,India,2021-02-22,Regular
5150,Keya Bajaj,customer5150@example.com,Kochi,Kerala,India,2025-01-14,Regular
5151,Osha Pandit,customer5151@example.com,Pune,Maharashtra,India,2022-10-09,Regular
5152,Umang De,customer5152@example.com,Bengaluru,Karnataka,India,2023-09-09,Regular
5153,Farhan Shroff,customer5153@example.com,Delhi,Delhi,India,2025-01-01,Regular
5154,Krish Madan,customer5154@example.com,Vijayawada,Andhra Pradesh,India,2023-07-22,Regular
5155,Indali Choudhury,customer5155@example.com,Bengaluru,Karnataka,India,2023-12-08,Occasional
5156,Karan Cherian,customer5156@example.com,Kochi,Kerala,India,2024-04-02,Regular
5157,Ekaja Yadav,customer5157@example.com,Kochi,Kerala,India,2021-11-27,Regular
5158,Onkar Sani,customer5158@example.com,Coimbatore,Tamil Nadu,India,2025-12-12,Premium
5159,Bhavika Wason,customer5159@example.com,Bhopal,Madhya Pradesh,India,2025-08-07,New
5160,Varenya Sangha,customer5160@example.com,Jaipur,Rajasthan,India,2024-07-09,Regular
5161,Jonathan Kala,customer5161@example.com,Ahmedabad,Gujarat,India,2025-05-15,Occasional
5162,Daniel Andra,customer5162@example.com,Mumbai,Maharashtra,India,2024-12-11,Regular
5163,Devika Shan,customer5163@example.com,Mumbai,Maharashtra,India,2025-04-04,Regular
5164,Yasti Kashyap,customer5164@example.com,Delhi,Delhi,India,2023-03-16,Regular
5165,Imaran Bali,customer5165@example.com,Kolkata,West Bengal,India,2024-09-23,Premium
5166,Kalpit Chada,customer5166@example.com,Bengaluru,Karnataka,India,2025-03-05,Occasional
5167,Caleb Bedi,customer5167@example.com,Chennai,Tamil Nadu,India,2024-09-20,Regular
5168,Maya Datta,customer5168@example.com,Chennai,Tamil Nadu,India,2024-06-08,Premium
5169,Victor Mallick,customer5169@example.com,Coimbatore,Tamil Nadu,India,2022-09-06,Regular
5170,Yashvi Sarkar,customer5170@example.com,Vijayawada,Andhra Pradesh,India,2025-08-06,Regular
5171,Balveer Thaman,customer5171@example.com,Delhi,Delhi,India,2023-04-21,New
5172,Udarsh Wable,customer5172@example.com,Delhi,Delhi,India,2022-05-06,New
5173,Anusha Sankaran,customer5173@example.com,Pune,Maharashtra,India,2024-06-28,Regular
5174,Aditya Ganguly,customer5174@example.com,Mumbai,Maharashtra,India,2022-08-06,Regular
5175,Ryan Swamy,customer5175@example.com,Jaipur,Rajasthan,India,2021-07-24,Premium
5176,Jagrati Narasimhan,customer5176@example.com,Bhopal,Madhya Pradesh,India,2022-04-07,Premium
5177,Tejas Agate,customer5177@example.com,Bhopal,Madhya Pradesh,India,2021-01-05,Premium
5178,Andrew Venkataraman,customer5178@example.com,Bhopal,Madhya Pradesh,India,2021-07-09,Regular
5179,Bishakha Rau,customer5179@example.com,Chennai,Tamil Nadu,India,2024-03-16,Occasional
5180,Indrajit Agrawal,customer5180@example.com,Mumbai,Maharashtra,India,2024-11-09,Occasional
5181,Jairaj Krishnan,customer5181@example.com,Kochi,Kerala,India,2021-01-11,Occasional
5182,Aarnav Bajaj,customer5182@example.com,Ahmedabad,Gujarat,India,2022-01-06,Occasional
5183,Leena Doshi,customer5183@example.com,Visakhapatnam,Andhra Pradesh,India,2025-12-06,Occasional
5184,Warda Jaggi,customer5184@example.com,Vijayawada,Andhra Pradesh,India,2023-01-01,Premium
5185,Chaitanya Rama,customer5185@example.com,Delhi,Delhi,India,2024-11-20,New
5186,Charita Butala,customer5186@example.com,Vijayawada,Andhra Pradesh,India,2021-01-28,Regular
5187,Varsha Kuruvilla,customer5187@example.com,Kolkata,West Bengal,India,2025-08-29,Premium
5188,Banjeet Bedi,customer5188@example.com,Coimbatore,Tamil Nadu,India,2024-04-22,Regular
5189,Theodore Krish,customer5189@example.com,Vijayawada,Andhra Pradesh,India,2021-03-13,Occasional
5190,Gunbir Konda,customer5190@example.com,Vijayawada,Andhra Pradesh,India,2024-09-12,Occasional
5191,Gopal Virk,customer5191@example.com,Bengaluru,Karnataka,India,2024-10-16,Regular
5192,George Pingle,customer5192@example.com,Kolkata,West Bengal,India,2021-09-22,New
5193,Yachana Dhaliwal,customer5193@example.com,Bengaluru,Karnataka,India,2023-03-17,Regular
5194,Mason Badami,customer5194@example.com,Jaipur,Rajasthan,India,2025-11-17,Regular
5195,Advik Biswas,customer5195@example.com,Visakhapatnam,Andhra Pradesh,India,2022-08-11,Occasional
5196,Ekiya Khare,customer5196@example.com,Hyderabad,Telangana,India,2024-02-02,Premium
5197,Nirja Balan,customer5197@example.com,Warangal,Telangana,India,2023-05-13,Regular
5198,Keya Krishna,customer5198@example.com,Bhopal,Madhya Pradesh,India,2024-10-19,Regular
5199,Nidhi Sankaran,customer5199@example.com,Vijayawada,Andhra Pradesh,India,2023-05-31,Regular
5200,Chatresh Chandran,customer5200@example.com,Bhopal,Madhya Pradesh,India,2024-10-04,Premium
5201,Amara Babu,customer5201@example.com,Bhopal,Madhya Pradesh,India,2021-07-01,Regular
5202,Yashica Doshi,customer5202@example.com,Delhi,Delhi,India,2022-03-09,Regular
5203,Yochana Sekhon,customer5203@example.com,Delhi,Delhi,India,2022-03-05,Regular
5204,Manthan Raman,customer5204@example.com,Mumbai,Maharashtra,India,2023-06-17,Regular
5205,Hiral Tella,customer5205@example.com,Ahmedabad,Gujarat,India,2022-03-14,Occasional
5206,Adweta Nair,customer5206@example.com,Delhi,Delhi,India,2021-08-06,Regular
5207,Utkarsh Parmer,customer5207@example.com,Vijayawada,Andhra Pradesh,India,2022-02-27,Regular
5208,Devika Dutta,customer5208@example.com,Bhopal,Madhya Pradesh,India,2022-08-22,New
5209,Suhani Badal,customer5209@example.com,Coimbatore,Tamil Nadu,India,2022-11-22,Premium
5210,Gagan Dutta,customer5210@example.com,Visakhapatnam,Andhra Pradesh,India,2021-01-27,Regular
5211,Garima Chhabra,customer5211@example.com,Kochi,Kerala,India,2021-10-22,Regular
5212,Omya Boase,customer5212@example.com,Bengaluru,Karnataka,India,2025-09-02,Regular
5213,Hiral Badami,customer5213@example.com,Chennai,Tamil Nadu,India,2022-07-03,New
5214,Ishwar Balay,customer5214@example.com,Delhi,Delhi,India,2023-06-11,Occasional
5215,Oscar Kanda,customer5215@example.com,Hyderabad,Telangana,India,2021-07-08,New
5216,Pooja Rege,customer5216@example.com,Coimbatore,Tamil Nadu,India,2021-06-22,Regular
5217,Frederick Datta,customer5217@example.com,Warangal,Telangana,India,2021-03-15,Premium
5218,Luke Shanker,customer5218@example.com,Vijayawada,Andhra Pradesh,India,2025-10-11,Regular
5219,Gaurav Gill,customer5219@example.com,Delhi,Delhi,India,2021-09-27,Occasional
5220,Prisha Biswas,customer5220@example.com,Vijayawada,Andhra Pradesh,India,2022-09-15,Regular
5221,Jeremiah Balan,customer5221@example.com,Bengaluru,Karnataka,India,2023-12-27,Regular
5222,Advay Tank,customer5222@example.com,Vijayawada,Andhra Pradesh,India,2023-04-02,Premium
5223,Ekta Kapur,customer5223@example.com,Kolkata,West Bengal,India,2024-08-27,Regular
5224,Lakshmi Batra,customer5224@example.com,Warangal,Telangana,India,2023-03-15,Regular
5225,Maanas Sarraf,customer5225@example.com,Coimbatore,Tamil Nadu,India,2023-08-08,Regular
5226,Charita Rajagopal,customer5226@example.com,Chennai,Tamil Nadu,India,2024-07-25,Premium
5227,Gaurang Natarajan,customer5227@example.com,Bengaluru,Karnataka,India,2021-03-20,Occasional
5228,Jasmit Tata,customer5228@example.com,Chennai,Tamil Nadu,India,2023-01-06,Regular
5229,Vyanjana Dixit,customer5229@example.com,Bhopal,Madhya Pradesh,India,2022-09-29,Occasional
5230,Inaya Sama,customer5230@example.com,Kolkata,West Bengal,India,2023-03-18,Regular
5231,Nimrat Warrior,customer5231@example.com,Jaipur,Rajasthan,India,2021-09-16,Premium
5232,Eesha Chaudhuri,customer5232@example.com,Visakhapatnam,Andhra Pradesh,India,2022-06-10,Regular
5233,Qadim Ramesh,customer5233@example.com,Mumbai,Maharashtra,India,2022-01-28,Premium
5234,Yashodhara Ramanathan,customer5234@example.com,Warangal,Telangana,India,2024-11-08,Regular
5235,Indali Ratta,customer5235@example.com,Pune,Maharashtra,India,2024-07-23,Premium
5236,Anya Bose,customer5236@example.com,Chennai,Tamil Nadu,India,2022-04-20,Regular
5237,Riya Uppal,customer5237@example.com,Visakhapatnam,Andhra Pradesh,India,2024-10-05,Occasional
5238,Urvashi Sibal,customer5238@example.com,Hyderabad,Telangana,India,2023-04-18,Premium
5239,Darpan Johal,customer5239@example.com,Kochi,Kerala,India,2021-09-08,New
5240,Balhaar Sachar,customer5240@example.com,Visakhapatnam,Andhra Pradesh,India,2024-01-29,Regular
5241,Xiti Subramanian,customer5241@example.com,Hyderabad,Telangana,India,2021-12-05,Premium
5242,Jeremiah Keer,customer5242@example.com,Ahmedabad,Gujarat,India,2023-07-26,Occasional
5243,Shaurya Mohanty,customer5243@example.com,Delhi,Delhi,India,2023-09-01,Regular
5244,Oni Radhakrishnan,customer5244@example.com,Kochi,Kerala,India,2021-06-16,Regular
5245,Indrajit Dora,customer5245@example.com,Kolkata,West Bengal,India,2025-08-29,Regular
5246,Rachita Krishnan,customer5246@example.com,Pune,Maharashtra,India,2021-09-27,Regular
5247,Ishanvi Kunda,customer5247@example.com,Pune,Maharashtra,India,2024-01-12,Regular
5248,Anay Ratta,customer5248@example.com,Bhopal,Madhya Pradesh,India,2025-11-21,Regular
5249,Gaurang Dasgupta,customer5249@example.com,Pune,Maharashtra,India,2023-05-09,Occasional
5250,Rohan Buch,customer5250@example.com,Pune,Maharashtra,India,2021-11-11,Occasional
5251,Ubika Krish,customer5251@example.com,Delhi,Delhi,India,2025-07-09,Regular
5252,Vivaan Mohanty,customer5252@example.com,Pune,Maharashtra,India,2021-01-08,Occasional
5253,Bhavna Tella,customer5253@example.com,Kochi,Kerala,India,2022-12-02,Premium
5254,Dhruv Wable,customer5254@example.com,Kolkata,West Bengal,India,2025-04-11,Occasional
5255,Oni Yadav,customer5255@example.com,Delhi,Delhi,India,2025-05-25,Occasional
5256,Nidhi Lad,customer5256@example.com,Bhopal,Madhya Pradesh,India,2021-03-14,New
5257,Guneet Chaudhuri,customer5257@example.com,Hyderabad,Telangana,India,2021-02-26,Regular
5258,Gavin Dyal,customer5258@example.com,Coimbatore,Tamil Nadu,India,2021-05-16,Regular
5259,Rohan Mallick,customer5259@example.com,Vijayawada,Andhra Pradesh,India,2024-02-27,Occasional
5260,Yug Balan,customer5260@example.com,Chennai,Tamil Nadu,India,2021-09-13,Regular
5261,Charan Mukhopadhyay,customer5261@example.com,Jaipur,Rajasthan,India,2022-01-04,Occasional
5262,Aayush Khatri,customer5262@example.com,Coimbatore,Tamil Nadu,India,2025-06-29,Regular
5263,Harish Tiwari,customer5263@example.com,Delhi,Delhi,India,2025-03-24,Occasional
5264,Dalbir Jain,customer5264@example.com,Hyderabad,Telangana,India,2024-04-11,New
5265,Saksham Cheema,customer5265@example.com,Coimbatore,Tamil Nadu,India,2022-05-22,Regular
5266,Faris Chakraborty,customer5266@example.com,Visakhapatnam,Andhra Pradesh,India,2024-10-19,Regular
5267,Agastya Kadakia,customer5267@example.com,Hyderabad,Telangana,India,2023-05-08,New
5268,Jackson Khosla,customer5268@example.com,Vijayawada,Andhra Pradesh,India,2023-07-15,Regular
5269,Hardik Shukla,customer5269@example.com,Kolkata,West Bengal,India,2021-11-29,Regular
5270,Chakradev Cheema,customer5270@example.com,Kolkata,West Bengal,India,2025-09-20,Regular
5271,Isha Behl,customer5271@example.com,Jaipur,Rajasthan,India,2024-04-20,Occasional
5272,Guneet Mane,customer5272@example.com,Pune,Maharashtra,India,2025-04-26,Regular
5273,Janya Andra,customer5273@example.com,Bhopal,Madhya Pradesh,India,2024-12-20,New
5274,Samesh Sarma,customer5274@example.com,Kolkata,West Bengal,India,2022-01-10,New
5275,Geetika Wagle,customer5275@example.com,Coimbatore,Tamil Nadu,India,2023-11-25,Occasional
5276,Arin Sodhi,customer5276@example.com,Warangal,Telangana,India,2022-05-30,Occasional
5277,Aarush Sinha,customer5277@example.com,Mumbai,Maharashtra,India,2022-06-02,Regular
5278,Daksh Karan,customer5278@example.com,Vijayawada,Andhra Pradesh,India,2022-03-04,Premium
5279,Ojasvi Cherian,customer5279@example.com,Ahmedabad,Gujarat,India,2024-12-24,Occasional
5280,Yauvani Choudhry,customer5280@example.com,Kochi,Kerala,India,2024-08-18,Occasional
5281,Kai Jain,customer5281@example.com,Ahmedabad,Gujarat,India,2024-12-31,Premium
5282,Vasana Swaminathan,customer5282@example.com,Kolkata,West Bengal,India,2024-04-08,Occasional
5283,Vedhika Nigam,customer5283@example.com,Mumbai,Maharashtra,India,2022-01-10,Occasional
5284,Sara Saini,customer5284@example.com,Ahmedabad,Gujarat,India,2022-12-06,New
5285,Abhimanyu Gopal,customer5285@example.com,Kolkata,West Bengal,India,2025-10-05,Regular
5286,Jeevika Pandey,customer5286@example.com,Kolkata,West Bengal,India,2023-06-11,New
5287,Alexander Gara,customer5287@example.com,Kolkata,West Bengal,India,2024-12-17,Occasional
5288,Rishi Deshmukh,customer5288@example.com,Chennai,Tamil Nadu,India,2023-03-10,Regular
5289,Quincy Gaba,customer5289@example.com,Bengaluru,Karnataka,India,2022-10-25,Occasional
5290,Baljiwan Rajagopalan,customer5290@example.com,Visakhapatnam,Andhra Pradesh,India,2022-01-13,Occasional
5291,Tamanna Lad,customer5291@example.com,Warangal,Telangana,India,2024-04-03,Regular
5292,Anmol Ramachandran,customer5292@example.com,Vijayawada,Andhra Pradesh,India,2024-05-22,Premium
5293,Dominic Sarkar,customer5293@example.com,Bhopal,Madhya Pradesh,India,2024-10-06,New
5294,Janya Dhar,customer5294@example.com,Bhopal,Madhya Pradesh,India,2022-01-03,Regular
5295,Christopher D’Alia,customer5295@example.com,Mumbai,Maharashtra,India,2021-10-05,Regular
5296,Maanav Rama,customer5296@example.com,Mumbai,Maharashtra,India,2024-06-17,Occasional
5297,Varsha Andra,customer5297@example.com,Bhopal,Madhya Pradesh,India,2021-08-14,Occasional
5298,Januja Batra,customer5298@example.com,Visakhapatnam,Andhra Pradesh,India,2022-11-08,Premium
5299,Naksh Manda,customer5299@example.com,Ahmedabad,Gujarat,India,2025-06-12,Regular
5300,Tristan Devan,customer5300@example.com,Kolkata,West Bengal,India,2022-10-21,Premium
5301,Yahvi Bhatti,customer5301@example.com,Vijayawada,Andhra Pradesh,India,2023-06-16,Regular
5302,Advaith Mitra,customer5302@example.com,Chennai,Tamil Nadu,India,2022-11-16,New
5303,Falan Aurora,customer5303@example.com,Kochi,Kerala,India,2021-11-29,New
5304,Chakradhar Din,customer5304@example.com,Warangal,Telangana,India,2023-09-10,Regular
5305,Ekavir Purohit,customer5305@example.com,Delhi,Delhi,India,2021-11-10,New
5306,Lipika Mannan,customer5306@example.com,Vijayawada,Andhra Pradesh,India,2025-01-19,Occasional
5307,Vihaan Narayan,customer5307@example.com,Delhi,Delhi,India,2024-06-10,Occasional
5308,Gautam Chander,customer5308@example.com,Kochi,Kerala,India,2022-12-24,Regular
5309,Anay Dani,customer5309@example.com,Coimbatore,Tamil Nadu,India,2021-01-10,Regular
5310,Osha Lad,customer5310@example.com,Chennai,Tamil Nadu,India,2023-05-08,Regular
5311,Yashasvi Samra,customer5311@example.com,Warangal,Telangana,India,2022-04-29,Regular
5312,Urmi Koshy,customer5312@example.com,Warangal,Telangana,India,2022-01-15,Premium
5313,Ekani Choudhry,customer5313@example.com,Vijayawada,Andhra Pradesh,India,2025-09-11,Regular
5314,Saumya Tailor,customer5314@example.com,Chennai,Tamil Nadu,India,2022-03-02,Occasional
5315,Krish Kaur,customer5315@example.com,Warangal,Telangana,India,2023-10-21,Regular
5316,Yashawini Chaudhari,customer5316@example.com,Bengaluru,Karnataka,India,2024-03-02,Occasional
5317,Aashi Dubey,customer5317@example.com,Delhi,Delhi,India,2023-11-27,Regular
5318,Triya Dyal,customer5318@example.com,Hyderabad,Telangana,India,2024-03-15,Regular
5319,Anirudh Dube,customer5319@example.com,Jaipur,Rajasthan,India,2022-12-07,Regular
5320,Radhika Pingle,customer5320@example.com,Coimbatore,Tamil Nadu,India,2023-07-08,Regular
5321,Turvi Sidhu,customer5321@example.com,Delhi,Delhi,India,2023-05-21,Regular
5322,Ishita Bhattacharyya,customer5322@example.com,Pune,Maharashtra,India,2022-03-16,Occasional
5323,Avi Sharma,customer5323@example.com,Bhopal,Madhya Pradesh,India,2024-10-03,Occasional
5324,Xiti Sheth,customer5324@example.com,Ahmedabad,Gujarat,India,2022-09-25,Occasional
5325,Leena Lall,customer5325@example.com,Jaipur,Rajasthan,India,2022-01-16,Regular
5326,Vasana Bhat,customer5326@example.com,Delhi,Delhi,India,2025-02-02,Premium
5327,Vidhi Nadkarni,customer5327@example.com,Coimbatore,Tamil Nadu,India,2022-11-04,Regular
5328,Amol Grewal,customer5328@example.com,Bengaluru,Karnataka,India,2023-08-12,Occasional
5329,Elijah Mitra,customer5329@example.com,Mumbai,Maharashtra,India,2024-10-06,Occasional
5330,Tripti Golla,customer5330@example.com,Kolkata,West Bengal,India,2025-04-13,Occasional
5331,Neel Gera,customer5331@example.com,Bengaluru,Karnataka,India,2024-04-05,Regular
5332,Meera Wable,customer5332@example.com,Bengaluru,Karnataka,India,2023-10-30,Occasional
5333,Shravya Grewal,customer5333@example.com,Coimbatore,Tamil Nadu,India,2024-06-05,Occasional
5334,Chakradev Sen,customer5334@example.com,Vijayawada,Andhra Pradesh,India,2025-09-21,Premium
5335,Zashil Deshpande,customer5335@example.com,Pune,Maharashtra,India,2024-07-18,Regular
5336,Krishna Jhaveri,customer5336@example.com,Vijayawada,Andhra Pradesh,India,2021-02-01,Premium
5337,Ekansh Jhaveri,customer5337@example.com,Coimbatore,Tamil Nadu,India,2022-03-23,Occasional
5338,Nandini Soni,customer5338@example.com,Kolkata,West Bengal,India,2023-11-17,Regular
5339,Ishita Dass,customer5339@example.com,Chennai,Tamil Nadu,India,2024-07-21,Regular
5340,Yamini Soman,customer5340@example.com,Vijayawada,Andhra Pradesh,India,2022-11-08,New
5341,Ayushman Lall,customer5341@example.com,Hyderabad,Telangana,India,2021-06-11,New
5342,Vivaan Goda,customer5342@example.com,Pune,Maharashtra,India,2025-05-26,Regular
5343,Kamala Keer,customer5343@example.com,Vijayawada,Andhra Pradesh,India,2021-06-28,Regular
5344,Idika Bal,customer5344@example.com,Vijayawada,Andhra Pradesh,India,2023-03-18,New
5345,Urvi Iyengar,customer5345@example.com,Chennai,Tamil Nadu,India,2025-06-19,Occasional
5346,Fiyaz Narang,customer5346@example.com,Hyderabad,Telangana,India,2025-11-30,New
5347,Aarini Andra,customer5347@example.com,Kochi,Kerala,India,2024-10-28,Regular
5348,Ekanta Sabharwal,customer5348@example.com,Kolkata,West Bengal,India,2023-09-04,Occasional
5349,Urvi Tella,customer5349@example.com,Mumbai,Maharashtra,India,2024-10-30,New
5350,Harinakshi Padmanabhan,customer5350@example.com,Visakhapatnam,Andhra Pradesh,India,2024-12-10,New
5351,Rajata Bose,customer5351@example.com,Bengaluru,Karnataka,India,2023-03-03,New
5352,Wyatt Vyas,customer5352@example.com,Ahmedabad,Gujarat,India,2025-12-28,Regular
5353,Pratyush Sood,customer5353@example.com,Delhi,Delhi,India,2023-03-18,Occasional
5354,Kalpit Shah,customer5354@example.com,Pune,Maharashtra,India,2022-10-15,Occasional
5355,Darpan Goda,customer5355@example.com,Delhi,Delhi,India,2022-10-03,Premium
5356,Vasatika Chauhan,customer5356@example.com,Vijayawada,Andhra Pradesh,India,2022-06-30,Regular
5357,Ucchal Prabhakar,customer5357@example.com,Vijayawada,Andhra Pradesh,India,2021-11-27,New
5358,Jai Swamy,customer5358@example.com,Vijayawada,Andhra Pradesh,India,2025-03-03,Occasional
5359,Nitesh Bhandari,customer5359@example.com,Delhi,Delhi,India,2021-11-28,Premium
5360,Kamya Comar,customer5360@example.com,Pune,Maharashtra,India,2023-07-05,Occasional
5361,Netra Kaul,customer5361@example.com,Jaipur,Rajasthan,India,2023-06-17,Occasional
5362,Parth Chawla,customer5362@example.com,Hyderabad,Telangana,India,2021-04-11,Occasional
5363,Sarthak Gola,customer5363@example.com,Vijayawada,Andhra Pradesh,India,2024-08-12,Regular
5364,Pranit Sachdev,customer5364@example.com,Visakhapatnam,Andhra Pradesh,India,2022-08-05,Regular
5365,Girish Lata,customer5365@example.com,Bengaluru,Karnataka,India,2025-11-02,Regular
5366,Amruta Tandon,customer5366@example.com,Kolkata,West Bengal,India,2022-07-27,Regular
5367,Pahal Bakshi,customer5367@example.com,Bengaluru,Karnataka,India,2021-08-29,Regular
5368,Ucchal Bahl,customer5368@example.com,Kochi,Kerala,India,2021-08-10,Occasional
5369,Mugdha Hari,customer5369@example.com,Vijayawada,Andhra Pradesh,India,2022-11-03,Occasional
5370,Hema Apte,customer5370@example.com,Pune,Maharashtra,India,2024-10-16,Occasional
5371,Rushil Joshi,customer5371@example.com,Jaipur,Rajasthan,India,2021-04-13,Premium
5372,Tara Goswami,customer5372@example.com,Kochi,Kerala,India,2022-07-28,New
5373,Krisha Kapur,customer5373@example.com,Bengaluru,Karnataka,India,2023-02-28,Regular
5374,Nathaniel Mallick,customer5374@example.com,Delhi,Delhi,India,2021-12-18,Occasional
5375,Wyatt Ahluwalia,customer5375@example.com,Bengaluru,Karnataka,India,2024-10-10,New
5376,Bachittar Rao,customer5376@example.com,Warangal,Telangana,India,2025-08-05,Regular
5377,Darsh Dugar,customer5377@example.com,Kolkata,West Bengal,India,2023-10-08,Regular
5378,Ikbal Kanda,customer5378@example.com,Hyderabad,Telangana,India,2023-12-23,Premium
5379,Turvi Dugar,customer5379@example.com,Ahmedabad,Gujarat,India,2022-11-30,Occasional
5380,Gagan Dutta,customer5380@example.com,Jaipur,Rajasthan,India,2025-03-13,Regular
5381,Lila Kapadia,customer5381@example.com,Bengaluru,Karnataka,India,2025-11-14,Regular
5382,Chanchal Sanghvi,customer5382@example.com,Delhi,Delhi,India,2023-12-18,Regular
5383,Qushi Saini,customer5383@example.com,Warangal,Telangana,India,2021-07-04,Regular
5384,Garima Garg,customer5384@example.com,Kolkata,West Bengal,India,2024-11-07,Regular
5385,Daksha Parekh,customer5385@example.com,Jaipur,Rajasthan,India,2024-11-10,New
5386,Alka Prakash,customer5386@example.com,Visakhapatnam,Andhra Pradesh,India,2022-10-01,Occasional
5387,Aadi Tiwari,customer5387@example.com,Kochi,Kerala,India,2021-03-14,Occasional
5388,Charvi Agate,customer5388@example.com,Kochi,Kerala,India,2025-08-24,Occasional
5389,Januja Sachar,customer5389@example.com,Warangal,Telangana,India,2024-07-24,Occasional
5390,Chaitanya Anne,customer5390@example.com,Coimbatore,Tamil Nadu,India,2021-03-09,Occasional
5391,Chakradhar Gandhi,customer5391@example.com,Delhi,Delhi,India,2021-11-17,Regular
5392,Kamya Mistry,customer5392@example.com,Visakhapatnam,Andhra Pradesh,India,2022-08-02,Regular
5393,Ati Lad,customer5393@example.com,Hyderabad,Telangana,India,2023-01-11,Premium
5394,Umang Ghose,customer5394@example.com,Warangal,Telangana,India,2025-08-12,Premium
5395,Reyansh Kota,customer5395@example.com,Visakhapatnam,Andhra Pradesh,India,2022-05-03,Occasional
5396,Abeer Ganesh,customer5396@example.com,Ahmedabad,Gujarat,India,2022-10-03,Regular
5397,Ekalinga Baria,customer5397@example.com,Jaipur,Rajasthan,India,2023-01-31,Regular
5398,Garima Padmanabhan,customer5398@example.com,Jaipur,Rajasthan,India,2022-04-24,Regular
5399,Upkaar Nazareth,customer5399@example.com,Vijayawada,Andhra Pradesh,India,2021-07-04,Occasional
5400,Bahadurjit Kara,customer5400@example.com,Kochi,Kerala,India,2023-06-01,Regular
5401,Sathvik Hari,customer5401@example.com,Delhi,Delhi,India,2024-06-11,Regular
5402,Nicholas Menon,customer5402@example.com,Visakhapatnam,Andhra Pradesh,India,2023-02-03,Occasional
5403,Nihal Sandhu,customer5403@example.com,Mumbai,Maharashtra,India,2023-02-05,Regular
5404,Avi Palan,customer5404@example.com,Warangal,Telangana,India,2022-02-15,Regular
5405,Jason Date,customer5405@example.com,Vijayawada,Andhra Pradesh,India,2025-10-20,New
5406,Gautam Edwin,customer5406@example.com,Kochi,Kerala,India,2023-04-18,Regular
5407,Sachi Nath,customer5407@example.com,Delhi,Delhi,India,2025-12-07,Occasional
5408,Krish Bhalla,customer5408@example.com,Hyderabad,Telangana,India,2024-05-05,Regular
5409,Xavier Taneja,customer5409@example.com,Coimbatore,Tamil Nadu,India,2022-01-02,Regular
5410,Faqid Srivastava,customer5410@example.com,Kochi,Kerala,India,2024-06-01,Regular
5411,Kamya Mall,customer5411@example.com,Warangal,Telangana,India,2024-11-29,Regular
5412,Alexander Rajagopalan,customer5412@example.com,Jaipur,Rajasthan,India,2022-05-13,Regular
5413,Girik Jani,customer5413@example.com,Coimbatore,Tamil Nadu,India,2022-07-21,Occasional
5414,Guneet Deo,customer5414@example.com,Warangal,Telangana,India,2024-10-24,Occasional
5415,Sanya Borra,customer5415@example.com,Chennai,Tamil Nadu,India,2022-07-16,New
5416,Vasatika Pradhan,customer5416@example.com,Bhopal,Madhya Pradesh,India,2022-12-13,Premium
5417,Kabir Sampath,customer5417@example.com,Coimbatore,Tamil Nadu,India,2022-12-23,Regular
5418,Eiravati Dora,customer5418@example.com,Bengaluru,Karnataka,India,2023-05-02,Premium
5419,Zayan Rajagopal,customer5419@example.com,Kolkata,West Bengal,India,2025-04-30,Occasional
5420,Atharv Sandal,customer5420@example.com,Warangal,Telangana,India,2021-11-16,Premium
5421,Veer Bala,customer5421@example.com,Jaipur,Rajasthan,India,2022-01-10,Regular
5422,Amruta Murty,customer5422@example.com,Bengaluru,Karnataka,India,2021-01-15,Premium
5423,Darsh Halder,customer5423@example.com,Mumbai,Maharashtra,India,2022-03-03,Occasional
5424,Dev Pandya,customer5424@example.com,Hyderabad,Telangana,India,2022-06-01,Premium
5425,Isha Anne,customer5425@example.com,Warangal,Telangana,India,2022-12-17,Regular
5426,Anika Kadakia,customer5426@example.com,Pune,Maharashtra,India,2023-09-15,New
5427,Henry Mistry,customer5427@example.com,Bengaluru,Karnataka,India,2022-03-10,Regular
5428,Zansi Sathe,customer5428@example.com,Visakhapatnam,Andhra Pradesh,India,2023-01-09,Premium
5429,Logan Lal,customer5429@example.com,Mumbai,Maharashtra,India,2025-02-16,Premium
5430,Kavya Krishnamurthy,customer5430@example.com,Ahmedabad,Gujarat,India,2024-12-19,New
5431,Girik Thaker,customer5431@example.com,Mumbai,Maharashtra,India,2022-02-12,Occasional
5432,Aachal Nagy,customer5432@example.com,Kolkata,West Bengal,India,2025-08-22,Premium
5433,Pranit Amble,customer5433@example.com,Kolkata,West Bengal,India,2025-08-04,Occasional
5434,Waida Barman,customer5434@example.com,Ahmedabad,Gujarat,India,2023-07-29,New
5435,Lavanya Issac,customer5435@example.com,Pune,Maharashtra,India,2024-09-02,Regular
5436,Onkar Sani,customer5436@example.com,Ahmedabad,Gujarat,India,2022-10-12,Regular
5437,Ishita Bhandari,customer5437@example.com,Warangal,Telangana,India,2024-01-06,Occasional
5438,Unni Mann,customer5438@example.com,Hyderabad,Telangana,India,2022-05-31,Regular
5439,Dakshesh Venkatesh,customer5439@example.com,Chennai,Tamil Nadu,India,2024-09-08,Premium
5440,Rehaan Garg,customer5440@example.com,Coimbatore,Tamil Nadu,India,2023-11-03,Occasional
5441,Vanya Deshmukh,customer5441@example.com,Bengaluru,Karnataka,India,2023-09-24,Regular
5442,Andrew Trivedi,customer5442@example.com,Chennai,Tamil Nadu,India,2024-06-10,Regular
5443,Vasatika Dass,customer5443@example.com,Mumbai,Maharashtra,India,2023-04-07,Premium
5444,Janani Mody,customer5444@example.com,Jaipur,Rajasthan,India,2025-12-21,Regular
5445,Kashvi Buch,customer5445@example.com,Ahmedabad,Gujarat,India,2022-11-05,Regular
5446,Om Dutt,customer5446@example.com,Delhi,Delhi,India,2025-12-25,Regular
5447,Inaya Anand,customer5447@example.com,Bengaluru,Karnataka,India,2022-06-21,Regular
5448,Ira Ravi,customer5448@example.com,Warangal,Telangana,India,2021-11-27,New
5449,Sanya Gera,customer5449@example.com,Visakhapatnam,Andhra Pradesh,India,2022-06-06,Regular
5450,Ranbir Krishnamurthy,customer5450@example.com,Vijayawada,Andhra Pradesh,India,2025-09-13,Premium
5451,Gautam Gara,customer5451@example.com,Chennai,Tamil Nadu,India,2022-07-15,Premium
5452,Anusha Chahal,customer5452@example.com,Vijayawada,Andhra Pradesh,India,2022-05-20,Regular
5453,Advay Arya,customer5453@example.com,Visakhapatnam,Andhra Pradesh,India,2023-06-13,Occasional
5454,Onkar Sawhney,customer5454@example.com,Chennai,Tamil Nadu,India,2024-07-21,Occasional
5455,Nimrat Rastogi,customer5455@example.com,Jaipur,Rajasthan,India,2021-05-04,Occasional
5456,Hema Ben,customer5456@example.com,Coimbatore,Tamil Nadu,India,2021-01-01,Regular
5457,Qushi Hari,customer5457@example.com,Bengaluru,Karnataka,India,2025-12-10,Regular
5458,Vansha Mane,customer5458@example.com,Bengaluru,Karnataka,India,2022-07-30,Regular
5459,Vincent Borde,customer5459@example.com,Kochi,Kerala,India,2021-05-03,Regular
5460,Theodore Korpal,customer5460@example.com,Hyderabad,Telangana,India,2021-06-05,New
5461,Peter Desai,customer5461@example.com,Chennai,Tamil Nadu,India,2024-02-26,Premium
5462,Ubika Chander,customer5462@example.com,Warangal,Telangana,India,2022-05-14,Regular
5463,Lavanya Ahluwalia,customer5463@example.com,Visakhapatnam,Andhra Pradesh,India,2021-09-27,Regular
5464,Ansh Wadhwa,customer5464@example.com,Warangal,Telangana,India,2021-05-26,Regular
5465,Vedika Barad,customer5465@example.com,Warangal,Telangana,India,2022-03-23,Regular
5466,Avni Ratta,customer5466@example.com,Pune,Maharashtra,India,2023-09-23,Occasional
5467,Christopher Som,customer5467@example.com,Bengaluru,Karnataka,India,2021-12-11,Occasional
5468,Mahika Manda,customer5468@example.com,Chennai,Tamil Nadu,India,2024-09-16,Regular
5469,Advaith Aurora,customer5469@example.com,Warangal,Telangana,India,2022-11-10,Regular
5470,Vedant Sheth,customer5470@example.com,Chennai,Tamil Nadu,India,2025-11-14,Regular
5471,Anika Sampath,customer5471@example.com,Warangal,Telangana,India,2022-06-23,Occasional
5472,Pavani Din,customer5472@example.com,Warangal,Telangana,India,2021-10-08,Regular
5473,Samesh Hora,customer5473@example.com,Vijayawada,Andhra Pradesh,India,2022-11-24,Occasional
5474,Advik Lad,customer5474@example.com,Jaipur,Rajasthan,India,2024-06-28,Occasional
5475,Radhika Mistry,customer5475@example.com,Kolkata,West Bengal,India,2023-05-30,Premium
5476,Hardik Ramachandran,customer5476@example.com,Pune,Maharashtra,India,2022-03-03,Occasional
5477,Bhavna Dada,customer5477@example.com,Coimbatore,Tamil Nadu,India,2023-12-21,Regular
5478,Pranav Shetty,customer5478@example.com,Mumbai,Maharashtra,India,2022-09-03,Regular
5479,Janaki Sood,customer5479@example.com,Bhopal,Madhya Pradesh,India,2024-12-30,Premium
5480,Pahal Joshi,customer5480@example.com,Pune,Maharashtra,India,2024-07-29,New
5481,Pranit Bath,customer5481@example.com,Delhi,Delhi,India,2023-02-19,Regular
5482,Ekaraj Solanki,customer5482@example.com,Kochi,Kerala,India,2023-05-12,Occasional
5483,Harish Vaidya,customer5483@example.com,Kochi,Kerala,India,2023-10-16,Regular
5484,Anmol Chadha,customer5484@example.com,Jaipur,Rajasthan,India,2025-09-07,Occasional
5485,Orinder Mistry,customer5485@example.com,Delhi,Delhi,India,2025-03-17,Regular
5486,Om Mangat,customer5486@example.com,Bengaluru,Karnataka,India,2022-07-22,Regular
5487,Sai Morar,customer5487@example.com,Visakhapatnam,Andhra Pradesh,India,2025-10-07,Regular
5488,Faras Taneja,customer5488@example.com,Bengaluru,Karnataka,India,2023-04-09,Occasional
5489,Amruta Pai,customer5489@example.com,Bengaluru,Karnataka,India,2022-06-07,Regular
5490,Ronith Thaker,customer5490@example.com,Vijayawada,Andhra Pradesh,India,2024-08-23,Regular
5491,Saumya Apte,customer5491@example.com,Bhopal,Madhya Pradesh,India,2024-04-22,Occasional
5492,Chaaya Wason,customer5492@example.com,Pune,Maharashtra,India,2022-05-30,Occasional
5493,Kritika Devan,customer5493@example.com,Chennai,Tamil Nadu,India,2024-02-23,Occasional
5494,Avni Sibal,customer5494@example.com,Delhi,Delhi,India,2024-07-22,Occasional
5495,Zaitra Saraf,customer5495@example.com,Bengaluru,Karnataka,India,2022-06-22,Regular
5496,Advik Aggarwal,customer5496@example.com,Pune,Maharashtra,India,2023-04-08,Occasional
5497,Xiti Nazareth,customer5497@example.com,Ahmedabad,Gujarat,India,2023-11-19,Regular
5498,Amrita Ghosh,customer5498@example.com,Delhi,Delhi,India,2023-08-31,Regular
5499,Arya Keer,customer5499@example.com,Vijayawada,Andhra Pradesh,India,2021-10-11,Occasional
5500,Bachittar Kannan,customer5500@example.com,Coimbatore,Tamil Nadu,India,2023-09-26,Regular
5501,Adweta Sane,customer5501@example.com,Visakhapatnam,Andhra Pradesh,India,2025-01-21,Occasional
5502,Vrinda Roy,customer5502@example.com,Mumbai,Maharashtra,India,2021-06-05,Regular
5503,Tristan Shah,customer5503@example.com,Pune,Maharashtra,India,2021-10-19,Occasional
5504,Anya Kala,customer5504@example.com,Visakhapatnam,Andhra Pradesh,India,2025-04-19,Premium
5505,Meghana Prashad,customer5505@example.com,Vijayawada,Andhra Pradesh,India,2024-11-20,Regular
5506,Indali Sagar,customer5506@example.com,Warangal,Telangana,India,2021-09-13,Regular
5507,Unni Deep,customer5507@example.com,Hyderabad,Telangana,India,2023-03-08,Premium
5508,Netra Bhavsar,customer5508@example.com,Mumbai,Maharashtra,India,2024-04-19,Regular
5509,Gagan Venkataraman,customer5509@example.com,Kolkata,West Bengal,India,2024-02-17,Occasional
5510,Darpan Dixit,customer5510@example.com,Hyderabad,Telangana,India,2024-03-04,New
5511,Ojas Choudhary,customer5511@example.com,Delhi,Delhi,India,2024-11-07,Occasional
5512,Gaurika Baria,customer5512@example.com,Bhopal,Madhya Pradesh,India,2021-02-04,Occasional
5513,Anmol Mannan,customer5513@example.com,Kolkata,West Bengal,India,2024-11-12,Regular
5514,Nisha Sangha,customer5514@example.com,Visakhapatnam,Andhra Pradesh,India,2023-01-04,New
5515,Balhaar Kari,customer5515@example.com,Bhopal,Madhya Pradesh,India,2021-04-14,Regular
5516,Amara Sandal,customer5516@example.com,Warangal,Telangana,India,2023-02-10,Regular
5517,Siddharth Bala,customer5517@example.com,Jaipur,Rajasthan,India,2025-05-02,Regular
5518,Ria Kakar,customer5518@example.com,Coimbatore,Tamil Nadu,India,2024-05-16,Occasional
5519,Urishilla Dara,customer5519@example.com,Vijayawada,Andhra Pradesh,India,2021-03-11,Regular
5520,Qadim Goswami,customer5520@example.com,Ahmedabad,Gujarat,India,2025-08-30,Occasional
5521,Vaishnavi Mand,customer5521@example.com,Chennai,Tamil Nadu,India,2024-07-30,New
5522,Yauvani Seth,customer5522@example.com,Visakhapatnam,Andhra Pradesh,India,2021-09-10,New
5523,Falguni Kamdar,customer5523@example.com,Coimbatore,Tamil Nadu,India,2025-04-28,New
5524,Chakradhar Ram,customer5524@example.com,Ahmedabad,Gujarat,India,2025-04-10,Occasional
5525,Oeshi Jayaraman,customer5525@example.com,Hyderabad,Telangana,India,2025-01-02,Regular
5526,Yutika Thakur,customer5526@example.com,Bengaluru,Karnataka,India,2023-08-05,Occasional
5527,Arjun Murty,customer5527@example.com,Bhopal,Madhya Pradesh,India,2025-02-05,Occasional
5528,Chasmum Devi,customer5528@example.com,Bhopal,Madhya Pradesh,India,2023-09-30,Regular
5529,Tamanna Bhargava,customer5529@example.com,Warangal,Telangana,India,2022-03-08,Regular
5530,Faras Ratti,customer5530@example.com,Bengaluru,Karnataka,India,2023-03-27,Regular
5531,Niharika Raman,customer5531@example.com,Hyderabad,Telangana,India,2024-10-07,Regular
5532,Darsh Boase,customer5532@example.com,Delhi,Delhi,India,2022-10-02,Regular
5533,Alexander Som,customer5533@example.com,Warangal,Telangana,India,2024-06-03,Regular
5534,Yashodhara Buch,customer5534@example.com,Visakhapatnam,Andhra Pradesh,India,2022-08-19,Regular
5535,Vritti Dar,customer5535@example.com,Ahmedabad,Gujarat,India,2025-10-27,Occasional
5536,Omya Naidu,customer5536@example.com,Coimbatore,Tamil Nadu,India,2025-10-12,Premium
5537,Ubika Chana,customer5537@example.com,Mumbai,Maharashtra,India,2022-09-27,Regular
5538,Pallavi Morar,customer5538@example.com,Mumbai,Maharashtra,India,2024-11-22,Regular
5539,Nidhi Manne,customer5539@example.com,Vijayawada,Andhra Pradesh,India,2023-03-27,Regular
5540,Samuel Wason,customer5540@example.com,Delhi,Delhi,India,2022-05-06,Regular
5541,Wazir Narain,customer5541@example.com,Mumbai,Maharashtra,India,2022-12-30,New
5542,Isaiah Mandal,customer5542@example.com,Visakhapatnam,Andhra Pradesh,India,2023-07-29,Regular
5543,Shivani Bala,customer5543@example.com,Bhopal,Madhya Pradesh,India,2024-01-20,Premium
5544,Devansh Oak,customer5544@example.com,Kolkata,West Bengal,India,2024-03-27,Occasional
5545,Ranveer Agate,customer5545@example.com,Coimbatore,Tamil Nadu,India,2025-08-01,Regular
5546,Nicholas Magar,customer5546@example.com,Pune,Maharashtra,India,2024-02-17,Premium
5547,Yatan Bhagat,customer5547@example.com,Kolkata,West Bengal,India,2022-12-22,Regular
5548,Unnati Yohannan,customer5548@example.com,Pune,Maharashtra,India,2022-04-01,Premium
5549,Urishilla Thakkar,customer5549@example.com,Pune,Maharashtra,India,2021-12-13,Occasional
5550,Krisha Madan,customer5550@example.com,Bengaluru,Karnataka,India,2021-01-18,Regular
5551,Hemal Wable,customer5551@example.com,Hyderabad,Telangana,India,2022-11-21,Premium
5552,Harshil Raghavan,customer5552@example.com,Kolkata,West Bengal,India,2025-12-07,Regular
5553,Yasti Chander,customer5553@example.com,Ahmedabad,Gujarat,India,2023-02-24,Regular
5554,Ryan Sen,customer5554@example.com,Bengaluru,Karnataka,India,2023-10-18,Regular
5555,Vamakshi Bhagat,customer5555@example.com,Bhopal,Madhya Pradesh,India,2021-05-25,Regular
5556,Chanchal Basak,customer5556@example.com,Bengaluru,Karnataka,India,2022-04-30,Occasional
5557,Samar Balasubramanian,customer5557@example.com,Mumbai,Maharashtra,India,2024-10-18,Regular
5558,Zarna Bhatti,customer5558@example.com,Delhi,Delhi,India,2025-05-14,Regular
5559,Neelima Doctor,customer5559@example.com,Pune,Maharashtra,India,2024-11-12,Regular
5560,Oeshi Ghosh,customer5560@example.com,Bengaluru,Karnataka,India,2025-07-01,Regular
5561,Eta Balan,customer5561@example.com,Mumbai,Maharashtra,India,2023-07-09,Premium
5562,Manan Varty,customer5562@example.com,Kolkata,West Bengal,India,2021-03-01,Occasional
5563,Qarin Sibal,customer5563@example.com,Kolkata,West Bengal,India,2025-04-27,Regular
5564,Faqid Saini,customer5564@example.com,Pune,Maharashtra,India,2023-05-07,Occasional
5565,Pallavi Chowdhury,customer5565@example.com,Hyderabad,Telangana,India,2025-08-05,Regular
5566,Onveer Sodhi,customer5566@example.com,Coimbatore,Tamil Nadu,India,2024-04-10,Occasional
5567,Kevin Aurora,customer5567@example.com,Warangal,Telangana,India,2024-06-15,Regular
5568,Kiaan Badal,customer5568@example.com,Hyderabad,Telangana,India,2025-09-28,Premium
5569,Tanmayi Bhandari,customer5569@example.com,Delhi,Delhi,India,2023-01-16,Occasional
5570,Robert Lalla,customer5570@example.com,Bhopal,Madhya Pradesh,India,2022-06-29,Premium
5571,Tejas Nanda,customer5571@example.com,Visakhapatnam,Andhra Pradesh,India,2023-05-22,Regular
5572,Zehaan Natt,customer5572@example.com,Kolkata,West Bengal,India,2024-03-31,New
5573,Abeer Bumb,customer5573@example.com,Mumbai,Maharashtra,India,2025-06-10,Premium
5574,Chakrika Dhar,customer5574@example.com,Kolkata,West Bengal,India,2022-07-10,Regular
5575,Kashvi Kale,customer5575@example.com,Kochi,Kerala,India,2023-07-16,Occasional
5576,Gautam Dugal,customer5576@example.com,Bengaluru,Karnataka,India,2024-06-21,Regular
5577,Januja Kothari,customer5577@example.com,Kochi,Kerala,India,2022-11-24,Occasional
5578,Amaira Seth,customer5578@example.com,Delhi,Delhi,India,2021-01-28,Regular
5579,Zaid Puri,customer5579@example.com,Bhopal,Madhya Pradesh,India,2024-06-12,Occasional
5580,Kevin Memon,customer5580@example.com,Coimbatore,Tamil Nadu,India,2024-10-26,Regular
5581,Eesha Deol,customer5581@example.com,Warangal,Telangana,India,2023-01-23,New
5582,Indira Pant,customer5582@example.com,Kochi,Kerala,India,2023-08-16,Premium
5583,Aadhya Thaker,customer5583@example.com,Bengaluru,Karnataka,India,2022-11-22,Regular
5584,Jhalak Mallick,customer5584@example.com,Hyderabad,Telangana,India,2021-09-03,Occasional
5585,Mugdha Magar,customer5585@example.com,Chennai,Tamil Nadu,India,2021-02-20,Premium
5586,Jagat Pandey,customer5586@example.com,Coimbatore,Tamil Nadu,India,2025-05-04,Regular
5587,Wishi Kothari,customer5587@example.com,Jaipur,Rajasthan,India,2025-11-06,Occasional
5588,Aradhana Ratta,customer5588@example.com,Delhi,Delhi,India,2025-05-28,Regular
5589,Rudra Datta,customer5589@example.com,Mumbai,Maharashtra,India,2024-07-01,Regular
5590,Balvan Raj,customer5590@example.com,Kochi,Kerala,India,2022-12-19,Regular
5591,Nikita Mander,customer5591@example.com,Jaipur,Rajasthan,India,2024-06-06,Regular
5592,Kai Pradhan,customer5592@example.com,Ahmedabad,Gujarat,India,2025-12-24,Regular
5593,Vedhika Ghosh,customer5593@example.com,Mumbai,Maharashtra,India,2025-12-12,Occasional
5594,Aahana Grewal,customer5594@example.com,Coimbatore,Tamil Nadu,India,2022-02-24,Regular
5595,Qarin Gandhi,customer5595@example.com,Vijayawada,Andhra Pradesh,India,2025-06-18,Regular
5596,Advay Rajagopalan,customer5596@example.com,Coimbatore,Tamil Nadu,India,2024-06-30,Regular
5597,Elijah Setty,customer5597@example.com,Kolkata,West Bengal,India,2024-07-19,Occasional
5598,Peter Gulati,customer5598@example.com,Kochi,Kerala,India,2025-11-04,Premium
5599,Mohammed Kota,customer5599@example.com,Vijayawada,Andhra Pradesh,India,2023-12-08,Regular
5600,Vansha Ratta,customer5600@example.com,Bengaluru,Karnataka,India,2022-11-01,Regular
5601,Warhi Seshadri,customer5601@example.com,Coimbatore,Tamil Nadu,India,2025-09-24,Regular
5602,Radha Arora,customer5602@example.com,Visakhapatnam,Andhra Pradesh,India,2022-08-05,Premium
5603,Yatin Kumar,customer5603@example.com,Warangal,Telangana,India,2023-07-25,Premium
5604,Chandran Virk,customer5604@example.com,Hyderabad,Telangana,India,2025-06-20,Regular
5605,Girish Narang,customer5605@example.com,Chennai,Tamil Nadu,India,2023-02-21,New
5606,Frado Dubey,customer5606@example.com,Delhi,Delhi,India,2022-09-14,Premium
5607,Advaith Balan,customer5607@example.com,Chennai,Tamil Nadu,India,2022-01-27,Premium
5608,Bimala Mishra,customer5608@example.com,Hyderabad,Telangana,India,2021-01-14,Regular
5609,Mohini Din,customer5609@example.com,Ahmedabad,Gujarat,India,2021-06-04,Regular
5610,Utkarsh Bandi,customer5610@example.com,Visakhapatnam,Andhra Pradesh,India,2021-07-29,New
5611,Teerth Mital,customer5611@example.com,Chennai,Tamil Nadu,India,2023-06-03,Regular
5612,Samarth Varty,customer5612@example.com,Kolkata,West Bengal,India,2022-01-03,Premium
5613,Ekanta Doshi,customer5613@example.com,Delhi,Delhi,India,2025-11-22,Regular
5614,Kevin Bali,customer5614@example.com,Mumbai,Maharashtra,India,2025-08-16,Premium
5615,Falak Rajagopal,customer5615@example.com,Pune,Maharashtra,India,2025-08-06,Regular
5616,Krishna Minhas,customer5616@example.com,Pune,Maharashtra,India,2023-07-13,Occasional
5617,Matthew Bhakta,customer5617@example.com,Chennai,Tamil Nadu,India,2021-02-05,Regular
5618,Vivaan Nayar,customer5618@example.com,Hyderabad,Telangana,India,2025-05-31,Regular
5619,Vedhika Sandhu,customer5619@example.com,Hyderabad,Telangana,India,2022-12-23,Premium
5620,Advika Rattan,customer5620@example.com,Vijayawada,Andhra Pradesh,India,2024-08-23,Regular
5621,Kala Ratti,customer5621@example.com,Mumbai,Maharashtra,India,2022-01-24,Regular
5622,Aayush Chada,customer5622@example.com,Bhopal,Madhya Pradesh,India,2025-07-17,Regular
5623,Yatan Agate,customer5623@example.com,Delhi,Delhi,India,2025-01-12,Regular
5624,Nilima Chaudhry,customer5624@example.com,Kolkata,West Bengal,India,2024-10-25,Regular
5625,Gauri Srinivasan,customer5625@example.com,Mumbai,Maharashtra,India,2025-06-23,Premium
5626,Abeer Mukherjee,customer5626@example.com,Visakhapatnam,Andhra Pradesh,India,2022-04-21,Premium
5627,Vritti Kurian,customer5627@example.com,Ahmedabad,Gujarat,India,2023-02-10,Occasional
5628,Eesha Kar,customer5628@example.com,Bengaluru,Karnataka,India,2022-01-10,Regular
5629,Vasatika Mutti,customer5629@example.com,Vijayawada,Andhra Pradesh,India,2021-08-14,Occasional
5630,Agastya Ben,customer5630@example.com,Vijayawada,Andhra Pradesh,India,2024-06-11,Occasional
5631,Warhi Hegde,customer5631@example.com,Ahmedabad,Gujarat,India,2025-03-22,Regular
5632,Watika Palla,customer5632@example.com,Chennai,Tamil Nadu,India,2022-06-11,Occasional
5633,Oni Chadha,customer5633@example.com,Chennai,Tamil Nadu,India,2021-07-12,Regular
5634,Chakradev Din,customer5634@example.com,Warangal,Telangana,India,2025-11-24,Occasional
5635,Rushil Varty,customer5635@example.com,Bengaluru,Karnataka,India,2023-11-03,Regular
5636,Shivansh Sharaf,customer5636@example.com,Jaipur,Rajasthan,India,2025-02-13,Premium
5637,Chanchal Gour,customer5637@example.com,Jaipur,Rajasthan,India,2021-05-06,New
5638,Anvi Sen,customer5638@example.com,Bhopal,Madhya Pradesh,India,2023-07-03,Occasional
5639,Anika Tak,customer5639@example.com,Chennai,Tamil Nadu,India,2023-06-10,Regular
5640,Sachi Warrior,customer5640@example.com,Kolkata,West Bengal,India,2024-09-01,New
5641,Umang Murty,customer5641@example.com,Warangal,Telangana,India,2024-07-16,New
5642,Upma Sachdev,customer5642@example.com,Jaipur,Rajasthan,India,2021-07-24,Regular
5643,Ekbal Sinha,customer5643@example.com,Vijayawada,Andhra Pradesh,India,2023-09-26,Regular
5644,Gaurav Subramanian,customer5644@example.com,Kochi,Kerala,India,2021-04-16,Regular
5645,Idika Brar,customer5645@example.com,Vijayawada,Andhra Pradesh,India,2023-01-13,Regular
5646,Leela Hans,customer5646@example.com,Bengaluru,Karnataka,India,2023-04-13,Regular
5647,Ethan Pandya,customer5647@example.com,Ahmedabad,Gujarat,India,2023-03-06,Occasional
5648,Hemangini Pal,customer5648@example.com,Bhopal,Madhya Pradesh,India,2025-05-01,Occasional
5649,Girish Nagi,customer5649@example.com,Coimbatore,Tamil Nadu,India,2025-08-20,Occasional
5650,Anika Ramanathan,customer5650@example.com,Ahmedabad,Gujarat,India,2024-11-04,New
5651,Jackson Rao,customer5651@example.com,Bhopal,Madhya Pradesh,India,2024-02-11,Regular
5652,Urvashi Agate,customer5652@example.com,Visakhapatnam,Andhra Pradesh,India,2021-05-26,Occasional
5653,Advay Korpal,customer5653@example.com,Bhopal,Madhya Pradesh,India,2021-06-07,Regular
5654,Eiravati Muni,customer5654@example.com,Kolkata,West Bengal,India,2021-02-09,Regular
5655,Andrew Kothari,customer5655@example.com,Bhopal,Madhya Pradesh,India,2021-12-31,New
5656,Pranav Bumb,customer5656@example.com,Kochi,Kerala,India,2025-08-24,Premium
5657,Shaurya Raja,customer5657@example.com,Jaipur,Rajasthan,India,2025-08-04,Regular
5658,Balveer Khare,customer5658@example.com,Bengaluru,Karnataka,India,2024-05-08,Regular
5659,Mohini Mallick,customer5659@example.com,Jaipur,Rajasthan,India,2025-05-16,Premium
5660,Advik Doshi,customer5660@example.com,Vijayawada,Andhra Pradesh,India,2021-03-07,Regular
5661,Nakul Nigam,customer5661@example.com,Coimbatore,Tamil Nadu,India,2024-05-02,Regular
5662,Barkha Sarkar,customer5662@example.com,Visakhapatnam,Andhra Pradesh,India,2021-10-09,Regular
5663,Warjas Oommen,customer5663@example.com,Ahmedabad,Gujarat,India,2022-10-05,New
5664,Ryan Bhakta,customer5664@example.com,Bengaluru,Karnataka,India,2024-07-21,Regular
5665,Charita Lall,customer5665@example.com,Ahmedabad,Gujarat,India,2022-08-13,Regular
5666,Rachana Sura,customer5666@example.com,Kochi,Kerala,India,2021-03-06,Regular
5667,Brijesh Ganguly,customer5667@example.com,Jaipur,Rajasthan,India,2021-05-13,Regular
5668,George Zachariah,customer5668@example.com,Bengaluru,Karnataka,India,2021-05-08,Premium
5669,Farhan Chanda,customer5669@example.com,Jaipur,Rajasthan,India,2023-05-27,Regular
5670,Madhavi Radhakrishnan,customer5670@example.com,Vijayawada,Andhra Pradesh,India,2022-09-13,Premium
5671,Gautami Yogi,customer5671@example.com,Bhopal,Madhya Pradesh,India,2021-11-08,Occasional
5672,Champak Oza,customer5672@example.com,Kolkata,West Bengal,India,2023-05-07,Regular
5673,Wridesh Grewal,customer5673@example.com,Vijayawada,Andhra Pradesh,India,2022-05-22,Regular
5674,Neha Bali,customer5674@example.com,Mumbai,Maharashtra,India,2022-01-06,Occasional
5675,Nathan Din,customer5675@example.com,Mumbai,Maharashtra,India,2023-07-07,Occasional
5676,Upkaar Singhal,customer5676@example.com,Ahmedabad,Gujarat,India,2021-02-26,Premium
5677,Vansha Mahajan,customer5677@example.com,Chennai,Tamil Nadu,India,2021-01-22,Premium
5678,Chaman Srinivasan,customer5678@example.com,Chennai,Tamil Nadu,India,2024-02-03,Regular
5679,Ronith Buch,customer5679@example.com,Visakhapatnam,Andhra Pradesh,India,2021-06-26,Premium
5680,Bimala Ramakrishnan,customer5680@example.com,Bhopal,Madhya Pradesh,India,2024-10-10,Regular
5681,Yagnesh Magar,customer5681@example.com,Bengaluru,Karnataka,India,2021-08-17,Regular
5682,Lila Reddy,customer5682@example.com,Kochi,Kerala,India,2024-08-01,Premium
5683,Pranit Kothari,customer5683@example.com,Chennai,Tamil Nadu,India,2022-02-15,New
5684,Aarnav Patla,customer5684@example.com,Chennai,Tamil Nadu,India,2023-10-13,Regular
5685,Lakshit Rajagopalan,customer5685@example.com,Hyderabad,Telangana,India,2022-12-23,Regular
5686,Amol Dayal,customer5686@example.com,Visakhapatnam,Andhra Pradesh,India,2021-08-17,Regular
5687,Saumya Ahuja,customer5687@example.com,Pune,Maharashtra,India,2024-03-07,Regular
5688,Zansi Rattan,customer5688@example.com,Vijayawada,Andhra Pradesh,India,2022-11-03,Occasional
5689,Charles Ramaswamy,customer5689@example.com,Mumbai,Maharashtra,India,2021-05-31,Occasional
5690,Meghana Randhawa,customer5690@example.com,Delhi,Delhi,India,2023-01-05,Occasional
5691,Abhiram Prabhakar,customer5691@example.com,Mumbai,Maharashtra,India,2023-01-12,Regular
5692,Gagan Sanghvi,customer5692@example.com,Hyderabad,Telangana,India,2021-05-17,Regular
5693,Jai Apte,customer5693@example.com,Hyderabad,Telangana,India,2023-04-07,Occasional
5694,Jagat Gala,customer5694@example.com,Chennai,Tamil Nadu,India,2022-11-04,Occasional
5695,Ayush Dhar,customer5695@example.com,Mumbai,Maharashtra,India,2021-07-02,Regular
5696,Arin Lala,customer5696@example.com,Hyderabad,Telangana,India,2024-02-08,Regular
5697,Ryan Sharma,customer5697@example.com,Coimbatore,Tamil Nadu,India,2023-11-20,Occasional
5698,Jeevika Kashyap,customer5698@example.com,Kochi,Kerala,India,2024-02-27,Regular
5699,Manya Barman,customer5699@example.com,Vijayawada,Andhra Pradesh,India,2021-12-15,Occasional
5700,Caleb Deol,customer5700@example.com,Delhi,Delhi,India,2021-06-03,New
5701,Waida Merchant,customer5701@example.com,Mumbai,Maharashtra,India,2024-12-10,Occasional
5702,Anjali Devan,customer5702@example.com,Visakhapatnam,Andhra Pradesh,India,2023-09-27,Regular
5703,Bhavika Manda,customer5703@example.com,Chennai,Tamil Nadu,India,2021-05-17,Occasional
5704,Umang Varkey,customer5704@example.com,Chennai,Tamil Nadu,India,2023-06-06,Regular
5705,Amol Dara,customer5705@example.com,Chennai,Tamil Nadu,India,2021-10-09,Regular
5706,Ijaya Palla,customer5706@example.com,Kochi,Kerala,India,2025-08-30,Occasional
5707,Bhanumati Mandal,customer5707@example.com,Delhi,Delhi,India,2025-07-03,Regular
5708,Nidra Dugar,customer5708@example.com,Chennai,Tamil Nadu,India,2023-10-23,Occasional
5709,Manthan Dasgupta,customer5709@example.com,Delhi,Delhi,India,2022-06-06,Regular
5710,Charles Murty,customer5710@example.com,Bhopal,Madhya Pradesh,India,2025-03-13,Regular
5711,Advik Keer,customer5711@example.com,Kolkata,West Bengal,India,2024-06-19,Regular
5712,Osha Dewan,customer5712@example.com,Bengaluru,Karnataka,India,2024-06-22,Occasional
5713,Azaan Sem,customer5713@example.com,Bengaluru,Karnataka,India,2023-08-20,Regular
5714,Saumya Dube,customer5714@example.com,Kolkata,West Bengal,India,2021-02-02,New
5715,Amol Deep,customer5715@example.com,Bengaluru,Karnataka,India,2024-08-02,Regular
5716,Dev Pau,customer5716@example.com,Hyderabad,Telangana,India,2022-09-04,Regular
5717,Avi Bobal,customer5717@example.com,Bhopal,Madhya Pradesh,India,2025-04-15,Regular
5718,Aayush Bir,customer5718@example.com,Delhi,Delhi,India,2024-03-09,Occasional
5719,Gautam Sampath,customer5719@example.com,Chennai,Tamil Nadu,India,2024-10-02,Premium
5720,Diya Sampath,customer5720@example.com,Warangal,Telangana,India,2025-03-25,Regular
5721,Ria Bhatia,customer5721@example.com,Kolkata,West Bengal,India,2021-06-17,New
5722,Praneel Kumer,customer5722@example.com,Delhi,Delhi,India,2024-03-06,Premium
5723,Shaurya Korpal,customer5723@example.com,Ahmedabad,Gujarat,India,2023-07-28,Premium
5724,Riya Lanka,customer5724@example.com,Kochi,Kerala,India,2023-10-12,Occasional
5725,Aishani Pau,customer5725@example.com,Jaipur,Rajasthan,India,2021-06-25,Premium
5726,Ekaja Sibal,customer5726@example.com,Delhi,Delhi,India,2022-10-27,Premium
5727,Eiravati Sharma,customer5727@example.com,Coimbatore,Tamil Nadu,India,2025-12-18,Premium
5728,Mitali Saran,customer5728@example.com,Coimbatore,Tamil Nadu,India,2022-01-18,Regular
5729,Tanish Sanghvi,customer5729@example.com,Hyderabad,Telangana,India,2023-07-23,Premium
5730,Jatin Keer,customer5730@example.com,Kochi,Kerala,India,2023-10-23,Premium
5731,Warda Lalla,customer5731@example.com,Bengaluru,Karnataka,India,2022-08-29,New
5732,Meghana Amble,customer5732@example.com,Jaipur,Rajasthan,India,2025-10-05,Premium
5733,Chandran Grewal,customer5733@example.com,Hyderabad,Telangana,India,2024-03-08,New
5734,Urvi Chakrabarti,customer5734@example.com,Warangal,Telangana,India,2023-01-25,Regular
5735,Yash Ahuja,customer5735@example.com,Coimbatore,Tamil Nadu,India,2025-08-12,Regular
5736,Nihal Bal,customer5736@example.com,Vijayawada,Andhra Pradesh,India,2021-11-08,Premium
5737,Vrinda Khurana,customer5737@example.com,Bengaluru,Karnataka,India,2024-01-24,Regular
5738,Maanas Srinivas,customer5738@example.com,Jaipur,Rajasthan,India,2022-11-06,Occasional
5739,Shivansh Ravel,customer5739@example.com,Coimbatore,Tamil Nadu,India,2022-10-23,Regular
5740,Balveer Grewal,customer5740@example.com,Pune,Maharashtra,India,2023-06-18,Regular
5741,Ekanta Khatri,customer5741@example.com,Chennai,Tamil Nadu,India,2025-10-08,Premium
5742,Triveni Puri,customer5742@example.com,Vijayawada,Andhra Pradesh,India,2022-05-25,Regular
5743,Noah Sarna,customer5743@example.com,Ahmedabad,Gujarat,India,2022-08-04,Premium
5744,Nathaniel Kapur,customer5744@example.com,Coimbatore,Tamil Nadu,India,2025-01-10,Premium
5745,Lohit Batra,customer5745@example.com,Ahmedabad,Gujarat,India,2025-07-20,Regular
5746,Qabil Bains,customer5746@example.com,Ahmedabad,Gujarat,India,2022-03-01,Occasional
5747,Zayan Acharya,customer5747@example.com,Delhi,Delhi,India,2025-11-23,Premium
5748,Ranbir Kari,customer5748@example.com,Bhopal,Madhya Pradesh,India,2021-07-22,Regular
5749,Chaaya Devi,customer5749@example.com,Chennai,Tamil Nadu,India,2022-06-29,Regular
5750,Warda Bobal,customer5750@example.com,Bengaluru,Karnataka,India,2022-10-22,Regular
5751,Aditya Subramanian,customer5751@example.com,Mumbai,Maharashtra,India,2025-06-20,Regular
5752,Frado Narasimhan,customer5752@example.com,Bhopal,Madhya Pradesh,India,2023-10-27,Occasional
5753,Jonathan Ramachandran,customer5753@example.com,Visakhapatnam,Andhra Pradesh,India,2023-04-15,Occasional
5754,Ekiya Sarin,customer5754@example.com,Coimbatore,Tamil Nadu,India,2021-06-28,New
5755,Saksham Kant,customer5755@example.com,Kolkata,West Bengal,India,2025-11-01,Regular
5756,Aarush Ramaswamy,customer5756@example.com,Warangal,Telangana,India,2022-01-22,Regular
5757,Tanay Dubey,customer5757@example.com,Mumbai,Maharashtra,India,2023-06-03,Regular
5758,Matthew Dave,customer5758@example.com,Jaipur,Rajasthan,India,2022-07-27,Regular
5759,Unni Sibal,customer5759@example.com,Pune,Maharashtra,India,2025-03-11,New
5760,Faqid Sachdeva,customer5760@example.com,Bhopal,Madhya Pradesh,India,2022-11-10,Premium
5761,Mitali Ratti,customer5761@example.com,Hyderabad,Telangana,India,2025-04-22,Regular
5762,Ayaan Savant,customer5762@example.com,Bengaluru,Karnataka,India,2023-07-18,Regular
5763,Janaki Ben,customer5763@example.com,Pune,Maharashtra,India,2021-01-11,Regular
5764,Bakhshi Nayak,customer5764@example.com,Visakhapatnam,Andhra Pradesh,India,2023-01-10,Regular
5765,Yahvi Modi,customer5765@example.com,Bhopal,Madhya Pradesh,India,2023-09-01,Occasional
5766,Frado Barad,customer5766@example.com,Mumbai,Maharashtra,India,2022-02-25,Regular
5767,Chatresh Deo,customer5767@example.com,Mumbai,Maharashtra,India,2025-01-09,Regular
5768,Andrew Saraf,customer5768@example.com,Warangal,Telangana,India,2025-03-22,Regular
5769,Yashawini Ganesh,customer5769@example.com,Kolkata,West Bengal,India,2025-01-10,Occasional
5770,Osha Devi,customer5770@example.com,Bhopal,Madhya Pradesh,India,2024-08-22,Regular
5771,Qushi Dutta,customer5771@example.com,Bhopal,Madhya Pradesh,India,2024-02-28,Occasional
5772,Yash Ravel,customer5772@example.com,Warangal,Telangana,India,2021-02-12,Occasional
5773,Netra Lala,customer5773@example.com,Coimbatore,Tamil Nadu,India,2022-08-17,New
5774,Barkha Sem,customer5774@example.com,Bengaluru,Karnataka,India,2024-07-02,Occasional
5775,Vedika Joshi,customer5775@example.com,Bengaluru,Karnataka,India,2023-04-11,Regular
5776,Vedhika Mall,customer5776@example.com,Delhi,Delhi,India,2021-11-21,Regular
5777,Yashawini Sane,customer5777@example.com,Kochi,Kerala,India,2021-08-29,Occasional
5778,Dipta Atwal,customer5778@example.com,Kolkata,West Bengal,India,2021-04-17,Occasional
5779,Luke Saha,customer5779@example.com,Warangal,Telangana,India,2023-05-27,Regular
5780,Tarak Datta,customer5780@example.com,Vijayawada,Andhra Pradesh,India,2024-09-18,Regular
5781,Aarini Raj,customer5781@example.com,Warangal,Telangana,India,2022-02-14,Regular
5782,Harrison Dugar,customer5782@example.com,Bengaluru,Karnataka,India,2021-11-12,Regular
5783,Hemang Narayan,customer5783@example.com,Delhi,Delhi,India,2025-08-30,Regular
5784,Vedant Krishnamurthy,customer5784@example.com,Kolkata,West Bengal,India,2023-06-15,Regular
5785,Elijah Gopal,customer5785@example.com,Vijayawada,Andhra Pradesh,India,2021-02-20,New
5786,Nihal Devan,customer5786@example.com,Jaipur,Rajasthan,India,2024-10-31,Occasional
5787,Widisha Mital,customer5787@example.com,Pune,Maharashtra,India,2022-08-23,Premium
5788,Harita Rao,customer5788@example.com,Visakhapatnam,Andhra Pradesh,India,2022-06-21,New
5789,Devansh Varghese,customer5789@example.com,Delhi,Delhi,India,2024-12-03,Regular
5790,Kabir Jayaraman,customer5790@example.com,Kolkata,West Bengal,India,2025-04-07,Regular
5791,Dalbir Narayan,customer5791@example.com,Kolkata,West Bengal,India,2024-10-30,Regular
5792,Ekansh Rama,customer5792@example.com,Coimbatore,Tamil Nadu,India,2025-08-26,Regular
5793,Leena Bose,customer5793@example.com,Warangal,Telangana,India,2025-06-11,Regular
5794,Kala Rattan,customer5794@example.com,Delhi,Delhi,India,2022-09-14,Regular
5795,Anika Raman,customer5795@example.com,Kochi,Kerala,India,2023-08-09,Occasional
5796,Yutika Sangha,customer5796@example.com,Vijayawada,Andhra Pradesh,India,2021-03-18,Regular
5797,Lila Hans,customer5797@example.com,Warangal,Telangana,India,2024-10-10,Regular
5798,Aarush Saxena,customer5798@example.com,Hyderabad,Telangana,India,2025-08-10,Regular
5799,Megha Dar,customer5799@example.com,Coimbatore,Tamil Nadu,India,2022-04-24,Premium
5800,Lohit Sahni,customer5800@example.com,Ahmedabad,Gujarat,India,2021-06-07,Regular
5801,Nandini Deo,customer5801@example.com,Bengaluru,Karnataka,India,2021-09-17,New
5802,Omya Naidu,customer5802@example.com,Hyderabad,Telangana,India,2021-01-24,New
5803,Shivani Toor,customer5803@example.com,Pune,Maharashtra,India,2024-01-13,Occasional
5804,Ganga Tata,customer5804@example.com,Coimbatore,Tamil Nadu,India,2024-06-16,Occasional
5805,Ekantika Narang,customer5805@example.com,Bengaluru,Karnataka,India,2025-06-13,Regular
5806,Indira Chaudhry,customer5806@example.com,Bengaluru,Karnataka,India,2024-01-19,Occasional
5807,Upma Sankar,customer5807@example.com,Ahmedabad,Gujarat,India,2022-06-19,New
5808,Abhimanyu Ben,customer5808@example.com,Bhopal,Madhya Pradesh,India,2023-05-04,Regular
5809,Geetika Verma,customer5809@example.com,Chennai,Tamil Nadu,India,2024-04-15,Occasional
5810,Bishakha Bhandari,customer5810@example.com,Hyderabad,Telangana,India,2024-07-13,Occasional
5811,Oeshi Raja,customer5811@example.com,Warangal,Telangana,India,2024-01-16,New
5812,Ekta Chhabra,customer5812@example.com,Vijayawada,Andhra Pradesh,India,2024-01-02,Premium
5813,Aahana Mittal,customer5813@example.com,Vijayawada,Andhra Pradesh,India,2022-04-24,Premium
5814,Yauvani Sodhi,customer5814@example.com,Delhi,Delhi,India,2023-03-19,Regular
5815,Maanas Jaggi,customer5815@example.com,Vijayawada,Andhra Pradesh,India,2023-07-09,Premium
5816,Pooja Badal,customer5816@example.com,Jaipur,Rajasthan,India,2022-09-19,Premium
5817,Eesha Singhal,customer5817@example.com,Coimbatore,Tamil Nadu,India,2025-05-12,Regular
5818,Sneha Bahri,customer5818@example.com,Bengaluru,Karnataka,India,2021-05-11,Premium
5819,Rishi Bath,customer5819@example.com,Pune,Maharashtra,India,2023-02-01,Premium
5820,Mitesh Kala,customer5820@example.com,Chennai,Tamil Nadu,India,2023-07-16,Premium
5821,Darsh Ghose,customer5821@example.com,Jaipur,Rajasthan,India,2025-05-12,Occasional
5822,Chanakya Zachariah,customer5822@example.com,Delhi,Delhi,India,2021-05-21,Premium
5823,Azaan Mall,customer5823@example.com,Bengaluru,Karnataka,India,2025-07-20,Regular
5824,Amruta Arora,customer5824@example.com,Bengaluru,Karnataka,India,2021-08-03,Occasional
5825,Dominic Soni,customer5825@example.com,Vijayawada,Andhra Pradesh,India,2025-12-20,New
5826,Krishna Mahajan,customer5826@example.com,Kolkata,West Bengal,India,2025-02-15,Regular
5827,Amruta Choudhary,customer5827@example.com,Pune,Maharashtra,India,2023-11-12,Regular
5828,Lopa Madan,customer5828@example.com,Visakhapatnam,Andhra Pradesh,India,2022-10-14,Occasional
5829,Chanchal Nadkarni,customer5829@example.com,Mumbai,Maharashtra,India,2025-06-25,Premium
5830,Samarth Pandya,customer5830@example.com,Hyderabad,Telangana,India,2021-05-12,Occasional
5831,Chandani Upadhyay,customer5831@example.com,Hyderabad,Telangana,India,2024-03-19,Regular
5832,Wishi Kapoor,customer5832@example.com,Bengaluru,Karnataka,India,2021-02-13,Regular
5833,Anirudh Nayar,customer5833@example.com,Hyderabad,Telangana,India,2025-11-16,Regular
5834,Logan Sankaran,customer5834@example.com,Delhi,Delhi,India,2025-12-21,Occasional
5835,Zashil Madan,customer5835@example.com,Bhopal,Madhya Pradesh,India,2021-01-04,Regular
5836,Viraj Chana,customer5836@example.com,Vijayawada,Andhra Pradesh,India,2022-04-03,Occasional
5837,Gaurangi Verma,customer5837@example.com,Bhopal,Madhya Pradesh,India,2024-01-05,Regular
5838,Upadhriti Halder,customer5838@example.com,Mumbai,Maharashtra,India,2023-05-22,Occasional
5839,Banjeet Karan,customer5839@example.com,Delhi,Delhi,India,2023-08-28,New
5840,Tripti Sinha,customer5840@example.com,Mumbai,Maharashtra,India,2021-10-27,New
5841,Triveni Patil,customer5841@example.com,Ahmedabad,Gujarat,India,2023-06-07,Regular
5842,Dayamai Bhavsar,customer5842@example.com,Bengaluru,Karnataka,India,2024-02-09,Occasional
5843,Amara Virk,customer5843@example.com,Delhi,Delhi,India,2025-05-15,Regular
5844,Aarush Tella,customer5844@example.com,Chennai,Tamil Nadu,India,2022-05-09,Regular
5845,Ekaja Venkatesh,customer5845@example.com,Coimbatore,Tamil Nadu,India,2025-06-10,Occasional
5846,Hitesh Salvi,customer5846@example.com,Ahmedabad,Gujarat,India,2024-05-16,Regular
5847,Thomas Ganguly,customer5847@example.com,Warangal,Telangana,India,2022-05-10,Occasional
5848,Jalsa Puri,customer5848@example.com,Kolkata,West Bengal,India,2024-08-26,Regular
5849,Tripti Salvi,customer5849@example.com,Visakhapatnam,Andhra Pradesh,India,2023-05-20,Regular
5850,Zaitra Kadakia,customer5850@example.com,Coimbatore,Tamil Nadu,India,2025-02-02,Regular
5851,Reyansh Agate,customer5851@example.com,Hyderabad,Telangana,India,2021-11-03,Occasional
5852,Qabil Kala,customer5852@example.com,Visakhapatnam,Andhra Pradesh,India,2024-04-07,Regular
5853,George Wagle,customer5853@example.com,Mumbai,Maharashtra,India,2021-09-26,Premium
5854,Xiti Doctor,customer5854@example.com,Warangal,Telangana,India,2021-10-08,Regular
5855,Lakshmi Pathak,customer5855@example.com,Kochi,Kerala,India,2023-07-06,Occasional
5856,Oeshi Bajaj,customer5856@example.com,Hyderabad,Telangana,India,2023-11-22,Regular
5857,Warinder Deol,customer5857@example.com,Bengaluru,Karnataka,India,2024-07-30,Regular
5858,Thomas Som,customer5858@example.com,Warangal,Telangana,India,2024-11-30,Regular
5859,Yadavi Bala,customer5859@example.com,Hyderabad,Telangana,India,2022-01-05,Occasional
5860,Vedant Sinha,customer5860@example.com,Mumbai,Maharashtra,India,2022-04-16,Regular
5861,Balendra Sangha,customer5861@example.com,Chennai,Tamil Nadu,India,2025-11-16,Regular
5862,Sara Bhakta,customer5862@example.com,Hyderabad,Telangana,India,2023-09-10,Regular
5863,Unnati Sekhon,customer5863@example.com,Warangal,Telangana,India,2025-09-12,New
5864,Aashi Bobal,customer5864@example.com,Jaipur,Rajasthan,India,2025-12-10,Premium
5865,Watika Murthy,customer5865@example.com,Kochi,Kerala,India,2024-10-15,Regular
5866,Faras Zachariah,customer5866@example.com,Hyderabad,Telangana,India,2023-09-03,Regular
5867,Shivansh Shere,customer5867@example.com,Mumbai,Maharashtra,India,2021-05-04,Premium
5868,Ira Bhattacharyya,customer5868@example.com,Pune,Maharashtra,India,2025-05-17,Occasional
5869,Dalbir Mittal,customer5869@example.com,Delhi,Delhi,India,2023-09-23,Regular
5870,Oliver Ravel,customer5870@example.com,Pune,Maharashtra,India,2024-02-23,Occasional
5871,Yashasvi Lall,customer5871@example.com,Vijayawada,Andhra Pradesh,India,2025-09-05,Regular
5872,Nirja Jha,customer5872@example.com,Bengaluru,Karnataka,India,2025-09-07,Occasional
5873,Nachiket Badal,customer5873@example.com,Warangal,Telangana,India,2025-06-20,Regular
5874,Fariq Dora,customer5874@example.com,Bhopal,Madhya Pradesh,India,2025-01-28,Occasional
5875,Ikbal Gole,customer5875@example.com,Warangal,Telangana,India,2023-01-09,Regular
5876,Gauri Chakrabarti,customer5876@example.com,Kochi,Kerala,India,2021-12-22,Regular
5877,Mohammed Zacharia,customer5877@example.com,Jaipur,Rajasthan,India,2025-08-28,Occasional
5878,Guneet Vaidya,customer5878@example.com,Kolkata,West Bengal,India,2025-06-13,Regular
5879,Vrinda Amble,customer5879@example.com,Coimbatore,Tamil Nadu,India,2022-02-20,Premium
5880,Balhaar Dani,customer5880@example.com,Bengaluru,Karnataka,India,2024-06-02,Regular
5881,Kevin Kanda,customer5881@example.com,Kolkata,West Bengal,India,2021-05-27,Premium
5882,Maanas Ram,customer5882@example.com,Visakhapatnam,Andhra Pradesh,India,2025-02-03,Premium
5883,Udarsh Maharaj,customer5883@example.com,Vijayawada,Andhra Pradesh,India,2025-09-15,Regular
5884,Daksha Sha,customer5884@example.com,Chennai,Tamil Nadu,India,2025-05-08,Occasional
5885,Diya Basu,customer5885@example.com,Visakhapatnam,Andhra Pradesh,India,2021-05-24,Premium
5886,Falak Sharma,customer5886@example.com,Vijayawada,Andhra Pradesh,India,2024-07-31,Regular
5887,Zilmil Kar,customer5887@example.com,Ahmedabad,Gujarat,India,2025-05-07,Regular
5888,Irya Sehgal,customer5888@example.com,Vijayawada,Andhra Pradesh,India,2022-08-17,Regular
5889,Riya Keer,customer5889@example.com,Ahmedabad,Gujarat,India,2021-02-11,New
5890,Tejas Chaudhry,customer5890@example.com,Pune,Maharashtra,India,2021-11-12,Regular
5891,Harini Basak,customer5891@example.com,Bengaluru,Karnataka,India,2023-10-01,Regular
5892,Bachittar Parmar,customer5892@example.com,Pune,Maharashtra,India,2023-09-16,Regular
5893,Vanya Kapadia,customer5893@example.com,Delhi,Delhi,India,2022-01-30,Premium
5894,Ati Lall,customer5894@example.com,Vijayawada,Andhra Pradesh,India,2025-05-24,Occasional
5895,Jhalak Upadhyay,customer5895@example.com,Delhi,Delhi,India,2021-05-19,Regular
5896,Henry Bose,customer5896@example.com,Jaipur,Rajasthan,India,2025-07-28,Regular
5897,Darika Subramanian,customer5897@example.com,Bengaluru,Karnataka,India,2023-08-26,Regular
5898,Michael Karan,customer5898@example.com,Kolkata,West Bengal,India,2021-06-09,Premium
5899,Rushil Rattan,customer5899@example.com,Hyderabad,Telangana,India,2023-09-30,Premium
5900,Ishaan Nair,customer5900@example.com,Coimbatore,Tamil Nadu,India,2025-07-23,Regular
5901,Baljiwan Sarma,customer5901@example.com,Coimbatore,Tamil Nadu,India,2024-05-07,New
5902,Chatresh Dhar,customer5902@example.com,Kochi,Kerala,India,2024-10-31,Occasional
5903,Amara Parikh,customer5903@example.com,Kolkata,West Bengal,India,2022-12-23,Premium
5904,Adya Sabharwal,customer5904@example.com,Pune,Maharashtra,India,2024-08-17,Regular
5905,Aryan Kata,customer5905@example.com,Mumbai,Maharashtra,India,2025-01-09,Regular
5906,Chanchal Bains,customer5906@example.com,Mumbai,Maharashtra,India,2024-08-08,Regular
5907,Tejas Desai,customer5907@example.com,Pune,Maharashtra,India,2021-07-26,Premium
5908,Tejas Tara,customer5908@example.com,Bengaluru,Karnataka,India,2023-09-20,Occasional
5909,Jagat Pant,customer5909@example.com,Kolkata,West Bengal,India,2025-04-22,Regular
5910,Jasmit Sethi,customer5910@example.com,Kolkata,West Bengal,India,2025-12-15,New
5911,Reva Kaur,customer5911@example.com,Kochi,Kerala,India,2022-05-13,Occasional
5912,Sathvik Barad,customer5912@example.com,Visakhapatnam,Andhra Pradesh,India,2021-11-21,New
5913,Garima Pillay,customer5913@example.com,Warangal,Telangana,India,2022-03-01,New
5914,Utkarsh Karan,customer5914@example.com,Kolkata,West Bengal,India,2023-08-04,Premium
5915,Gautam Prashad,customer5915@example.com,Coimbatore,Tamil Nadu,India,2022-06-28,Regular
5916,Idika Kumar,customer5916@example.com,Delhi,Delhi,India,2024-03-04,Occasional
5917,Rachita Ramachandran,customer5917@example.com,Bhopal,Madhya Pradesh,India,2025-07-29,Occasional
5918,Sarthak Mital,customer5918@example.com,Kolkata,West Bengal,India,2021-03-16,Regular
5919,Urishilla Kumar,customer5919@example.com,Coimbatore,Tamil Nadu,India,2023-06-26,Regular
5920,Jason Pai,customer5920@example.com,Pune,Maharashtra,India,2024-04-22,Regular
5921,Bhanumati Butala,customer5921@example.com,Visakhapatnam,Andhra Pradesh,India,2025-11-14,Regular
5922,Ishwar Samra,customer5922@example.com,Kolkata,West Bengal,India,2025-02-22,Regular
5923,Aarush Nayar,customer5923@example.com,Bhopal,Madhya Pradesh,India,2021-07-17,New
5924,Noah Bose,customer5924@example.com,Hyderabad,Telangana,India,2021-02-10,Regular
5925,Nidhi Bora,customer5925@example.com,Visakhapatnam,Andhra Pradesh,India,2025-05-15,Premium
5926,Vedant Mital,customer5926@example.com,Kochi,Kerala,India,2023-06-10,Regular
5927,Libni Bhardwaj,customer5927@example.com,Coimbatore,Tamil Nadu,India,2023-04-30,Regular
5928,Vidhi Sengupta,customer5928@example.com,Bengaluru,Karnataka,India,2023-03-04,Occasional
5929,Kabir Dass,customer5929@example.com,Mumbai,Maharashtra,India,2023-06-14,Regular
5930,Bhavya Khurana,customer5930@example.com,Jaipur,Rajasthan,India,2025-07-24,Regular
5931,Max Samra,customer5931@example.com,Warangal,Telangana,India,2022-09-18,Regular
5932,Leena Grover,customer5932@example.com,Coimbatore,Tamil Nadu,India,2023-12-17,Regular
5933,Ojasvi Purohit,customer5933@example.com,Warangal,Telangana,India,2021-12-29,Regular
5934,Jatin Purohit,customer5934@example.com,Kolkata,West Bengal,India,2024-11-06,Regular
5935,Radhika Brahmbhatt,customer5935@example.com,Bhopal,Madhya Pradesh,India,2024-07-14,Occasional
5936,Dhriti Ramesh,customer5936@example.com,Warangal,Telangana,India,2021-01-05,Premium
5937,Owen Balay,customer5937@example.com,Vijayawada,Andhra Pradesh,India,2023-01-18,Premium
5938,Kiaan Kannan,customer5938@example.com,Bhopal,Madhya Pradesh,India,2022-02-22,Regular
5939,Elijah Joshi,customer5939@example.com,Delhi,Delhi,India,2023-04-15,Regular
5940,Timothy Sama,customer5940@example.com,Pune,Maharashtra,India,2024-09-21,Premium
5941,Amol Chandra,customer5941@example.com,Pune,Maharashtra,India,2025-02-25,New
5942,Ekbal Narang,customer5942@example.com,Kolkata,West Bengal,India,2025-01-13,Regular
5943,Anya Raval,customer5943@example.com,Vijayawada,Andhra Pradesh,India,2022-04-11,Regular
5944,Chaaya Bala,customer5944@example.com,Mumbai,Maharashtra,India,2022-01-09,Regular
5945,Yatan Palla,customer5945@example.com,Ahmedabad,Gujarat,India,2022-05-26,Regular
5946,Daksha Rana,customer5946@example.com,Kolkata,West Bengal,India,2021-07-14,Premium
5947,Damyanti Dey,customer5947@example.com,Chennai,Tamil Nadu,India,2024-01-26,Regular
5948,Imaran Rajagopal,customer5948@example.com,Hyderabad,Telangana,India,2024-03-16,New
5949,Kabir Raghavan,customer5949@example.com,Kochi,Kerala,India,2023-02-05,Regular
5950,Ishanvi Raj,customer5950@example.com,Bhopal,Madhya Pradesh,India,2022-11-09,Occasional
5951,Nakul Goswami,customer5951@example.com,Kochi,Kerala,India,2023-11-07,Regular
5952,Keya Lall,customer5952@example.com,Kolkata,West Bengal,India,2025-02-18,Regular
5953,Chakradev Bal,customer5953@example.com,Chennai,Tamil Nadu,India,2021-10-15,Occasional
5954,Aarnav Gola,customer5954@example.com,Kochi,Kerala,India,2022-11-04,Occasional
5955,Devansh Joshi,customer5955@example.com,Mumbai,Maharashtra,India,2023-11-06,Regular
5956,Aadhya Rastogi,customer5956@example.com,Bengaluru,Karnataka,India,2023-04-23,Premium
5957,Pranit Walla,customer5957@example.com,Warangal,Telangana,India,2025-02-03,Regular
5958,Aadi Mital,customer5958@example.com,Warangal,Telangana,India,2025-07-24,Regular
5959,Vivaan Bhatti,customer5959@example.com,Vijayawada,Andhra Pradesh,India,2024-12-27,Regular
5960,Anya Radhakrishnan,customer5960@example.com,Delhi,Delhi,India,2023-02-25,Regular
5961,Vasatika Master,customer5961@example.com,Visakhapatnam,Andhra Pradesh,India,2021-09-18,Occasional
5962,Manthan Parmar,customer5962@example.com,Bengaluru,Karnataka,India,2025-12-08,Occasional
5963,Abha Shankar,customer5963@example.com,Warangal,Telangana,India,2021-10-16,Occasional
5964,Edhitha Kala,customer5964@example.com,Delhi,Delhi,India,2025-06-23,Regular
5965,Abhiram Mann,customer5965@example.com,Kochi,Kerala,India,2021-07-17,Regular
5966,Bhavika Kohli,customer5966@example.com,Chennai,Tamil Nadu,India,2021-02-13,Regular
5967,Radhika Sandal,customer5967@example.com,Delhi,Delhi,India,2024-10-01,Regular
5968,Charles Wadhwa,customer5968@example.com,Ahmedabad,Gujarat,India,2021-10-22,Occasional
5969,Darpan Chaudhry,customer5969@example.com,Bengaluru,Karnataka,India,2024-03-07,New
5970,Yagnesh Chada,customer5970@example.com,Delhi,Delhi,India,2025-07-24,Regular
5971,Frado Nair,customer5971@example.com,Vijayawada,Andhra Pradesh,India,2023-08-28,Regular
5972,Zashil Karnik,customer5972@example.com,Coimbatore,Tamil Nadu,India,2021-10-14,Premium
5973,Nitara Garde,customer5973@example.com,Kochi,Kerala,India,2024-09-07,Occasional
5974,Vedika Brahmbhatt,customer5974@example.com,Chennai,Tamil Nadu,India,2021-11-19,Premium
5975,Gunbir Bath,customer5975@example.com,Visakhapatnam,Andhra Pradesh,India,2025-09-02,Regular
5976,Pallavi Mitra,customer5976@example.com,Bengaluru,Karnataka,India,2024-06-13,Regular
5977,Suhani Bera,customer5977@example.com,Coimbatore,Tamil Nadu,India,2022-02-05,New
5978,Luke Sangha,customer5978@example.com,Vijayawada,Andhra Pradesh,India,2024-06-17,Occasional
5979,Yash Bora,customer5979@example.com,Vijayawada,Andhra Pradesh,India,2025-12-02,Regular
5980,Praneel Hayre,customer5980@example.com,Bengaluru,Karnataka,India,2024-03-02,Occasional
5981,Bahadurjit Bera,customer5981@example.com,Bhopal,Madhya Pradesh,India,2021-02-08,Premium
5982,Chatura Goyal,customer5982@example.com,Coimbatore,Tamil Nadu,India,2022-07-28,Regular
5983,Gautami Nayak,customer5983@example.com,Kochi,Kerala,India,2025-04-10,New
5984,Lakshit Ganguly,customer5984@example.com,Delhi,Delhi,India,2021-02-28,Regular
5985,Gopal Mann,customer5985@example.com,Vijayawada,Andhra Pradesh,India,2023-06-15,Premium
5986,Netra Rege,customer5986@example.com,Kolkata,West Bengal,India,2022-04-22,New
5987,Harshil Murty,customer5987@example.com,Coimbatore,Tamil Nadu,India,2025-02-01,Premium
5988,Ekaja Dhar,customer5988@example.com,Kolkata,West Bengal,India,2021-08-23,Regular
5989,Neelima Samra,customer5989@example.com,Jaipur,Rajasthan,India,2021-03-01,Premium
5990,Zilmil Dhaliwal,customer5990@example.com,Chennai,Tamil Nadu,India,2023-02-16,Occasional
5991,Laban Mall,customer5991@example.com,Chennai,Tamil Nadu,India,2022-02-04,Regular
5992,Ekaja Kata,customer5992@example.com,Ahmedabad,Gujarat,India,2021-04-27,Occasional
5993,Qarin Goda,customer5993@example.com,Jaipur,Rajasthan,India,2025-12-30,Regular
5994,Krishna Dey,customer5994@example.com,Pune,Maharashtra,India,2021-05-27,Regular
5995,Chakradhar Borra,customer5995@example.com,Chennai,Tamil Nadu,India,2021-03-27,New
5996,Aahana Warrior,customer5996@example.com,Jaipur,Rajasthan,India,2021-12-20,New
5997,Udant Chaudhuri,customer5997@example.com,Pune,Maharashtra,India,2023-08-12,Occasional
5998,Owen Patla,customer5998@example.com,Hyderabad,Telangana,India,2022-08-21,Regular
5999,Jackson Kala,customer5999@example.com,Mumbai,Maharashtra,India,2022-07-19,Regular
6000,Aachal Nayak,customer6000@example.com,Coimbatore,Tamil Nadu,India,2022-05-07,Premium
6001,Gauri Date,customer6001@example.com,Kolkata,West Bengal,India,2024-07-03,Regular
6002,Quincy Tella,customer6002@example.com,Kolkata,West Bengal,India,2022-11-04,Regular
6003,Chanchal Savant,customer6003@example.com,Pune,Maharashtra,India,2024-05-26,Regular
6004,Oscar Lalla,customer6004@example.com,Ahmedabad,Gujarat,India,2024-08-23,Regular
6005,Pushti Hans,customer6005@example.com,Kochi,Kerala,India,2025-12-19,Regular
6006,Chatura Parikh,customer6006@example.com,Bhopal,Madhya Pradesh,India,2023-04-12,Regular
6007,Sudiksha Solanki,customer6007@example.com,Delhi,Delhi,India,2023-02-09,Regular
6008,Jalsa Goel,customer6008@example.com,Ahmedabad,Gujarat,India,2023-01-24,Regular
6009,Ishani Ravel,customer6009@example.com,Ahmedabad,Gujarat,India,2025-01-06,Regular
6010,Peter Rajagopal,customer6010@example.com,Mumbai,Maharashtra,India,2021-10-14,Occasional
6011,Gaurangi Bhatti,customer6011@example.com,Vijayawada,Andhra Pradesh,India,2024-06-10,Occasional
6012,Madhavi Dugar,customer6012@example.com,Visakhapatnam,Andhra Pradesh,India,2023-04-12,Regular
6013,Yasti Bhat,customer6013@example.com,Jaipur,Rajasthan,India,2024-02-23,New
6014,Charita Cheema,customer6014@example.com,Bhopal,Madhya Pradesh,India,2024-07-18,Occasional
6015,Kala Kanda,customer6015@example.com,Warangal,Telangana,India,2023-04-09,Occasional
6016,Kamala Dutta,customer6016@example.com,Warangal,Telangana,India,2023-02-14,Premium
6017,Anika Ramesh,customer6017@example.com,Hyderabad,Telangana,India,2023-06-16,Regular
6018,Viraj Nigam,customer6018@example.com,Delhi,Delhi,India,2024-09-11,Premium
6019,Joshua Nori,customer6019@example.com,Vijayawada,Andhra Pradesh,India,2022-10-10,Occasional
6020,Bimala Jain,customer6020@example.com,Bhopal,Madhya Pradesh,India,2023-02-16,Regular
6021,Matthew Mishra,customer6021@example.com,Visakhapatnam,Andhra Pradesh,India,2024-04-21,Regular
6022,Vaishnavi Bumb,customer6022@example.com,Jaipur,Rajasthan,India,2021-11-17,Occasional
6023,Omya Hegde,customer6023@example.com,Visakhapatnam,Andhra Pradesh,India,2022-05-02,Regular
6024,Ekiya Madan,customer6024@example.com,Delhi,Delhi,India,2025-08-27,Regular
6025,Nirja Narasimhan,customer6025@example.com,Kochi,Kerala,India,2022-10-23,Regular
6026,Yatin Bal,customer6026@example.com,Delhi,Delhi,India,2025-04-04,Premium
6027,Maya Yohannan,customer6027@example.com,Coimbatore,Tamil Nadu,India,2024-07-07,Regular
6028,Upma Khalsa,customer6028@example.com,Warangal,Telangana,India,2022-04-03,Regular
6029,Ojasvi Char,customer6029@example.com,Kochi,Kerala,India,2025-08-25,New
6030,Xiti Chacko,customer6030@example.com,Delhi,Delhi,India,2024-01-07,New
6031,Yutika Hegde,customer6031@example.com,Visakhapatnam,Andhra Pradesh,India,2021-11-12,Occasional
6032,Ayush Konda,customer6032@example.com,Vijayawada,Andhra Pradesh,India,2024-12-06,Regular
6033,Sathvik Som,customer6033@example.com,Pune,Maharashtra,India,2021-03-13,Occasional
6034,Daniel Sinha,customer6034@example.com,Ahmedabad,Gujarat,India,2022-02-11,Regular
6035,Girish Mahal,customer6035@example.com,Bhopal,Madhya Pradesh,India,2022-05-31,Occasional
6036,Vasatika Bahl,customer6036@example.com,Mumbai,Maharashtra,India,2025-07-25,Occasional
6037,Libni Maharaj,customer6037@example.com,Kochi,Kerala,India,2025-09-24,New
6038,Jacob Deep,customer6038@example.com,Visakhapatnam,Andhra Pradesh,India,2025-11-18,Regular
6039,Mitali Hegde,customer6039@example.com,Bhopal,Madhya Pradesh,India,2022-01-16,New
6040,Mekhala Gour,customer6040@example.com,Hyderabad,Telangana,India,2023-07-15,Premium
6041,Maanas Gala,customer6041@example.com,Bengaluru,Karnataka,India,2023-10-02,Occasional
6042,Hemangini Ravi,customer6042@example.com,Coimbatore,Tamil Nadu,India,2024-04-22,Occasional
6043,Ikbal Sharma,customer6043@example.com,Coimbatore,Tamil Nadu,India,2022-09-30,Occasional
6044,Advay Kale,customer6044@example.com,Pune,Maharashtra,India,2022-03-07,Regular
6045,Yashasvi Buch,customer6045@example.com,Jaipur,Rajasthan,India,2024-05-13,New
6046,Odika Rajagopal,customer6046@example.com,Chennai,Tamil Nadu,India,2021-12-08,Regular
6047,Gaurang Rout,customer6047@example.com,Delhi,Delhi,India,2023-06-27,Regular
6048,Nisha Kapur,customer6048@example.com,Visakhapatnam,Andhra Pradesh,India,2024-11-03,Regular
6049,Thomas Choudhry,customer6049@example.com,Hyderabad,Telangana,India,2022-11-10,Occasional
6050,Lopa Chokshi,customer6050@example.com,Jaipur,Rajasthan,India,2021-04-13,Regular
6051,Ayaan Comar,customer6051@example.com,Visakhapatnam,Andhra Pradesh,India,2022-06-12,Regular
6052,Anita Bandi,customer6052@example.com,Vijayawada,Andhra Pradesh,India,2024-05-31,Regular
6053,Upkaar Kata,customer6053@example.com,Bhopal,Madhya Pradesh,India,2021-09-10,Regular
6054,Tanveer Soni,customer6054@example.com,Bengaluru,Karnataka,India,2023-04-26,Regular
6055,Samesh Mahal,customer6055@example.com,Warangal,Telangana,India,2024-07-26,Occasional
6056,Baghyawati Bath,customer6056@example.com,Bengaluru,Karnataka,India,2025-07-16,Regular
6057,Gaurang Bhatia,customer6057@example.com,Visakhapatnam,Andhra Pradesh,India,2025-10-17,Regular
6058,Wakeeta Kalita,customer6058@example.com,Delhi,Delhi,India,2021-08-10,Occasional
6059,Zayan Chand,customer6059@example.com,Visakhapatnam,Andhra Pradesh,India,2021-04-28,New
6060,Advaith Mandal,customer6060@example.com,Coimbatore,Tamil Nadu,India,2021-11-19,Regular
6061,Aryan Batta,customer6061@example.com,Pune,Maharashtra,India,2025-12-02,Regular
6062,Balvan Dora,customer6062@example.com,Warangal,Telangana,India,2023-08-26,Premium
6063,Omisha Dani,customer6063@example.com,Hyderabad,Telangana,India,2025-07-04,Regular
6064,Elijah Baral,customer6064@example.com,Jaipur,Rajasthan,India,2024-06-09,Regular
6065,Maanas Dara,customer6065@example.com,Jaipur,Rajasthan,India,2023-02-05,Occasional
6066,Yachana Narayan,customer6066@example.com,Bhopal,Madhya Pradesh,India,2022-09-16,New
6067,Nachiket Bhasin,customer6067@example.com,Jaipur,Rajasthan,India,2023-07-29,Regular
6068,Rudra Borde,customer6068@example.com,Vijayawada,Andhra Pradesh,India,2022-10-13,Occasional
6069,Vanya Char,customer6069@example.com,Kolkata,West Bengal,India,2024-08-14,Regular
6070,Samesh Raja,customer6070@example.com,Kochi,Kerala,India,2025-02-17,Regular
6071,Ekiya Srivastava,customer6071@example.com,Chennai,Tamil Nadu,India,2021-07-02,Occasional
6072,Warhi D’Alia,customer6072@example.com,Chennai,Tamil Nadu,India,2021-11-04,Regular
6073,Guneet More,customer6073@example.com,Ahmedabad,Gujarat,India,2022-09-24,Occasional
6074,Chavvi Shetty,customer6074@example.com,Vijayawada,Andhra Pradesh,India,2021-02-20,Occasional
6075,Gaurang Mann,customer6075@example.com,Kochi,Kerala,India,2021-01-14,Regular
6076,Kevin Walla,customer6076@example.com,Mumbai,Maharashtra,India,2021-10-13,Occasional
6077,Edhitha Deshpande,customer6077@example.com,Mumbai,Maharashtra,India,2024-11-28,Premium
6078,Tanay Sarin,customer6078@example.com,Bengaluru,Karnataka,India,2025-02-14,Regular
6079,Vritti Rai,customer6079@example.com,Visakhapatnam,Andhra Pradesh,India,2025-01-20,New
6080,Raghav Bora,customer6080@example.com,Coimbatore,Tamil Nadu,India,2023-07-05,Premium
6081,Baljiwan Tata,customer6081@example.com,Kolkata,West Bengal,India,2023-01-13,New
6082,Ladli Das,customer6082@example.com,Warangal,Telangana,India,2023-07-27,Premium
6083,Omkaar Krish,customer6083@example.com,Mumbai,Maharashtra,India,2025-11-30,Regular
6084,Ijaya Mander,customer6084@example.com,Bengaluru,Karnataka,India,2022-04-17,Premium
6085,Wazir Butala,customer6085@example.com,Kolkata,West Bengal,India,2021-05-29,Occasional
6086,Garima Behl,customer6086@example.com,Bhopal,Madhya Pradesh,India,2023-11-09,Occasional
6087,Qasim Rama,customer6087@example.com,Delhi,Delhi,India,2024-06-30,Premium
6088,Zehaan Padmanabhan,customer6088@example.com,Kochi,Kerala,India,2021-07-26,Premium
6089,Ekantika Gill,customer6089@example.com,Warangal,Telangana,India,2023-11-14,Regular
6090,Falan Agate,customer6090@example.com,Visakhapatnam,Andhra Pradesh,India,2025-03-24,Premium
6091,Barkha Sur,customer6091@example.com,Visakhapatnam,Andhra Pradesh,India,2022-03-08,Regular
6092,Anya Verma,customer6092@example.com,Bhopal,Madhya Pradesh,India,2021-07-21,Regular
6093,Pooja Ramakrishnan,customer6093@example.com,Bhopal,Madhya Pradesh,India,2025-06-22,Regular
6094,Dalbir Balasubramanian,customer6094@example.com,Bengaluru,Karnataka,India,2023-05-28,Regular
6095,Harini Sant,customer6095@example.com,Hyderabad,Telangana,India,2024-02-22,New
6096,Neelima Joshi,customer6096@example.com,Visakhapatnam,Andhra Pradesh,India,2024-11-03,Regular
6097,Yamini Minhas,customer6097@example.com,Jaipur,Rajasthan,India,2024-02-10,Occasional
6098,Saumya Chadha,customer6098@example.com,Warangal,Telangana,India,2022-03-29,New
6099,Madhavi Raval,customer6099@example.com,Pune,Maharashtra,India,2024-11-16,Regular
6100,Nidhi Peri,customer6100@example.com,Jaipur,Rajasthan,India,2022-02-19,Regular
6101,Lavanya Anand,customer6101@example.com,Hyderabad,Telangana,India,2021-03-22,Regular
6102,Brijesh Butala,customer6102@example.com,Vijayawada,Andhra Pradesh,India,2025-01-20,Regular
6103,Indrajit Kapadia,customer6103@example.com,Warangal,Telangana,India,2023-07-03,Regular
6104,Yashodhara Sama,customer6104@example.com,Hyderabad,Telangana,India,2021-01-16,Regular
6105,Banjeet Vala,customer6105@example.com,Ahmedabad,Gujarat,India,2022-07-14,Regular
6106,Abdul Aggarwal,customer6106@example.com,Bengaluru,Karnataka,India,2024-10-14,Regular
6107,Daniel Magar,customer6107@example.com,Pune,Maharashtra,India,2024-07-03,Premium
6108,Krishna Yadav,customer6108@example.com,Chennai,Tamil Nadu,India,2021-11-08,Premium
6109,Urmi Reddy,customer6109@example.com,Bengaluru,Karnataka,India,2022-03-14,Regular
6110,Yachana Choudhry,customer6110@example.com,Vijayawada,Andhra Pradesh,India,2022-06-08,Occasional
6111,Neel Dey,customer6111@example.com,Bengaluru,Karnataka,India,2022-01-14,Regular
6112,Manbir Golla,customer6112@example.com,Kolkata,West Bengal,India,2022-12-14,Regular
6113,Bhanumati Arya,customer6113@example.com,Warangal,Telangana,India,2022-06-28,Regular
6114,Urishilla Narain,customer6114@example.com,Ahmedabad,Gujarat,India,2025-07-24,Occasional
6115,Ishita Mishra,customer6115@example.com,Kolkata,West Bengal,India,2022-04-29,Occasional
6116,Anjali Chanda,customer6116@example.com,Kolkata,West Bengal,India,2021-04-10,Regular
6117,Sneha D’Alia,customer6117@example.com,Delhi,Delhi,India,2021-05-02,New
6118,Harsh D’Alia,customer6118@example.com,Mumbai,Maharashtra,India,2022-12-10,Regular
6119,Ayushman Murthy,customer6119@example.com,Visakhapatnam,Andhra Pradesh,India,2023-02-05,Occasional
6120,Saanvi Dhingra,customer6120@example.com,Vijayawada,Andhra Pradesh,India,2022-08-27,Regular
6121,Abhimanyu Sarkar,customer6121@example.com,Delhi,Delhi,India,2022-05-27,Premium
6122,Jagvi Suri,customer6122@example.com,Kochi,Kerala,India,2023-06-18,Occasional
6123,Ucchal Viswanathan,customer6123@example.com,Mumbai,Maharashtra,India,2025-09-26,Regular
6124,Joshua Zachariah,customer6124@example.com,Chennai,Tamil Nadu,India,2023-01-17,New
6125,Arjun Mital,customer6125@example.com,Kolkata,West Bengal,India,2021-02-23,Regular
6126,Forum Kibe,customer6126@example.com,Kolkata,West Bengal,India,2021-11-14,Regular
6127,Gaurangi Date,customer6127@example.com,Vijayawada,Andhra Pradesh,India,2023-07-26,Regular
6128,Adweta Mani,customer6128@example.com,Pune,Maharashtra,India,2025-05-06,Regular
6129,Suhani Mani,customer6129@example.com,Jaipur,Rajasthan,India,2024-12-29,Regular
6130,Parth Chada,customer6130@example.com,Chennai,Tamil Nadu,India,2022-02-05,Regular
6131,Arin Rajan,customer6131@example.com,Pune,Maharashtra,India,2025-05-04,Occasional
6132,Widisha Bakshi,customer6132@example.com,Coimbatore,Tamil Nadu,India,2022-11-21,Premium
6133,Jack Dhingra,customer6133@example.com,Bengaluru,Karnataka,India,2022-12-08,Occasional
6134,Sai Krishna,customer6134@example.com,Ahmedabad,Gujarat,India,2021-10-30,Regular
6135,Akshay Nagar,customer6135@example.com,Delhi,Delhi,India,2023-01-15,Regular
6136,Hemangini Tailor,customer6136@example.com,Coimbatore,Tamil Nadu,India,2023-10-29,Occasional
6137,Ansh Mall,customer6137@example.com,Ahmedabad,Gujarat,India,2024-03-02,Regular
6138,Oni Sani,customer6138@example.com,Hyderabad,Telangana,India,2022-08-03,Premium
6139,Chanchal Parmer,customer6139@example.com,Kochi,Kerala,India,2025-10-26,Regular
6140,Alexander Purohit,customer6140@example.com,Kochi,Kerala,India,2022-04-22,Regular
6141,Lipika Narula,customer6141@example.com,Chennai,Tamil Nadu,India,2021-07-27,Premium
6142,Wridesh Kaur,customer6142@example.com,Visakhapatnam,Andhra Pradesh,India,2024-07-30,Regular
6143,Kamya Sawhney,customer6143@example.com,Bengaluru,Karnataka,India,2024-11-06,Occasional
6144,Mohini Nadkarni,customer6144@example.com,Warangal,Telangana,India,2021-05-15,Premium
6145,Oeshi Chander,customer6145@example.com,Vijayawada,Andhra Pradesh,India,2022-03-24,Premium
6146,Ekapad Mistry,customer6146@example.com,Pune,Maharashtra,India,2022-11-23,Regular
6147,Logan Parmar,customer6147@example.com,Jaipur,Rajasthan,India,2025-09-11,Occasional
6148,Yauvani Mand,customer6148@example.com,Bhopal,Madhya Pradesh,India,2022-11-15,Regular
6149,Mohini Dyal,customer6149@example.com,Warangal,Telangana,India,2022-08-28,Regular
6150,Amruta Mitra,customer6150@example.com,Jaipur,Rajasthan,India,2024-05-20,Regular
6151,Pranit Naidu,customer6151@example.com,Chennai,Tamil Nadu,India,2024-11-29,Premium
6152,Qarin Khosla,customer6152@example.com,Mumbai,Maharashtra,India,2021-01-29,Occasional
6153,Owen Kala,customer6153@example.com,Bhopal,Madhya Pradesh,India,2022-03-14,Occasional
6154,Azad Mahal,customer6154@example.com,Visakhapatnam,Andhra Pradesh,India,2023-07-26,Premium
6155,Jonathan Morar,customer6155@example.com,Bhopal,Madhya Pradesh,India,2021-09-06,Regular
6156,Hema Koshy,customer6156@example.com,Visakhapatnam,Andhra Pradesh,India,2021-12-10,Occasional
6157,Falak Warrior,customer6157@example.com,Pune,Maharashtra,India,2024-05-22,Occasional
6158,Tara Manda,customer6158@example.com,Chennai,Tamil Nadu,India,2023-11-17,Regular
6159,Leena Ghosh,customer6159@example.com,Kochi,Kerala,India,2025-12-23,Regular
6160,Alexander Gaba,customer6160@example.com,Hyderabad,Telangana,India,2025-03-31,New
6161,Jyoti Sethi,customer6161@example.com,Delhi,Delhi,India,2023-05-13,Premium
6162,Tanay Kant,customer6162@example.com,Kolkata,West Bengal,India,2021-07-10,Regular
6163,Bishakha Parmer,customer6163@example.com,Pune,Maharashtra,India,2022-03-25,Regular
6164,Fitan Nagy,customer6164@example.com,Chennai,Tamil Nadu,India,2022-07-18,Regular
6165,Lila Kara,customer6165@example.com,Mumbai,Maharashtra,India,2025-07-29,Premium
6166,Anmol Dey,customer6166@example.com,Kochi,Kerala,India,2021-05-24,Occasional
6167,Qarin Chana,customer6167@example.com,Hyderabad,Telangana,India,2024-09-13,New
6168,Hardik Sunder,customer6168@example.com,Mumbai,Maharashtra,India,2024-10-07,Premium
6169,Liam Deep,customer6169@example.com,Delhi,Delhi,India,2023-07-08,Premium
6170,Gagan Reddy,customer6170@example.com,Ahmedabad,Gujarat,India,2021-03-24,New
6171,Jagdish Parmer,customer6171@example.com,Hyderabad,Telangana,India,2024-12-12,Regular
6172,Nidra Raja,customer6172@example.com,Hyderabad,Telangana,India,2023-01-18,Premium
6173,Abdul Randhawa,customer6173@example.com,Warangal,Telangana,India,2022-10-15,Occasional
6174,Isha Bali,customer6174@example.com,Delhi,Delhi,India,2022-11-19,Occasional
6175,Vihaan Dugar,customer6175@example.com,Mumbai,Maharashtra,India,2022-11-01,Regular
6176,Chasmum Wali,customer6176@example.com,Pune,Maharashtra,India,2025-04-03,Regular
6177,Qasim Dora,customer6177@example.com,Ahmedabad,Gujarat,India,2024-01-19,Occasional
6178,Girish Bava,customer6178@example.com,Kolkata,West Bengal,India,2021-05-21,Regular
6179,Yagnesh Kakar,customer6179@example.com,Delhi,Delhi,India,2021-11-27,Regular
6180,Vrishti Sur,customer6180@example.com,Kolkata,West Bengal,India,2024-03-06,Regular
6181,Aarnav Bhardwaj,customer6181@example.com,Visakhapatnam,Andhra Pradesh,India,2021-09-21,New
6182,Harita Sani,customer6182@example.com,Warangal,Telangana,India,2021-03-09,Occasional
6183,Madhav Gour,customer6183@example.com,Jaipur,Rajasthan,India,2021-11-05,Premium
6184,Avni Tailor,customer6184@example.com,Chennai,Tamil Nadu,India,2023-11-24,Premium
6185,Irya More,customer6185@example.com,Hyderabad,Telangana,India,2021-07-18,Premium
6186,Luke Karan,customer6186@example.com,Pune,Maharashtra,India,2021-01-08,Occasional
6187,Hemangini Kalla,customer6187@example.com,Vijayawada,Andhra Pradesh,India,2021-01-02,Regular
6188,Fitan Rajan,customer6188@example.com,Bengaluru,Karnataka,India,2022-03-01,Premium
6189,Faqid Mane,customer6189@example.com,Vijayawada,Andhra Pradesh,India,2024-12-27,New
6190,Bimala Sastry,customer6190@example.com,Pune,Maharashtra,India,2023-10-27,Occasional
6191,Sachi Arya,customer6191@example.com,Ahmedabad,Gujarat,India,2023-06-14,New
6192,Ira Hayre,customer6192@example.com,Bhopal,Madhya Pradesh,India,2022-01-03,Occasional
6193,Siya Tara,customer6193@example.com,Hyderabad,Telangana,India,2021-11-21,Regular
6194,Priya Oak,customer6194@example.com,Kochi,Kerala,India,2024-08-22,Premium
6195,Peter Sinha,customer6195@example.com,Hyderabad,Telangana,India,2021-07-01,New
6196,Jeremiah Bala,customer6196@example.com,Warangal,Telangana,India,2024-07-22,Regular
6197,Gabriel Nagi,customer6197@example.com,Vijayawada,Andhra Pradesh,India,2025-11-24,Regular
6198,Niharika Borah,customer6198@example.com,Kochi,Kerala,India,2025-01-21,Regular
6199,Kevin Korpal,customer6199@example.com,Vijayawada,Andhra Pradesh,India,2021-07-06,Regular
6200,Mahika Sridhar,customer6200@example.com,Bengaluru,Karnataka,India,2021-08-04,Regular
6201,Arjun Raju,customer6201@example.com,Warangal,Telangana,India,2025-08-27,Premium
6202,Samarth Nayak,customer6202@example.com,Coimbatore,Tamil Nadu,India,2025-01-24,Premium
6203,Matthew Issac,customer6203@example.com,Jaipur,Rajasthan,India,2023-02-04,Occasional
6204,Ishani Dugal,customer6204@example.com,Bhopal,Madhya Pradesh,India,2025-02-19,Regular
6205,Kritika Varughese,customer6205@example.com,Kolkata,West Bengal,India,2021-08-11,Occasional
6206,Oeshi Kannan,customer6206@example.com,Ahmedabad,Gujarat,India,2023-06-03,Regular
6207,Fiyaz Mangal,customer6207@example.com,Jaipur,Rajasthan,India,2025-03-28,Regular
6208,Reyansh Bains,customer6208@example.com,Kolkata,West Bengal,India,2022-04-18,New
6209,Yash Setty,customer6209@example.com,Pune,Maharashtra,India,2021-05-05,Occasional
6210,Manthan Kohli,customer6210@example.com,Kolkata,West Bengal,India,2023-11-12,Regular
6211,Luke Lad,customer6211@example.com,Mumbai,Maharashtra,India,2021-08-16,Occasional
6212,Yadavi Rai,customer6212@example.com,Vijayawada,Andhra Pradesh,India,2024-09-20,Premium
6213,Jonathan Srinivas,customer6213@example.com,Ahmedabad,Gujarat,India,2024-03-26,Occasional
6214,Harshil Swaminathan,customer6214@example.com,Chennai,Tamil Nadu,India,2025-07-22,Occasional
6215,Watika Sachar,customer6215@example.com,Vijayawada,Andhra Pradesh,India,2025-09-17,Occasional
6216,Harita Kade,customer6216@example.com,Vijayawada,Andhra Pradesh,India,2023-12-01,Premium
6217,Benjamin Chandra,customer6217@example.com,Kolkata,West Bengal,India,2025-06-16,Premium
6218,Azaan Rama,customer6218@example.com,Hyderabad,Telangana,India,2021-11-02,Occasional
6219,Priya Ramaswamy,customer6219@example.com,Kolkata,West Bengal,India,2024-01-03,Occasional
6220,Raagini Saxena,customer6220@example.com,Chennai,Tamil Nadu,India,2023-06-29,Regular
6221,Devansh Dhawan,customer6221@example.com,Pune,Maharashtra,India,2022-11-16,Regular
6222,Ati Mutti,customer6222@example.com,Jaipur,Rajasthan,India,2025-02-24,Occasional
6223,Yuvraj Suresh,customer6223@example.com,Ahmedabad,Gujarat,India,2023-12-10,Occasional
6224,Dipta Raju,customer6224@example.com,Kochi,Kerala,India,2024-02-10,New
6225,Abha Wadhwa,customer6225@example.com,Vijayawada,Andhra Pradesh,India,2024-12-28,Regular
6226,Pooja Dutta,customer6226@example.com,Bengaluru,Karnataka,India,2024-10-03,Occasional
6227,Bhavna Pillai,customer6227@example.com,Warangal,Telangana,India,2022-05-27,New
6228,Damyanti Ray,customer6228@example.com,Chennai,Tamil Nadu,India,2022-01-09,New
6229,Abdul Sachdev,customer6229@example.com,Delhi,Delhi,India,2022-03-06,New
6230,Omya Narain,customer6230@example.com,Coimbatore,Tamil Nadu,India,2025-12-03,Regular
6231,Imaran Dhar,customer6231@example.com,Chennai,Tamil Nadu,India,2024-04-05,Occasional
6232,Jonathan Sem,customer6232@example.com,Chennai,Tamil Nadu,India,2021-06-18,Premium
6233,Praneel Kashyap,customer6233@example.com,Delhi,Delhi,India,2024-07-22,Regular
6234,Ridhi Kale,customer6234@example.com,Mumbai,Maharashtra,India,2023-09-20,New
6235,Lakshit Bora,customer6235@example.com,Jaipur,Rajasthan,India,2023-03-11,Regular
6236,Charvi Sarkar,customer6236@example.com,Bengaluru,Karnataka,India,2022-02-11,Regular
6237,Quincy Din,customer6237@example.com,Warangal,Telangana,India,2024-02-28,Occasional
6238,Wakeeta Shenoy,customer6238@example.com,Chennai,Tamil Nadu,India,2022-09-01,Premium
6239,Bhavini Pai,customer6239@example.com,Kolkata,West Bengal,India,2025-09-06,Regular
6240,Laksh Prakash,customer6240@example.com,Hyderabad,Telangana,India,2025-03-11,Regular
6241,Charles Shanker,customer6241@example.com,Ahmedabad,Gujarat,India,2021-12-28,Regular
6242,Victor Wagle,customer6242@example.com,Mumbai,Maharashtra,India,2021-03-17,Premium
6243,Brinda Sethi,customer6243@example.com,Ahmedabad,Gujarat,India,2022-02-21,Premium
6244,Xavier Hans,customer6244@example.com,Delhi,Delhi,India,2025-09-22,Regular
6245,Daksh Madan,customer6245@example.com,Delhi,Delhi,India,2024-10-13,Regular
6246,Megha Sura,customer6246@example.com,Ahmedabad,Gujarat,India,2023-09-11,Regular
6247,Advik Rana,customer6247@example.com,Kolkata,West Bengal,India,2024-05-28,Regular
6248,Theodore Dey,customer6248@example.com,Warangal,Telangana,India,2022-09-05,Premium
6249,Sai Agrawal,customer6249@example.com,Delhi,Delhi,India,2025-06-05,Occasional
6250,Lakshit Doshi,customer6250@example.com,Delhi,Delhi,India,2021-12-17,Regular
6251,Zarna Master,customer6251@example.com,Chennai,Tamil Nadu,India,2021-03-26,Regular
6252,Jonathan Rama,customer6252@example.com,Jaipur,Rajasthan,India,2025-04-13,Regular
6253,Samarth Kala,customer6253@example.com,Jaipur,Rajasthan,India,2023-02-26,Regular
6254,Lakshmi Bajaj,customer6254@example.com,Delhi,Delhi,India,2024-08-06,Premium
6255,Nidra Tara,customer6255@example.com,Hyderabad,Telangana,India,2025-05-02,Regular
6256,Lakshmi Anand,customer6256@example.com,Warangal,Telangana,India,2021-09-24,Regular
6257,Bhavika Saran,customer6257@example.com,Hyderabad,Telangana,India,2023-11-09,Occasional
6258,Kamala Saini,customer6258@example.com,Jaipur,Rajasthan,India,2022-02-18,Regular
6259,Ishaan Guha,customer6259@example.com,Warangal,Telangana,India,2023-05-20,Regular
6260,Kala Chander,customer6260@example.com,Mumbai,Maharashtra,India,2022-03-29,Regular
6261,Kavya Bedi,customer6261@example.com,Jaipur,Rajasthan,India,2025-10-19,Occasional
6262,Hritik Narula,customer6262@example.com,Delhi,Delhi,India,2021-01-03,Regular
6263,Imaran Soman,customer6263@example.com,Warangal,Telangana,India,2023-06-26,Regular
6264,Chanakya Kalita,customer6264@example.com,Coimbatore,Tamil Nadu,India,2023-12-08,Occasional
6265,Bhavika Kumer,customer6265@example.com,Mumbai,Maharashtra,India,2025-06-16,Regular
6266,Baghyawati Bhat,customer6266@example.com,Bengaluru,Karnataka,India,2021-07-31,Occasional
6267,Devansh Pall,customer6267@example.com,Pune,Maharashtra,India,2023-04-25,Regular
6268,Yashodhara Oak,customer6268@example.com,Vijayawada,Andhra Pradesh,India,2024-06-14,Regular
6269,Ganga Halder,customer6269@example.com,Vijayawada,Andhra Pradesh,India,2021-08-24,Premium
6270,Anvi Varma,customer6270@example.com,Bengaluru,Karnataka,India,2025-06-12,Regular
6271,Dayita Shanker,customer6271@example.com,Vijayawada,Andhra Pradesh,India,2022-11-06,Regular
6272,Yashasvi Bedi,customer6272@example.com,Vijayawada,Andhra Pradesh,India,2023-09-21,Regular
6273,Advik Chauhan,customer6273@example.com,Bhopal,Madhya Pradesh,India,2022-09-05,Occasional
6274,Lakshmi Manda,customer6274@example.com,Bengaluru,Karnataka,India,2024-06-07,Regular
6275,Vidhi Seshadri,customer6275@example.com,Warangal,Telangana,India,2024-10-21,Regular
6276,Balendra Chand,customer6276@example.com,Pune,Maharashtra,India,2025-09-02,Occasional
6277,Turvi Chauhan,customer6277@example.com,Bengaluru,Karnataka,India,2021-04-26,New
6278,Veda Chauhan,customer6278@example.com,Visakhapatnam,Andhra Pradesh,India,2024-06-11,Regular
6279,Hredhaan Pau,customer6279@example.com,Pune,Maharashtra,India,2024-09-16,Premium
6280,Panini Varughese,customer6280@example.com,Mumbai,Maharashtra,India,2025-05-23,Occasional
6281,Frederick Singhal,customer6281@example.com,Bengaluru,Karnataka,India,2024-08-05,Occasional
6282,Ishani Verma,customer6282@example.com,Coimbatore,Tamil Nadu,India,2024-04-12,Premium
6283,Nathaniel Sachdev,customer6283@example.com,Pune,Maharashtra,India,2022-09-20,New
6284,Benjamin Nagi,customer6284@example.com,Jaipur,Rajasthan,India,2021-07-24,Premium
6285,Sarthak Prasad,customer6285@example.com,Coimbatore,Tamil Nadu,India,2021-03-29,Regular
6286,Ishanvi Zacharia,customer6286@example.com,Warangal,Telangana,India,2022-08-13,Premium
6287,Pahal Narang,customer6287@example.com,Hyderabad,Telangana,India,2021-07-28,Regular
6288,Kala Koshy,customer6288@example.com,Mumbai,Maharashtra,India,2024-09-28,Occasional
6289,Yug Upadhyay,customer6289@example.com,Ahmedabad,Gujarat,India,2024-02-08,Regular
6290,Nathaniel Rama,customer6290@example.com,Kochi,Kerala,India,2022-05-22,Premium
6291,Girindra Sidhu,customer6291@example.com,Warangal,Telangana,India,2024-05-28,Premium
6292,Caleb Bhavsar,customer6292@example.com,Kochi,Kerala,India,2025-02-06,Occasional
6293,Pavani Sangha,customer6293@example.com,Kolkata,West Bengal,India,2023-10-24,Regular
6294,Sathvik Agrawal,customer6294@example.com,Pune,Maharashtra,India,2025-08-30,New
6295,Max Varma,customer6295@example.com,Mumbai,Maharashtra,India,2022-09-21,Occasional
6296,Nakul Shere,customer6296@example.com,Mumbai,Maharashtra,India,2023-11-26,Regular
6297,Leena Sani,customer6297@example.com,Hyderabad,Telangana,India,2022-07-10,Occasional
6298,Aadhya Nadig,customer6298@example.com,Mumbai,Maharashtra,India,2025-10-07,Occasional
6299,Darsh Gala,customer6299@example.com,Bhopal,Madhya Pradesh,India,2021-08-05,Regular
6300,Zarna Prabhakar,customer6300@example.com,Visakhapatnam,Andhra Pradesh,India,2023-09-22,Occasional
6301,Hredhaan Khare,customer6301@example.com,Bhopal,Madhya Pradesh,India,2023-07-21,Occasional
6302,Rayaan Amble,customer6302@example.com,Kolkata,West Bengal,India,2021-01-14,Premium
6303,Jeremiah Anand,customer6303@example.com,Visakhapatnam,Andhra Pradesh,India,2025-07-21,Regular
6304,Ojas Sule,customer6304@example.com,Visakhapatnam,Andhra Pradesh,India,2024-11-19,Premium
6305,Tamanna D’Alia,customer6305@example.com,Delhi,Delhi,India,2025-01-16,Occasional
6306,Logan Nagar,customer6306@example.com,Visakhapatnam,Andhra Pradesh,India,2022-01-11,New
6307,Yamini Ramakrishnan,customer6307@example.com,Pune,Maharashtra,India,2022-02-03,Regular
6308,Darsh Anand,customer6308@example.com,Chennai,Tamil Nadu,India,2022-09-09,Regular
6309,Madhav Bora,customer6309@example.com,Vijayawada,Andhra Pradesh,India,2024-10-07,New
6310,Arya Dhaliwal,customer6310@example.com,Pune,Maharashtra,India,2021-05-30,Regular
6311,Bina Suresh,customer6311@example.com,Warangal,Telangana,India,2022-08-25,Regular
6312,Ikshita Sule,customer6312@example.com,Delhi,Delhi,India,2022-11-04,Regular
6313,Girindra Sane,customer6313@example.com,Mumbai,Maharashtra,India,2024-10-20,Occasional
6314,Hritik Puri,customer6314@example.com,Visakhapatnam,Andhra Pradesh,India,2022-01-09,Regular
6315,Inaya Rastogi,customer6315@example.com,Bhopal,Madhya Pradesh,India,2024-02-08,Regular
6316,Niharika Minhas,customer6316@example.com,Bhopal,Madhya Pradesh,India,2024-06-04,Regular
6317,Wahab Hayer,customer6317@example.com,Mumbai,Maharashtra,India,2021-05-07,New
6318,Amol Badal,customer6318@example.com,Pune,Maharashtra,India,2023-06-13,Occasional
6319,Neel Manda,customer6319@example.com,Delhi,Delhi,India,2024-02-14,Regular
6320,Janya Hayre,customer6320@example.com,Mumbai,Maharashtra,India,2022-03-07,Regular
6321,Qabil Datta,customer6321@example.com,Hyderabad,Telangana,India,2024-11-26,Regular
6322,Aarna Kohli,customer6322@example.com,Vijayawada,Andhra Pradesh,India,2021-10-02,Regular
6323,Ansh Pathak,customer6323@example.com,Jaipur,Rajasthan,India,2021-02-11,Premium
6324,Yagnesh Sama,customer6324@example.com,Kochi,Kerala,India,2023-06-03,Regular
6325,Gaurika Tailor,customer6325@example.com,Kochi,Kerala,India,2021-06-05,Occasional
6326,Fitan Narasimhan,customer6326@example.com,Mumbai,Maharashtra,India,2025-12-28,Premium
6327,Caleb Biswas,customer6327@example.com,Hyderabad,Telangana,India,2021-04-26,Regular
6328,Oni Andra,customer6328@example.com,Visakhapatnam,Andhra Pradesh,India,2024-05-18,Premium
6329,Krish Rattan,customer6329@example.com,Visakhapatnam,Andhra Pradesh,India,2021-04-06,Regular
6330,Advika Sidhu,customer6330@example.com,Mumbai,Maharashtra,India,2023-12-20,Regular
6331,Samar Kannan,customer6331@example.com,Visakhapatnam,Andhra Pradesh,India,2023-11-11,Regular
6332,Yashica Tella,customer6332@example.com,Kolkata,West Bengal,India,2023-09-17,Regular
6333,Vyanjana Chakraborty,customer6333@example.com,Kochi,Kerala,India,2022-10-06,Regular
6334,Bhanumati Rau,customer6334@example.com,Kolkata,West Bengal,India,2022-08-04,Premium
6335,Zayyan Rajagopalan,customer6335@example.com,Mumbai,Maharashtra,India,2025-01-06,Occasional
6336,Lila Mander,customer6336@example.com,Warangal,Telangana,India,2023-01-24,Premium
6337,Arin Johal,customer6337@example.com,Mumbai,Maharashtra,India,2023-01-16,Premium
6338,Liam Reddy,customer6338@example.com,Pune,Maharashtra,India,2021-10-12,Occasional
6339,Madhav Vasa,customer6339@example.com,Hyderabad,Telangana,India,2024-08-08,Premium
6340,Maya Yohannan,customer6340@example.com,Bengaluru,Karnataka,India,2022-03-18,Regular
6341,Ojas Tara,customer6341@example.com,Mumbai,Maharashtra,India,2023-11-01,Occasional
6342,Aarnav Baral,customer6342@example.com,Ahmedabad,Gujarat,India,2022-02-04,Occasional
6343,Ansh Raman,customer6343@example.com,Kochi,Kerala,India,2021-04-17,Regular
6344,Daksha Purohit,customer6344@example.com,Warangal,Telangana,India,2021-06-04,Occasional
6345,Gabriel Bajwa,customer6345@example.com,Bengaluru,Karnataka,India,2021-02-24,New
6346,Ati Joshi,customer6346@example.com,Chennai,Tamil Nadu,India,2025-10-05,Regular
6347,Ishwar Rattan,customer6347@example.com,Bhopal,Madhya Pradesh,India,2022-03-22,Premium
6348,Rudra Keer,customer6348@example.com,Chennai,Tamil Nadu,India,2022-09-23,Premium
6349,Teerth Raj,customer6349@example.com,Bhopal,Madhya Pradesh,India,2023-09-23,Regular
6350,Gaurav Bhardwaj,customer6350@example.com,Kochi,Kerala,India,2022-09-16,Occasional
6351,Charles Vora,customer6351@example.com,Delhi,Delhi,India,2021-06-26,Regular
6352,Sachi Verma,customer6352@example.com,Bhopal,Madhya Pradesh,India,2022-12-31,Premium
6353,Dayita Wali,customer6353@example.com,Mumbai,Maharashtra,India,2021-12-21,New
6354,Vihaan Nayak,customer6354@example.com,Jaipur,Rajasthan,India,2021-05-20,Regular
6355,Gautami Gole,customer6355@example.com,Jaipur,Rajasthan,India,2023-05-16,Regular
6356,Chandran Lala,customer6356@example.com,Bhopal,Madhya Pradesh,India,2021-06-07,Regular
6357,Omisha Samra,customer6357@example.com,Jaipur,Rajasthan,India,2022-11-17,Premium
6358,Omisha Ramesh,customer6358@example.com,Kochi,Kerala,India,2021-10-03,Regular
6359,Yauvani Butala,customer6359@example.com,Bengaluru,Karnataka,India,2022-06-14,Regular
6360,Pushti Venkatesh,customer6360@example.com,Chennai,Tamil Nadu,India,2022-03-12,Regular
6361,Chavvi Shanker,customer6361@example.com,Warangal,Telangana,India,2021-07-27,Regular
6362,Aarush Palan,customer6362@example.com,Bhopal,Madhya Pradesh,India,2023-03-08,Regular
6363,Gaurang Bansal,customer6363@example.com,Ahmedabad,Gujarat,India,2022-11-16,Regular
6364,Yash Anand,customer6364@example.com,Kochi,Kerala,India,2023-12-20,Occasional
6365,Samaksh Sem,customer6365@example.com,Delhi,Delhi,India,2024-09-06,Premium
6366,Liam Chandra,customer6366@example.com,Ahmedabad,Gujarat,India,2025-04-15,Regular
6367,Darika Dey,customer6367@example.com,Pune,Maharashtra,India,2025-09-29,Regular
6368,Urvi Reddy,customer6368@example.com,Visakhapatnam,Andhra Pradesh,India,2024-08-04,Occasional
6369,Hemang Ravi,customer6369@example.com,Kolkata,West Bengal,India,2024-01-11,Regular
6370,Varenya Chaudhari,customer6370@example.com,Kolkata,West Bengal,India,2025-02-18,Regular
6371,Varenya Rao,customer6371@example.com,Delhi,Delhi,India,2025-05-01,Regular
6372,Nilima Keer,customer6372@example.com,Bhopal,Madhya Pradesh,India,2022-01-25,Regular
6373,Aryan Chahal,customer6373@example.com,Kochi,Kerala,India,2024-09-05,Regular
6374,Tripti Ratti,customer6374@example.com,Kochi,Kerala,India,2024-05-16,Premium
6375,Qarin Sandal,customer6375@example.com,Bhopal,Madhya Pradesh,India,2022-06-19,Regular
6376,Sachi Varma,customer6376@example.com,Chennai,Tamil Nadu,India,2024-09-04,Regular
6377,Robert Sem,customer6377@example.com,Pune,Maharashtra,India,2025-05-19,Premium
6378,Megha Nair,customer6378@example.com,Ahmedabad,Gujarat,India,2024-05-18,Occasional
6379,Aadi Sheth,customer6379@example.com,Bhopal,Madhya Pradesh,India,2022-06-10,Regular
6380,Eesha Wason,customer6380@example.com,Kochi,Kerala,India,2023-06-25,Occasional
6381,Ekiya Om,customer6381@example.com,Bengaluru,Karnataka,India,2021-11-26,Regular
6382,Udyati Doshi,customer6382@example.com,Hyderabad,Telangana,India,2025-01-20,Regular
6383,Warhi Rai,customer6383@example.com,Kochi,Kerala,India,2024-09-09,Occasional
6384,Raghav Pingle,customer6384@example.com,Kolkata,West Bengal,India,2023-07-10,Occasional
6385,Edhitha Balan,customer6385@example.com,Warangal,Telangana,India,2025-07-12,Premium
6386,Jeet Sastry,customer6386@example.com,Coimbatore,Tamil Nadu,India,2021-08-14,New
6387,Forum Subramanian,customer6387@example.com,Warangal,Telangana,India,2021-12-06,Regular
6388,Ekaraj Dewan,customer6388@example.com,Warangal,Telangana,India,2025-09-10,Occasional
6389,Indali Chander,customer6389@example.com,Jaipur,Rajasthan,India,2024-01-01,Regular
6390,Faris Comar,customer6390@example.com,Pune,Maharashtra,India,2025-07-19,Occasional
6391,Balveer Bhalla,customer6391@example.com,Warangal,Telangana,India,2023-08-17,Occasional
6392,Aayush Gour,customer6392@example.com,Visakhapatnam,Andhra Pradesh,India,2024-01-27,Regular
6393,Pratyush Virk,customer6393@example.com,Vijayawada,Andhra Pradesh,India,2023-03-25,Premium
6394,Ikshita Sheth,customer6394@example.com,Chennai,Tamil Nadu,India,2024-10-21,Regular
6395,Anay Dhaliwal,customer6395@example.com,Ahmedabad,Gujarat,India,2021-06-04,Occasional
6396,Jatin Chaudry,customer6396@example.com,Kolkata,West Bengal,India,2022-09-02,Premium
6397,Agastya Bhatt,customer6397@example.com,Bhopal,Madhya Pradesh,India,2022-04-11,Occasional
6398,Balendra Tak,customer6398@example.com,Coimbatore,Tamil Nadu,India,2025-04-25,Regular
6399,Arin Ratti,customer6399@example.com,Visakhapatnam,Andhra Pradesh,India,2023-05-06,Regular
6400,Pratyush Edwin,customer6400@example.com,Bhopal,Madhya Pradesh,India,2023-12-07,Premium
6401,Nikita Kade,customer6401@example.com,Kolkata,West Bengal,India,2022-12-07,Regular
6402,Leena Ganguly,customer6402@example.com,Chennai,Tamil Nadu,India,2022-01-05,Premium
6403,Wishi Hayre,customer6403@example.com,Hyderabad,Telangana,India,2021-05-11,Regular
6404,Advika Gera,customer6404@example.com,Bhopal,Madhya Pradesh,India,2021-03-03,Premium
6405,Liam Lad,customer6405@example.com,Warangal,Telangana,India,2024-04-10,Regular
6406,Januja Khare,customer6406@example.com,Warangal,Telangana,India,2025-11-20,Regular
6407,Aryan Narain,customer6407@example.com,Coimbatore,Tamil Nadu,India,2024-12-29,Regular
6408,Aradhana Mody,customer6408@example.com,Delhi,Delhi,India,2025-03-18,Premium
6409,Nikita Tandon,customer6409@example.com,Warangal,Telangana,India,2024-04-29,Regular
6410,Lajita Tailor,customer6410@example.com,Kolkata,West Bengal,India,2023-03-06,New
6411,Daksha Kulkarni,customer6411@example.com,Coimbatore,Tamil Nadu,India,2022-10-10,Regular
6412,Aachal Narayanan,customer6412@example.com,Coimbatore,Tamil Nadu,India,2024-03-03,Regular
6413,Lajita Sanghvi,customer6413@example.com,Coimbatore,Tamil Nadu,India,2021-07-23,Regular
6414,Irya Varkey,customer6414@example.com,Kolkata,West Bengal,India,2025-09-02,Occasional
6415,Yashawini Issac,customer6415@example.com,Jaipur,Rajasthan,India,2022-09-10,Premium
6416,Ira Sanghvi,customer6416@example.com,Bengaluru,Karnataka,India,2023-07-11,Regular
6417,Warda Kalita,customer6417@example.com,Bengaluru,Karnataka,India,2022-05-13,Premium
6418,Chandani Vasa,customer6418@example.com,Vijayawada,Andhra Pradesh,India,2024-09-10,Occasional
6419,Mitesh Balan,customer6419@example.com,Bengaluru,Karnataka,India,2023-09-01,Regular
6420,Janya Vohra,customer6420@example.com,Vijayawada,Andhra Pradesh,India,2024-12-02,Regular
6421,Yashoda Mannan,customer6421@example.com,Kolkata,West Bengal,India,2025-01-03,Regular
6422,Nilima Kamdar,customer6422@example.com,Mumbai,Maharashtra,India,2023-01-28,Occasional
6423,Yagnesh Sani,customer6423@example.com,Jaipur,Rajasthan,India,2023-02-22,Regular
6424,Ishani Bajwa,customer6424@example.com,Visakhapatnam,Andhra Pradesh,India,2023-11-14,Regular
6425,Darpan Patel,customer6425@example.com,Delhi,Delhi,India,2023-08-08,Occasional
6426,Amruta Rattan,customer6426@example.com,Warangal,Telangana,India,2021-04-10,Regular
6427,Abhiram Behl,customer6427@example.com,Coimbatore,Tamil Nadu,India,2024-12-10,Regular
6428,Avni Gera,customer6428@example.com,Hyderabad,Telangana,India,2024-11-23,Regular
6429,Unni Sekhon,customer6429@example.com,Warangal,Telangana,India,2022-09-02,Regular
6430,Lucky Murty,customer6430@example.com,Hyderabad,Telangana,India,2022-12-08,Regular
6431,Aayush Khurana,customer6431@example.com,Hyderabad,Telangana,India,2023-04-18,Regular
6432,Dev Sama,customer6432@example.com,Bhopal,Madhya Pradesh,India,2025-10-13,Occasional
6433,Indali Choudhary,customer6433@example.com,Kolkata,West Bengal,India,2022-03-04,Premium
6434,Kevin Agrawal,customer6434@example.com,Bhopal,Madhya Pradesh,India,2024-01-06,Regular
6435,Arin Goyal,customer6435@example.com,Bengaluru,Karnataka,India,2023-07-21,Regular
6436,Devika Kadakia,customer6436@example.com,Vijayawada,Andhra Pradesh,India,2025-10-14,Regular
6437,Dhruv Dewan,customer6437@example.com,Hyderabad,Telangana,India,2023-12-03,New
6438,Viraj Kapur,customer6438@example.com,Pune,Maharashtra,India,2024-12-12,Regular
6439,Raghav Brar,customer6439@example.com,Coimbatore,Tamil Nadu,India,2025-03-07,Regular
6440,Lucky Khare,customer6440@example.com,Pune,Maharashtra,India,2021-11-09,New
6441,Anvi Ganesan,customer6441@example.com,Ahmedabad,Gujarat,India,2024-01-01,Regular
6442,Qasim Sharma,customer6442@example.com,Warangal,Telangana,India,2024-05-31,Regular
6443,Radha Rai,customer6443@example.com,Bengaluru,Karnataka,India,2023-04-01,Regular
6444,Indrajit Behl,customer6444@example.com,Vijayawada,Andhra Pradesh,India,2022-07-24,Regular
6445,Warhi Kapoor,customer6445@example.com,Kolkata,West Bengal,India,2025-06-15,Occasional
6446,Inaya Pall,customer6446@example.com,Kochi,Kerala,India,2025-07-01,Premium
6447,Faris Lad,customer6447@example.com,Kochi,Kerala,India,2023-06-28,Occasional
6448,Faris Kata,customer6448@example.com,Mumbai,Maharashtra,India,2024-09-02,New
6449,Farhan Sood,customer6449@example.com,Warangal,Telangana,India,2023-10-05,New
6450,Ishita Munshi,customer6450@example.com,Visakhapatnam,Andhra Pradesh,India,2023-08-04,Regular
6451,Azad Sahni,customer6451@example.com,Kolkata,West Bengal,India,2022-11-15,Regular
6452,Quincy Chokshi,customer6452@example.com,Bengaluru,Karnataka,India,2022-02-26,Regular
6453,Ryan Kota,customer6453@example.com,Bhopal,Madhya Pradesh,India,2024-07-15,Regular
6454,Lekha Chandran,customer6454@example.com,Visakhapatnam,Andhra Pradesh,India,2024-10-06,Regular
6455,Eesha Soni,customer6455@example.com,Bengaluru,Karnataka,India,2022-03-13,Occasional
6456,Ojas Sandal,customer6456@example.com,Jaipur,Rajasthan,India,2024-03-09,New
6457,Oscar Samra,customer6457@example.com,Pune,Maharashtra,India,2023-03-11,Regular
6458,Jagat Vaidya,customer6458@example.com,Coimbatore,Tamil Nadu,India,2021-03-31,Regular
6459,Nathaniel Atwal,customer6459@example.com,Hyderabad,Telangana,India,2024-10-05,Premium
6460,Vivaan Chacko,customer6460@example.com,Vijayawada,Andhra Pradesh,India,2021-07-03,Regular
6461,Anmol Keer,customer6461@example.com,Warangal,Telangana,India,2024-09-02,Occasional
6462,Rajata Tak,customer6462@example.com,Kolkata,West Bengal,India,2023-11-10,New
6463,Gautami Bali,customer6463@example.com,Kolkata,West Bengal,India,2021-07-04,Regular
6464,Jeremiah Sahota,customer6464@example.com,Chennai,Tamil Nadu,India,2023-10-23,New
6465,Harish Ghose,customer6465@example.com,Kochi,Kerala,India,2024-10-01,New
6466,Veer Wali,customer6466@example.com,Kochi,Kerala,India,2022-10-31,Regular
6467,Darika Thakkar,customer6467@example.com,Bhopal,Madhya Pradesh,India,2025-09-24,Occasional
6468,Bishakha Doshi,customer6468@example.com,Vijayawada,Andhra Pradesh,India,2023-12-06,Occasional
6469,Kala Kibe,customer6469@example.com,Kochi,Kerala,India,2021-06-27,New
6470,Jeevika Batra,customer6470@example.com,Bhopal,Madhya Pradesh,India,2024-05-30,Premium
6471,Wazir Chhabra,customer6471@example.com,Jaipur,Rajasthan,India,2022-03-26,Regular
6472,Kevin Sinha,customer6472@example.com,Hyderabad,Telangana,India,2023-02-05,Occasional
6473,Riya Radhakrishnan,customer6473@example.com,Warangal,Telangana,India,2024-01-30,Regular
6474,Devansh Choudhary,customer6474@example.com,Pune,Maharashtra,India,2024-12-20,Regular
6475,Arjun Mangal,customer6475@example.com,Coimbatore,Tamil Nadu,India,2023-10-27,Premium
6476,Frederick Verma,customer6476@example.com,Bengaluru,Karnataka,India,2023-03-15,Regular
6477,Yuvraj Sarin,customer6477@example.com,Vijayawada,Andhra Pradesh,India,2022-09-24,Regular
6478,Frado Barad,customer6478@example.com,Bengaluru,Karnataka,India,2024-03-03,New
6479,Veda Dani,customer6479@example.com,Jaipur,Rajasthan,India,2022-05-03,Regular
6480,Amol Reddy,customer6480@example.com,Chennai,Tamil Nadu,India,2021-11-30,Regular
6481,Unni Date,customer6481@example.com,Kolkata,West Bengal,India,2022-04-02,Occasional
6482,Devansh Seth,customer6482@example.com,Chennai,Tamil Nadu,India,2024-04-26,Regular
6483,Yashodhara Choudhury,customer6483@example.com,Bengaluru,Karnataka,India,2022-10-26,Regular
6484,Fiyaz Bera,customer6484@example.com,Ahmedabad,Gujarat,India,2024-08-20,Occasional
6485,Veer Dugal,customer6485@example.com,Chennai,Tamil Nadu,India,2025-04-14,Premium
6486,Yatin Ranganathan,customer6486@example.com,Hyderabad,Telangana,India,2022-05-02,Regular
6487,Ekanta Savant,customer6487@example.com,Visakhapatnam,Andhra Pradesh,India,2025-10-29,Premium
6488,Radhika Sule,customer6488@example.com,Hyderabad,Telangana,India,2022-11-08,Occasional
6489,Jagrati Devan,customer6489@example.com,Bhopal,Madhya Pradesh,India,2021-12-20,Premium
6490,Vinaya Agarwal,customer6490@example.com,Kochi,Kerala,India,2025-10-22,Regular
6491,Hiral Buch,customer6491@example.com,Ahmedabad,Gujarat,India,2024-10-05,Occasional
6492,Daksh Kumar,customer6492@example.com,Pune,Maharashtra,India,2024-03-05,Regular
6493,Charan Anne,customer6493@example.com,Vijayawada,Andhra Pradesh,India,2023-05-02,New
6494,Karan Purohit,customer6494@example.com,Vijayawada,Andhra Pradesh,India,2022-07-06,Regular
6495,Warda Banerjee,customer6495@example.com,Kolkata,West Bengal,India,2025-06-06,Regular
6496,Hiral Bhakta,customer6496@example.com,Chennai,Tamil Nadu,India,2022-10-24,Regular
6497,Yahvi Ratta,customer6497@example.com,Kolkata,West Bengal,India,2022-06-13,Regular
6498,Champak Khanna,customer6498@example.com,Pune,Maharashtra,India,2024-11-07,Regular
6499,Abhiram Jha,customer6499@example.com,Ahmedabad,Gujarat,India,2021-05-28,Occasional
6500,Tripti Pall,customer6500@example.com,Kochi,Kerala,India,2023-04-29,Premium
6501,Madhav Khatri,customer6501@example.com,Delhi,Delhi,India,2023-07-14,Regular
6502,Chaitanya Borra,customer6502@example.com,Coimbatore,Tamil Nadu,India,2024-08-10,Premium
6503,Sanya Gera,customer6503@example.com,Warangal,Telangana,India,2023-01-27,Premium
6504,Dipta Chaudhry,customer6504@example.com,Ahmedabad,Gujarat,India,2021-08-11,Regular
6505,Avni Prashad,customer6505@example.com,Warangal,Telangana,India,2023-01-28,Regular
6506,Dayita Dutta,customer6506@example.com,Hyderabad,Telangana,India,2021-07-06,Regular
6507,Guneet Keer,customer6507@example.com,Pune,Maharashtra,India,2022-04-08,Premium
6508,Janaki Keer,customer6508@example.com,Coimbatore,Tamil Nadu,India,2025-07-22,New
6509,Ronith Bose,customer6509@example.com,Bhopal,Madhya Pradesh,India,2022-06-25,Occasional
6510,Nirja Kapadia,customer6510@example.com,Delhi,Delhi,India,2024-04-16,Occasional
6511,Wazir Yogi,customer6511@example.com,Warangal,Telangana,India,2024-07-14,Occasional
6512,Varenya Korpal,customer6512@example.com,Bengaluru,Karnataka,India,2025-10-23,New
6513,Unnati Uppal,customer6513@example.com,Warangal,Telangana,India,2024-03-27,Regular
6514,Priya Subramaniam,customer6514@example.com,Chennai,Tamil Nadu,India,2023-08-10,Occasional
6515,Brijesh Bajaj,customer6515@example.com,Bhopal,Madhya Pradesh,India,2022-07-27,Regular
6516,Faris Kurian,customer6516@example.com,Mumbai,Maharashtra,India,2024-01-04,Regular
6517,Urvi Andra,customer6517@example.com,Hyderabad,Telangana,India,2021-11-06,Regular
6518,Radha Khurana,customer6518@example.com,Bhopal,Madhya Pradesh,India,2024-11-20,Premium
6519,Ayaan Walia,customer6519@example.com,Kolkata,West Bengal,India,2023-04-16,New
6520,Pranit Kalita,customer6520@example.com,Mumbai,Maharashtra,India,2023-09-24,Occasional
6521,Kamya Buch,customer6521@example.com,Hyderabad,Telangana,India,2024-11-26,Regular
6522,Alka Modi,customer6522@example.com,Mumbai,Maharashtra,India,2021-12-09,Regular
6523,Januja Salvi,customer6523@example.com,Bhopal,Madhya Pradesh,India,2024-01-30,Occasional
6524,Megha Padmanabhan,customer6524@example.com,Bengaluru,Karnataka,India,2025-01-08,Regular
6525,Ishwar Grewal,customer6525@example.com,Coimbatore,Tamil Nadu,India,2023-11-18,Occasional
6526,Wishi Brar,customer6526@example.com,Bhopal,Madhya Pradesh,India,2024-11-10,Occasional
6527,Sanaya Dada,customer6527@example.com,Bhopal,Madhya Pradesh,India,2023-01-05,Occasional
6528,Lohit Sandal,customer6528@example.com,Chennai,Tamil Nadu,India,2025-04-06,Regular
6529,Nandini Chhabra,customer6529@example.com,Kochi,Kerala,India,2023-01-18,New
6530,Lakshmi Sastry,customer6530@example.com,Bhopal,Madhya Pradesh,India,2022-02-22,Regular
6531,Aryan Pradhan,customer6531@example.com,Coimbatore,Tamil Nadu,India,2025-08-17,Occasional
6532,Sarthak Shanker,customer6532@example.com,Hyderabad,Telangana,India,2024-02-04,Regular
6533,Vanya Mangat,customer6533@example.com,Warangal,Telangana,India,2021-11-02,New
6534,Logan Kalla,customer6534@example.com,Jaipur,Rajasthan,India,2021-05-25,Occasional
6535,Ekapad Mittal,customer6535@example.com,Bhopal,Madhya Pradesh,India,2023-06-16,Premium
6536,Lakshmi Goda,customer6536@example.com,Ahmedabad,Gujarat,India,2023-07-13,Regular
6537,Samarth Kamdar,customer6537@example.com,Bengaluru,Karnataka,India,2025-03-16,Regular
6538,Indrajit Bora,customer6538@example.com,Hyderabad,Telangana,India,2021-01-03,Premium
6539,Gunbir Misra,customer6539@example.com,Kolkata,West Bengal,India,2024-11-21,Regular
6540,Kavya Grewal,customer6540@example.com,Visakhapatnam,Andhra Pradesh,India,2022-06-25,Regular
6541,Isaiah Ranganathan,customer6541@example.com,Kolkata,West Bengal,India,2023-07-08,Regular
6542,Sarthak Sagar,customer6542@example.com,Coimbatore,Tamil Nadu,India,2025-07-11,Occasional
6543,Avi Krishna,customer6543@example.com,Chennai,Tamil Nadu,India,2023-03-25,Premium
6544,Krishna Yohannan,customer6544@example.com,Hyderabad,Telangana,India,2024-04-21,Premium
6545,Yashvi Subramanian,customer6545@example.com,Kochi,Kerala,India,2025-10-23,Occasional
6546,Krishna Kashyap,customer6546@example.com,Ahmedabad,Gujarat,India,2021-03-09,Regular
6547,Arunima Kannan,customer6547@example.com,Delhi,Delhi,India,2021-01-10,Occasional
6548,Neelima Karan,customer6548@example.com,Vijayawada,Andhra Pradesh,India,2025-02-20,Premium
6549,Pratyush Dhillon,customer6549@example.com,Kolkata,West Bengal,India,2021-09-02,Premium
6550,Vasudha Bhardwaj,customer6550@example.com,Kochi,Kerala,India,2021-12-19,Regular
6551,Udant Mammen,customer6551@example.com,Bengaluru,Karnataka,India,2024-04-05,Regular
6552,Aishani Bedi,customer6552@example.com,Delhi,Delhi,India,2021-07-20,Regular
6553,Girindra Bumb,customer6553@example.com,Warangal,Telangana,India,2024-03-17,Regular
6554,Onkar Dave,customer6554@example.com,Bhopal,Madhya Pradesh,India,2025-08-15,Regular
6555,Avni Srinivasan,customer6555@example.com,Bhopal,Madhya Pradesh,India,2025-05-15,Regular
6556,Anmol Chahal,customer6556@example.com,Chennai,Tamil Nadu,India,2022-01-21,Regular
6557,Sanya Rattan,customer6557@example.com,Bhopal,Madhya Pradesh,India,2025-07-25,Premium
6558,Gaurika Sem,customer6558@example.com,Chennai,Tamil Nadu,India,2021-06-15,Premium
6559,Vansha Mane,customer6559@example.com,Hyderabad,Telangana,India,2025-06-22,Regular
6560,Dakshesh Mutti,customer6560@example.com,Vijayawada,Andhra Pradesh,India,2025-12-13,Occasional
6561,Hredhaan Swaminathan,customer6561@example.com,Kochi,Kerala,India,2022-05-16,Occasional
6562,Arya Rout,customer6562@example.com,Jaipur,Rajasthan,India,2022-01-21,Premium
6563,Ishani Varughese,customer6563@example.com,Kochi,Kerala,India,2023-11-10,Premium
6564,Aditya Sant,customer6564@example.com,Vijayawada,Andhra Pradesh,India,2021-10-22,Regular
6565,Siddharth Munshi,customer6565@example.com,Hyderabad,Telangana,India,2021-08-28,Premium
6566,Girindra Reddy,customer6566@example.com,Bengaluru,Karnataka,India,2024-06-16,Regular
6567,Om Shenoy,customer6567@example.com,Mumbai,Maharashtra,India,2022-09-14,Premium
6568,Saumya Gokhale,customer6568@example.com,Pune,Maharashtra,India,2024-02-13,Regular
6569,Omya Mody,customer6569@example.com,Bhopal,Madhya Pradesh,India,2024-07-11,Regular
6570,Vinaya Tripathi,customer6570@example.com,Mumbai,Maharashtra,India,2024-06-29,Premium
6571,Siddharth Vora,customer6571@example.com,Delhi,Delhi,India,2021-08-09,Regular
6572,Manya Wali,customer6572@example.com,Warangal,Telangana,India,2025-12-10,Occasional
6573,Ishaan Johal,customer6573@example.com,Warangal,Telangana,India,2022-06-02,Regular
6574,Faraj Sandhu,customer6574@example.com,Ahmedabad,Gujarat,India,2021-02-10,Regular
6575,Ranbir Garg,customer6575@example.com,Vijayawada,Andhra Pradesh,India,2025-03-15,Occasional
6576,Tristan Hayer,customer6576@example.com,Pune,Maharashtra,India,2021-12-24,Occasional
6577,Wyatt Bose,customer6577@example.com,Coimbatore,Tamil Nadu,India,2024-08-02,Regular
6578,Amrita Bansal,customer6578@example.com,Vijayawada,Andhra Pradesh,India,2024-12-31,Regular
6579,Daksh Kibe,customer6579@example.com,Pune,Maharashtra,India,2021-05-22,Occasional
6580,Ishanvi Merchant,customer6580@example.com,Mumbai,Maharashtra,India,2025-01-19,Occasional
6581,Yahvi Kar,customer6581@example.com,Chennai,Tamil Nadu,India,2024-02-29,Regular
6582,Wahab Dasgupta,customer6582@example.com,Mumbai,Maharashtra,India,2023-11-28,Regular
6583,Arya Kamdar,customer6583@example.com,Ahmedabad,Gujarat,India,2022-04-21,Regular
6584,Ekanta Oommen,customer6584@example.com,Hyderabad,Telangana,India,2022-04-24,Regular
6585,Anita Boase,customer6585@example.com,Delhi,Delhi,India,2021-11-25,Occasional
6586,Ekalinga Kumar,customer6586@example.com,Jaipur,Rajasthan,India,2022-07-27,Regular
6587,Praneel Cherian,customer6587@example.com,Warangal,Telangana,India,2025-03-14,Regular
6588,Nidra Barad,customer6588@example.com,Bengaluru,Karnataka,India,2022-07-21,Occasional
6589,Viraj Lal,customer6589@example.com,Ahmedabad,Gujarat,India,2022-01-13,Regular
6590,Guneet Johal,customer6590@example.com,Vijayawada,Andhra Pradesh,India,2024-01-18,Regular
6591,Eesha Kaur,customer6591@example.com,Warangal,Telangana,India,2025-09-20,Regular
6592,Lopa Kalla,customer6592@example.com,Coimbatore,Tamil Nadu,India,2021-10-19,Occasional
6593,Abhiram Singhal,customer6593@example.com,Hyderabad,Telangana,India,2021-06-13,New
6594,Chakradhar Sangha,customer6594@example.com,Vijayawada,Andhra Pradesh,India,2024-05-27,Regular
6595,Ucchal Deshmukh,customer6595@example.com,Kochi,Kerala,India,2023-08-09,Regular
6596,Patrick Chokshi,customer6596@example.com,Warangal,Telangana,India,2023-05-13,Premium
6597,Raghav Narasimhan,customer6597@example.com,Coimbatore,Tamil Nadu,India,2024-12-02,Premium
6598,Nandini Trivedi,customer6598@example.com,Mumbai,Maharashtra,India,2021-10-16,Regular
6599,Samuel Kale,customer6599@example.com,Mumbai,Maharashtra,India,2021-07-19,Occasional
6600,Pushti Sethi,customer6600@example.com,Warangal,Telangana,India,2025-01-01,Premium
6601,Laban Dara,customer6601@example.com,Coimbatore,Tamil Nadu,India,2021-03-31,Regular
6602,Chaaya Apte,customer6602@example.com,Kolkata,West Bengal,India,2025-01-27,Premium
6603,Kevin Garg,customer6603@example.com,Delhi,Delhi,India,2022-07-15,Regular
6604,Girindra Vohra,customer6604@example.com,Hyderabad,Telangana,India,2022-06-15,Regular
6605,Nisha Korpal,customer6605@example.com,Delhi,Delhi,India,2022-12-15,Regular
6606,Radha Munshi,customer6606@example.com,Delhi,Delhi,India,2022-07-29,Regular
6607,Girindra Chaudhry,customer6607@example.com,Visakhapatnam,Andhra Pradesh,India,2023-08-17,Regular
6608,Amrita Ganguly,customer6608@example.com,Ahmedabad,Gujarat,India,2023-08-22,Occasional
6609,Nachiket Balasubramanian,customer6609@example.com,Bhopal,Madhya Pradesh,India,2023-07-11,Premium
6610,Yash Pillai,customer6610@example.com,Jaipur,Rajasthan,India,2022-05-04,Occasional
6611,Reva Sabharwal,customer6611@example.com,Pune,Maharashtra,India,2021-01-23,New
6612,Jacob Varma,customer6612@example.com,Bhopal,Madhya Pradesh,India,2023-12-27,Regular
6613,Gayathri Saha,customer6613@example.com,Kochi,Kerala,India,2024-08-15,Regular
6614,Bhavani Chauhan,customer6614@example.com,Kochi,Kerala,India,2023-05-02,Premium
6615,Indali Hans,customer6615@example.com,Vijayawada,Andhra Pradesh,India,2023-08-18,Occasional
6616,Reyansh Sibal,customer6616@example.com,Delhi,Delhi,India,2025-08-03,Occasional
6617,Deepa Desai,customer6617@example.com,Kochi,Kerala,India,2021-05-01,Occasional
6618,Girik Bhalla,customer6618@example.com,Vijayawada,Andhra Pradesh,India,2023-07-22,Occasional
6619,Lekha Borra,customer6619@example.com,Kochi,Kerala,India,2025-04-30,Premium
6620,Ryan Nadkarni,customer6620@example.com,Delhi,Delhi,India,2021-08-08,New
6621,Amara Golla,customer6621@example.com,Bhopal,Madhya Pradesh,India,2024-04-05,Occasional
6622,Balendra Ghosh,customer6622@example.com,Coimbatore,Tamil Nadu,India,2025-12-01,New
6623,Lavanya Raj,customer6623@example.com,Ahmedabad,Gujarat,India,2023-01-22,Regular
6624,Oscar Ganesh,customer6624@example.com,Jaipur,Rajasthan,India,2024-09-06,Occasional
6625,Vivaan Kata,customer6625@example.com,Kochi,Kerala,India,2025-11-06,Regular
6626,Girik Krishna,customer6626@example.com,Bengaluru,Karnataka,India,2025-07-28,New
6627,Rehaan Babu,customer6627@example.com,Kolkata,West Bengal,India,2021-10-16,Occasional
6628,Jonathan Mand,customer6628@example.com,Bhopal,Madhya Pradesh,India,2022-12-18,Regular
6629,Aarnav Radhakrishnan,customer6629@example.com,Bhopal,Madhya Pradesh,India,2022-04-08,Premium
6630,Yauvani Guha,customer6630@example.com,Kochi,Kerala,India,2024-08-12,Occasional
6631,Rayaan Jaggi,customer6631@example.com,Mumbai,Maharashtra,India,2023-04-20,Premium
6632,Wazir Kurian,customer6632@example.com,Chennai,Tamil Nadu,India,2023-07-21,Occasional
6633,Kamala Chaudry,customer6633@example.com,Mumbai,Maharashtra,India,2022-10-11,Regular
6634,Rajata Kumar,customer6634@example.com,Delhi,Delhi,India,2025-06-25,Premium
6635,Janaki Mani,customer6635@example.com,Mumbai,Maharashtra,India,2021-04-26,Regular
6636,Zaid Goda,customer6636@example.com,Visakhapatnam,Andhra Pradesh,India,2022-06-30,Regular
6637,Forum Oza,customer6637@example.com,Visakhapatnam,Andhra Pradesh,India,2024-04-07,Occasional
6638,Amruta Jayaraman,customer6638@example.com,Jaipur,Rajasthan,India,2021-03-06,Premium
6639,Idika Gade,customer6639@example.com,Mumbai,Maharashtra,India,2023-11-23,Regular
6640,Anita Srinivasan,customer6640@example.com,Pune,Maharashtra,India,2025-10-05,Occasional
6641,Prisha Sami,customer6641@example.com,Coimbatore,Tamil Nadu,India,2021-01-26,Regular
6642,Shaurya Naidu,customer6642@example.com,Kolkata,West Bengal,India,2023-05-31,Premium
6643,Nidhi Narasimhan,customer6643@example.com,Hyderabad,Telangana,India,2021-10-26,Regular
6644,Tanvi Dash,customer6644@example.com,Pune,Maharashtra,India,2021-05-20,Regular
6645,Aayush Barad,customer6645@example.com,Coimbatore,Tamil Nadu,India,2025-09-04,Regular
6646,Laban Trivedi,customer6646@example.com,Delhi,Delhi,India,2023-11-24,Premium
6647,Anvi Mane,customer6647@example.com,Warangal,Telangana,India,2024-11-15,Regular
6648,Zaitra Saraf,customer6648@example.com,Jaipur,Rajasthan,India,2024-06-02,Regular
6649,Aarna Shan,customer6649@example.com,Warangal,Telangana,India,2024-08-28,Regular
6650,Hredhaan Shankar,customer6650@example.com,Mumbai,Maharashtra,India,2021-02-20,Occasional
6651,Charan Chada,customer6651@example.com,Mumbai,Maharashtra,India,2021-03-11,Regular
6652,Fitan Buch,customer6652@example.com,Kolkata,West Bengal,India,2023-03-22,Premium
6653,Abha Sem,customer6653@example.com,Visakhapatnam,Andhra Pradesh,India,2021-03-23,Regular
6654,Manya Srinivasan,customer6654@example.com,Coimbatore,Tamil Nadu,India,2021-11-15,Regular
6655,Rachana Nanda,customer6655@example.com,Hyderabad,Telangana,India,2024-01-19,Regular
6656,Faraj Tiwari,customer6656@example.com,Visakhapatnam,Andhra Pradesh,India,2021-01-01,Premium
6657,Gopal Rajagopalan,customer6657@example.com,Visakhapatnam,Andhra Pradesh,India,2024-08-05,Regular
6658,Advika Golla,customer6658@example.com,Kolkata,West Bengal,India,2025-03-07,Regular
6659,Sarthak Pillai,customer6659@example.com,Hyderabad,Telangana,India,2022-09-28,Regular
6660,Anirudh Mall,customer6660@example.com,Chennai,Tamil Nadu,India,2024-09-13,Premium
6661,Gautami Rege,customer6661@example.com,Vijayawada,Andhra Pradesh,India,2023-10-05,New
6662,Vedhika Oza,customer6662@example.com,Mumbai,Maharashtra,India,2024-06-23,Premium
6663,Krishna Lalla,customer6663@example.com,Coimbatore,Tamil Nadu,India,2023-08-24,Occasional
6664,Ekbal Sinha,customer6664@example.com,Pune,Maharashtra,India,2022-07-07,Regular
6665,Garima Sehgal,customer6665@example.com,Hyderabad,Telangana,India,2025-07-27,Regular
6666,Bahadurjit De,customer6666@example.com,Pune,Maharashtra,India,2022-01-22,Premium
6667,Wridesh Yohannan,customer6667@example.com,Ahmedabad,Gujarat,India,2023-10-24,Regular
6668,Priya Gera,customer6668@example.com,Ahmedabad,Gujarat,India,2023-10-03,Premium
6669,Yoshita Bora,customer6669@example.com,Chennai,Tamil Nadu,India,2024-03-15,Regular
6670,Zansi Mani,customer6670@example.com,Pune,Maharashtra,India,2024-07-01,Occasional
6671,Niharika Ben,customer6671@example.com,Visakhapatnam,Andhra Pradesh,India,2025-11-16,Regular
6672,Ekantika Vala,customer6672@example.com,Visakhapatnam,Andhra Pradesh,India,2024-04-12,Regular
6673,Anirudh Chad,customer6673@example.com,Mumbai,Maharashtra,India,2023-12-26,Premium
6674,Lohit Sarna,customer6674@example.com,Pune,Maharashtra,India,2021-03-09,Regular
6675,Gauri Chad,customer6675@example.com,Pune,Maharashtra,India,2025-09-03,Regular
6676,Chaitaly Thakur,customer6676@example.com,Delhi,Delhi,India,2022-10-10,Occasional
6677,Vrishti Sharaf,customer6677@example.com,Pune,Maharashtra,India,2024-02-21,Regular
6678,Vaishnavi Bava,customer6678@example.com,Mumbai,Maharashtra,India,2023-12-25,Regular
6679,Falak Sachdeva,customer6679@example.com,Bengaluru,Karnataka,India,2022-11-03,Regular
6680,Rishi Sami,customer6680@example.com,Mumbai,Maharashtra,India,2022-04-01,New
6681,Daksha Manda,customer6681@example.com,Bhopal,Madhya Pradesh,India,2022-11-01,Regular
6682,Neha Trivedi,customer6682@example.com,Warangal,Telangana,India,2022-10-19,Regular
6683,Viraj Cheema,customer6683@example.com,Kochi,Kerala,India,2024-03-18,Regular
6684,Matthew Hayre,customer6684@example.com,Vijayawada,Andhra Pradesh,India,2025-07-28,Occasional
6685,Ria Sama,customer6685@example.com,Ahmedabad,Gujarat,India,2022-11-22,Occasional
6686,Champak Sen,customer6686@example.com,Vijayawada,Andhra Pradesh,India,2021-10-03,Regular
6687,Sanya Mitra,customer6687@example.com,Chennai,Tamil Nadu,India,2022-11-15,Regular
6688,Triya Shenoy,customer6688@example.com,Jaipur,Rajasthan,India,2023-05-20,Premium
6689,Odika Deshpande,customer6689@example.com,Vijayawada,Andhra Pradesh,India,2024-08-22,Regular
6690,Manya Saxena,customer6690@example.com,Kochi,Kerala,India,2024-04-20,New
6691,Benjamin Upadhyay,customer6691@example.com,Warangal,Telangana,India,2025-07-31,New
6692,Warhi Lanka,customer6692@example.com,Bhopal,Madhya Pradesh,India,2025-09-19,New
6693,Anjali Mangat,customer6693@example.com,Jaipur,Rajasthan,India,2025-03-21,Regular
6694,Yadavi Natt,customer6694@example.com,Jaipur,Rajasthan,India,2023-01-14,Regular
6695,Ranveer Sehgal,customer6695@example.com,Vijayawada,Andhra Pradesh,India,2022-03-06,Regular
6696,Ayaan Khatri,customer6696@example.com,Vijayawada,Andhra Pradesh,India,2024-11-29,Premium
6697,Udyati Saini,customer6697@example.com,Bhopal,Madhya Pradesh,India,2025-01-19,Regular
6698,Baghyawati Bakshi,customer6698@example.com,Hyderabad,Telangana,India,2025-09-29,Regular
6699,Arin Srinivasan,customer6699@example.com,Visakhapatnam,Andhra Pradesh,India,2023-04-04,Regular
6700,Isha Buch,customer6700@example.com,Kolkata,West Bengal,India,2024-08-01,Regular
6701,Indali Iyengar,customer6701@example.com,Chennai,Tamil Nadu,India,2023-08-16,Occasional
6702,Faqid Nadig,customer6702@example.com,Mumbai,Maharashtra,India,2023-07-16,New
6703,Sarthak Bhargava,customer6703@example.com,Pune,Maharashtra,India,2025-01-03,Regular
6704,Chakradhar Mall,customer6704@example.com,Kochi,Kerala,India,2021-06-30,New
6705,Kashish Rao,customer6705@example.com,Chennai,Tamil Nadu,India,2021-04-15,Regular
6706,Wyatt Mannan,customer6706@example.com,Vijayawada,Andhra Pradesh,India,2024-01-15,New
6707,Yash Vohra,customer6707@example.com,Vijayawada,Andhra Pradesh,India,2023-03-30,Regular
6708,Jasmit Korpal,customer6708@example.com,Vijayawada,Andhra Pradesh,India,2023-11-03,New
6709,Sai De,customer6709@example.com,Delhi,Delhi,India,2023-11-29,Regular
6710,Azad Arya,customer6710@example.com,Pune,Maharashtra,India,2024-07-02,Regular
6711,Unnati Balakrishnan,customer6711@example.com,Warangal,Telangana,India,2021-04-25,New
6712,Ekaraj Bhasin,customer6712@example.com,Visakhapatnam,Andhra Pradesh,India,2025-11-08,Regular
6713,Janaki Sama,customer6713@example.com,Chennai,Tamil Nadu,India,2023-02-02,Regular
6714,Yachana Rastogi,customer6714@example.com,Delhi,Delhi,India,2021-08-30,Regular
6715,Gabriel Chaudry,customer6715@example.com,Coimbatore,Tamil Nadu,India,2023-09-04,Occasional
6716,Sara Malhotra,customer6716@example.com,Bengaluru,Karnataka,India,2023-09-16,New
6717,Faraj Muni,customer6717@example.com,Chennai,Tamil Nadu,India,2024-06-02,Occasional
6718,Saumya Sandal,customer6718@example.com,Delhi,Delhi,India,2023-08-10,Occasional
6719,Yasti Sur,customer6719@example.com,Visakhapatnam,Andhra Pradesh,India,2021-10-16,Premium
6720,Triya Sabharwal,customer6720@example.com,Mumbai,Maharashtra,India,2021-01-01,Occasional
6721,Manan Babu,customer6721@example.com,Pune,Maharashtra,India,2024-05-27,Regular
6722,Jyoti Raval,customer6722@example.com,Warangal,Telangana,India,2024-03-04,Regular
6723,Anay Vyas,customer6723@example.com,Ahmedabad,Gujarat,India,2023-12-02,New
6724,Nitesh Kaul,customer6724@example.com,Jaipur,Rajasthan,India,2021-07-30,Regular
6725,Pranit Grewal,customer6725@example.com,Bhopal,Madhya Pradesh,India,2022-12-21,Occasional
6726,Bhavika Badal,customer6726@example.com,Bhopal,Madhya Pradesh,India,2025-03-23,Regular
6727,Vasana Khurana,customer6727@example.com,Kolkata,West Bengal,India,2023-09-08,Premium
6728,Owen Dugal,customer6728@example.com,Warangal,Telangana,India,2025-07-21,Regular
6729,Christopher Pant,customer6729@example.com,Kochi,Kerala,India,2021-07-28,Regular
6730,Gaurang Wali,customer6730@example.com,Bhopal,Madhya Pradesh,India,2021-07-28,Regular
6731,Bachittar Morar,customer6731@example.com,Warangal,Telangana,India,2024-04-22,Premium
6732,Shravya Kohli,customer6732@example.com,Hyderabad,Telangana,India,2025-02-14,Occasional
6733,Zehaan Setty,customer6733@example.com,Hyderabad,Telangana,India,2022-10-25,Occasional
6734,Oliver Lal,customer6734@example.com,Warangal,Telangana,India,2025-04-04,Premium
6735,Chasmum Dave,customer6735@example.com,Coimbatore,Tamil Nadu,India,2024-11-15,Regular
6736,Falak Lala,customer6736@example.com,Delhi,Delhi,India,2021-01-09,New
6737,Anay Ganesan,customer6737@example.com,Pune,Maharashtra,India,2023-05-27,Premium
6738,Upkaar Parikh,customer6738@example.com,Vijayawada,Andhra Pradesh,India,2022-12-03,Regular
6739,Odika Mukherjee,customer6739@example.com,Vijayawada,Andhra Pradesh,India,2021-09-13,Regular
6740,Chasmum Chandran,customer6740@example.com,Pune,Maharashtra,India,2025-03-24,Occasional
6741,Samar Peri,customer6741@example.com,Bhopal,Madhya Pradesh,India,2022-09-26,Regular
6742,Abhiram Dhaliwal,customer6742@example.com,Jaipur,Rajasthan,India,2021-08-26,Regular
6743,Rohan Loke,customer6743@example.com,Vijayawada,Andhra Pradesh,India,2024-01-10,Premium
6744,Farhan Palla,customer6744@example.com,Vijayawada,Andhra Pradesh,India,2024-07-23,New
6745,Oliver Dani,customer6745@example.com,Kolkata,West Bengal,India,2022-10-15,New
6746,Hemal Bhardwaj,customer6746@example.com,Visakhapatnam,Andhra Pradesh,India,2025-02-28,Regular
6747,Faqid Garde,customer6747@example.com,Coimbatore,Tamil Nadu,India,2025-11-29,Regular
6748,Ganga Patel,customer6748@example.com,Kochi,Kerala,India,2025-09-18,Regular
6749,Krisha Sharma,customer6749@example.com,Bengaluru,Karnataka,India,2025-05-31,Occasional
6750,Tanveer Yogi,customer6750@example.com,Vijayawada,Andhra Pradesh,India,2023-12-09,Occasional
6751,Thomas Mukhopadhyay,customer6751@example.com,Bhopal,Madhya Pradesh,India,2022-10-01,Occasional
6752,Benjamin Bhakta,customer6752@example.com,Ahmedabad,Gujarat,India,2025-07-13,Premium
6753,Aarna Rajan,customer6753@example.com,Bhopal,Madhya Pradesh,India,2022-09-02,Premium
6754,Joshua Ghose,customer6754@example.com,Jaipur,Rajasthan,India,2022-08-11,Regular
6755,Harshil Pingle,customer6755@example.com,Visakhapatnam,Andhra Pradesh,India,2023-08-27,Regular
6756,Wyatt Ben,customer6756@example.com,Pune,Maharashtra,India,2025-11-20,Regular
6757,Dev Varma,customer6757@example.com,Ahmedabad,Gujarat,India,2021-11-12,Occasional
6758,Urmi Hans,customer6758@example.com,Mumbai,Maharashtra,India,2023-09-04,New
6759,Gagan Merchant,customer6759@example.com,Warangal,Telangana,India,2023-07-07,Regular
6760,Ronith Krish,customer6760@example.com,Kolkata,West Bengal,India,2024-06-01,Regular
6761,Ishani Patil,customer6761@example.com,Jaipur,Rajasthan,India,2021-09-18,Regular
6762,Dev Nagi,customer6762@example.com,Ahmedabad,Gujarat,India,2022-09-01,Regular
6763,Ranveer Bhargava,customer6763@example.com,Coimbatore,Tamil Nadu,India,2022-11-26,New
6764,Advaith Sengupta,customer6764@example.com,Mumbai,Maharashtra,India,2023-08-13,Regular
6765,Harish Batta,customer6765@example.com,Pune,Maharashtra,India,2024-10-01,Occasional
6766,Chavvi Munshi,customer6766@example.com,Bengaluru,Karnataka,India,2024-06-19,Premium
6767,Niharika Sankaran,customer6767@example.com,Vijayawada,Andhra Pradesh,India,2023-09-21,Occasional
6768,Eshana Mitter,customer6768@example.com,Vijayawada,Andhra Pradesh,India,2023-01-08,Regular
6769,Guneet Dhaliwal,customer6769@example.com,Ahmedabad,Gujarat,India,2022-01-07,Regular
6770,Harita Dua,customer6770@example.com,Bhopal,Madhya Pradesh,India,2024-06-17,Regular
6771,Damyanti Butala,customer6771@example.com,Warangal,Telangana,India,2021-06-21,Regular
6772,Oni Cheema,customer6772@example.com,Bengaluru,Karnataka,India,2021-11-16,Premium
6773,Girik Badal,customer6773@example.com,Mumbai,Maharashtra,India,2024-04-03,Regular
6774,Nathaniel Krishna,customer6774@example.com,Chennai,Tamil Nadu,India,2021-07-02,Occasional
6775,Nidhi Wason,customer6775@example.com,Mumbai,Maharashtra,India,2022-02-21,New
6776,Yahvi Dass,customer6776@example.com,Mumbai,Maharashtra,India,2022-03-16,New
6777,Xalak Parekh,customer6777@example.com,Kochi,Kerala,India,2022-04-18,Premium
6778,Lakshmi Raj,customer6778@example.com,Chennai,Tamil Nadu,India,2024-06-03,Occasional
6779,Rishi Madan,customer6779@example.com,Bengaluru,Karnataka,India,2022-03-30,Premium
6780,Aarush Apte,customer6780@example.com,Ahmedabad,Gujarat,India,2025-03-23,Occasional
6781,Liam Pandey,customer6781@example.com,Kochi,Kerala,India,2023-12-09,Regular
6782,Kevin Shah,customer6782@example.com,Jaipur,Rajasthan,India,2025-03-10,New
6783,Nakul Dhingra,customer6783@example.com,Bhopal,Madhya Pradesh,India,2021-06-02,Regular
6784,Ubika Loke,customer6784@example.com,Kochi,Kerala,India,2021-04-05,Regular
6785,Wakeeta Dave,customer6785@example.com,Kolkata,West Bengal,India,2025-10-03,Occasional
6786,Ubika Das,customer6786@example.com,Hyderabad,Telangana,India,2023-03-01,Regular
6787,Gaurang Merchant,customer6787@example.com,Mumbai,Maharashtra,India,2022-03-26,New
6788,Chaitanya Narula,customer6788@example.com,Jaipur,Rajasthan,India,2023-11-06,Regular
6789,Manan Varty,customer6789@example.com,Kolkata,West Bengal,India,2025-05-09,Regular
6790,Lajita Bassi,customer6790@example.com,Coimbatore,Tamil Nadu,India,2024-05-25,Regular
6791,Oscar Gopal,customer6791@example.com,Bhopal,Madhya Pradesh,India,2023-06-14,Premium
6792,Omya Parmer,customer6792@example.com,Vijayawada,Andhra Pradesh,India,2023-03-26,New
6793,Adya Seshadri,customer6793@example.com,Warangal,Telangana,India,2023-07-23,Regular
6794,Benjamin Bajaj,customer6794@example.com,Delhi,Delhi,India,2024-05-25,Regular
6795,Yadavi Tiwari,customer6795@example.com,Warangal,Telangana,India,2023-03-11,Occasional
6796,Manya Lad,customer6796@example.com,Mumbai,Maharashtra,India,2023-10-24,Occasional
6797,Girindra Ramachandran,customer6797@example.com,Warangal,Telangana,India,2022-09-27,New
6798,Raagini Desai,customer6798@example.com,Kochi,Kerala,India,2023-10-20,Premium
6799,Yashoda Uppal,customer6799@example.com,Kochi,Kerala,India,2022-11-17,Regular
6800,Idika Sandal,customer6800@example.com,Warangal,Telangana,India,2024-10-07,Regular
6801,Samesh Ramachandran,customer6801@example.com,Ahmedabad,Gujarat,India,2023-01-09,Regular
6802,Kabir Devi,customer6802@example.com,Kolkata,West Bengal,India,2021-06-13,Regular
6803,Guneet Hari,customer6803@example.com,Ahmedabad,Gujarat,India,2021-03-13,Occasional
6804,Aditya Mammen,customer6804@example.com,Warangal,Telangana,India,2025-09-24,Occasional
6805,Sanya Buch,customer6805@example.com,Pune,Maharashtra,India,2025-02-06,Occasional
6806,Tanish Upadhyay,customer6806@example.com,Hyderabad,Telangana,India,2025-11-29,Regular
6807,Forum Dara,customer6807@example.com,Bhopal,Madhya Pradesh,India,2021-02-21,Occasional
6808,Yatan Ganguly,customer6808@example.com,Ahmedabad,Gujarat,India,2023-03-08,Regular
6809,Darika Borah,customer6809@example.com,Coimbatore,Tamil Nadu,India,2025-11-05,Regular
6810,Tripti Batta,customer6810@example.com,Coimbatore,Tamil Nadu,India,2022-01-15,Occasional
6811,Darika Sastry,customer6811@example.com,Hyderabad,Telangana,India,2024-01-29,New
6812,Jagrati Chander,customer6812@example.com,Visakhapatnam,Andhra Pradesh,India,2022-02-03,Premium
6813,Tanveer Bhalla,customer6813@example.com,Bengaluru,Karnataka,India,2024-06-24,Regular
6814,Timothy Date,customer6814@example.com,Coimbatore,Tamil Nadu,India,2025-10-20,New
6815,Abhiram Kumer,customer6815@example.com,Visakhapatnam,Andhra Pradesh,India,2024-05-08,Regular
6816,Odika Narula,customer6816@example.com,Kolkata,West Bengal,India,2025-05-06,Regular
6817,Ojas Pillai,customer6817@example.com,Coimbatore,Tamil Nadu,India,2024-03-26,Regular
6818,Nathan Vora,customer6818@example.com,Kolkata,West Bengal,India,2025-07-20,Regular
6819,Indrajit Vyas,customer6819@example.com,Chennai,Tamil Nadu,India,2022-05-27,Regular
6820,Yatan Prakash,customer6820@example.com,Warangal,Telangana,India,2022-11-10,New
6821,Rajeshri Uppal,customer6821@example.com,Coimbatore,Tamil Nadu,India,2022-10-14,Occasional
6822,Prisha Wason,customer6822@example.com,Chennai,Tamil Nadu,India,2025-05-17,Premium
6823,Vedhika Rout,customer6823@example.com,Warangal,Telangana,India,2023-07-15,Regular
6824,Mohini Mallick,customer6824@example.com,Jaipur,Rajasthan,India,2025-03-19,Regular
6825,Varsha Luthra,customer6825@example.com,Bengaluru,Karnataka,India,2023-10-04,Premium
6826,Vaishnavi Natt,customer6826@example.com,Vijayawada,Andhra Pradesh,India,2023-05-23,Regular
6827,Vihaan Parikh,customer6827@example.com,Delhi,Delhi,India,2022-04-01,Regular
6828,Vanya Naidu,customer6828@example.com,Chennai,Tamil Nadu,India,2022-09-16,Regular
6829,Nathan Thakur,customer6829@example.com,Kolkata,West Bengal,India,2023-12-07,Regular
6830,Tanvi Malhotra,customer6830@example.com,Bengaluru,Karnataka,India,2025-02-26,Occasional
6831,Bishakha Vyas,customer6831@example.com,Coimbatore,Tamil Nadu,India,2021-09-28,Regular
6832,Priya Sawhney,customer6832@example.com,Mumbai,Maharashtra,India,2024-04-13,Occasional
6833,Jacob Tailor,customer6833@example.com,Kolkata,West Bengal,India,2023-10-02,Occasional
6834,Gaurika Kapur,customer6834@example.com,Delhi,Delhi,India,2024-08-11,Regular
6835,Ishani Nadkarni,customer6835@example.com,Ahmedabad,Gujarat,India,2023-04-14,Regular
6836,Rajata Mukhopadhyay,customer6836@example.com,Warangal,Telangana,India,2021-08-12,Regular
6837,Ridhi Wagle,customer6837@example.com,Bhopal,Madhya Pradesh,India,2021-12-13,Occasional
6838,Abhiram Bedi,customer6838@example.com,Kochi,Kerala,India,2024-08-18,Regular
6839,Indali Thaman,customer6839@example.com,Kolkata,West Bengal,India,2025-10-24,Regular
6840,Imaran Randhawa,customer6840@example.com,Visakhapatnam,Andhra Pradesh,India,2022-07-25,Regular
6841,Frederick Narang,customer6841@example.com,Bengaluru,Karnataka,India,2022-08-19,Regular
6842,Mohammed Gera,customer6842@example.com,Pune,Maharashtra,India,2025-11-24,Occasional
6843,Jonathan Viswanathan,customer6843@example.com,Pune,Maharashtra,India,2023-05-23,Occasional
6844,Dalaja Ganesh,customer6844@example.com,Vijayawada,Andhra Pradesh,India,2023-05-23,Premium
6845,Nirja Bava,customer6845@example.com,Bhopal,Madhya Pradesh,India,2025-01-30,Regular
6846,Rajata Bawa,customer6846@example.com,Kochi,Kerala,India,2025-10-30,Occasional
6847,Anvi Anand,customer6847@example.com,Jaipur,Rajasthan,India,2021-09-15,Regular
6848,Charita Ahluwalia,customer6848@example.com,Chennai,Tamil Nadu,India,2022-09-26,Premium
6849,Theodore Sarna,customer6849@example.com,Mumbai,Maharashtra,India,2021-08-12,Regular
6850,Mohini Ratta,customer6850@example.com,Bhopal,Madhya Pradesh,India,2023-01-22,Occasional
6851,Hiral Narain,customer6851@example.com,Delhi,Delhi,India,2025-02-18,Premium
6852,Omaja Babu,customer6852@example.com,Kochi,Kerala,India,2023-03-23,Regular
6853,Mitesh Ramaswamy,customer6853@example.com,Visakhapatnam,Andhra Pradesh,India,2023-12-09,Regular
6854,Vedhika Loke,customer6854@example.com,Delhi,Delhi,India,2021-05-08,Occasional
6855,Warhi Deshpande,customer6855@example.com,Delhi,Delhi,India,2024-06-05,Regular
6856,Samuel Rana,customer6856@example.com,Bhopal,Madhya Pradesh,India,2021-05-30,Premium
6857,Hredhaan Dua,customer6857@example.com,Kolkata,West Bengal,India,2023-07-18,Occasional
6858,Nilima Saxena,customer6858@example.com,Pune,Maharashtra,India,2025-07-07,Regular
6859,Brijesh Garde,customer6859@example.com,Hyderabad,Telangana,India,2022-04-23,Regular
6860,Ekani Kalla,customer6860@example.com,Delhi,Delhi,India,2021-09-23,Regular
6861,Anmol Tank,customer6861@example.com,Bhopal,Madhya Pradesh,India,2025-09-27,Regular
6862,Ekaja Dewan,customer6862@example.com,Chennai,Tamil Nadu,India,2024-11-11,Occasional
6863,Libni Gopal,customer6863@example.com,Warangal,Telangana,India,2021-10-05,New
6864,Teerth Prabhakar,customer6864@example.com,Jaipur,Rajasthan,India,2024-07-18,Regular
6865,Yauvani Loke,customer6865@example.com,Bengaluru,Karnataka,India,2024-05-20,Regular
6866,Aarnav Sehgal,customer6866@example.com,Hyderabad,Telangana,India,2023-06-16,New
6867,Vasana Oza,customer6867@example.com,Hyderabad,Telangana,India,2025-10-10,Occasional
6868,Yamini Bhattacharyya,customer6868@example.com,Warangal,Telangana,India,2021-09-13,Occasional
6869,Kavya Prabhakar,customer6869@example.com,Pune,Maharashtra,India,2024-11-18,New
6870,Aradhana Mistry,customer6870@example.com,Kochi,Kerala,India,2021-08-01,Occasional
6871,Noah Nori,customer6871@example.com,Warangal,Telangana,India,2021-10-26,Occasional
6872,Pushti Majumdar,customer6872@example.com,Ahmedabad,Gujarat,India,2022-10-03,Regular
6873,Zinal Konda,customer6873@example.com,Ahmedabad,Gujarat,India,2025-08-10,Regular
6874,Vamakshi Magar,customer6874@example.com,Bengaluru,Karnataka,India,2025-05-27,Occasional
6875,Radha Palla,customer6875@example.com,Delhi,Delhi,India,2024-09-28,Occasional
6876,Balhaar Srivastava,customer6876@example.com,Chennai,Tamil Nadu,India,2024-03-24,Regular
6877,Eshana Mitter,customer6877@example.com,Bengaluru,Karnataka,India,2021-02-28,New
6878,Damini Kapadia,customer6878@example.com,Pune,Maharashtra,India,2023-03-30,Regular
6879,Waida Chaudry,customer6879@example.com,Ahmedabad,Gujarat,India,2024-09-03,Occasional
6880,Owen Dhaliwal,customer6880@example.com,Hyderabad,Telangana,India,2023-11-11,Premium
6881,Chatura Sur,customer6881@example.com,Hyderabad,Telangana,India,2021-01-09,Occasional
6882,Chanchal Chowdhury,customer6882@example.com,Ahmedabad,Gujarat,India,2024-06-12,Premium
6883,Jagvi Sheth,customer6883@example.com,Delhi,Delhi,India,2023-12-11,Occasional
6884,Charan Batta,customer6884@example.com,Hyderabad,Telangana,India,2024-12-20,Regular
6885,Gauri Krishnan,customer6885@example.com,Mumbai,Maharashtra,India,2021-12-08,Premium
6886,Veer Mani,customer6886@example.com,Visakhapatnam,Andhra Pradesh,India,2024-12-07,Occasional
6887,Ekbal Lala,customer6887@example.com,Chennai,Tamil Nadu,India,2023-03-28,Premium
6888,Kiaan Ghose,customer6888@example.com,Vijayawada,Andhra Pradesh,India,2025-07-26,Premium
6889,Upadhriti Tella,customer6889@example.com,Kochi,Kerala,India,2023-12-31,Regular
6890,Aachal Chawla,customer6890@example.com,Delhi,Delhi,India,2023-11-13,Premium
6891,Anamika Sura,customer6891@example.com,Vijayawada,Andhra Pradesh,India,2022-11-25,Occasional
6892,Maya Walla,customer6892@example.com,Coimbatore,Tamil Nadu,India,2023-08-19,Premium
6893,Unni Kala,customer6893@example.com,Warangal,Telangana,India,2023-10-19,Regular
6894,Wazir Dhillon,customer6894@example.com,Vijayawada,Andhra Pradesh,India,2023-09-03,Occasional
6895,Kashish Palla,customer6895@example.com,Delhi,Delhi,India,2025-07-25,Premium
6896,Hemangini Sunder,customer6896@example.com,Vijayawada,Andhra Pradesh,India,2025-09-14,Occasional
6897,Janaki Thaker,customer6897@example.com,Jaipur,Rajasthan,India,2023-07-26,New
6898,Neha Basu,customer6898@example.com,Warangal,Telangana,India,2021-10-31,Occasional
6899,Jacob Hari,customer6899@example.com,Kochi,Kerala,India,2022-04-28,Regular
6900,William Kala,customer6900@example.com,Coimbatore,Tamil Nadu,India,2024-06-29,Regular
6901,Aarav Mital,customer6901@example.com,Mumbai,Maharashtra,India,2023-07-28,Occasional
6902,Harsh Krishnamurthy,customer6902@example.com,Delhi,Delhi,India,2021-02-26,Regular
6903,Gopal Kumar,customer6903@example.com,Hyderabad,Telangana,India,2024-05-29,Regular
6904,Yatan Mannan,customer6904@example.com,Kolkata,West Bengal,India,2025-03-11,Regular
6905,Ekaja Oak,customer6905@example.com,Mumbai,Maharashtra,India,2022-01-22,New
6906,Xalak Mander,customer6906@example.com,Jaipur,Rajasthan,India,2021-05-10,Regular
6907,Balhaar Das,customer6907@example.com,Mumbai,Maharashtra,India,2024-03-04,Regular
6908,Rayaan Rama,customer6908@example.com,Chennai,Tamil Nadu,India,2024-12-04,New
6909,Faras Sharma,customer6909@example.com,Ahmedabad,Gujarat,India,2021-11-10,Regular
6910,Balveer Cheema,customer6910@example.com,Mumbai,Maharashtra,India,2023-12-17,New
6911,Leela Sharma,customer6911@example.com,Ahmedabad,Gujarat,India,2024-09-23,Regular
6912,Bahadurjit Suresh,customer6912@example.com,Delhi,Delhi,India,2025-11-15,Premium
6913,Pranav Wadhwa,customer6913@example.com,Kolkata,West Bengal,India,2025-08-15,Occasional
6914,Guneet Rao,customer6914@example.com,Pune,Maharashtra,India,2023-08-30,Occasional
6915,Janya Khalsa,customer6915@example.com,Vijayawada,Andhra Pradesh,India,2022-04-30,Premium
6916,Sai Ratti,customer6916@example.com,Chennai,Tamil Nadu,India,2025-09-04,Regular
6917,Rudra Sangha,customer6917@example.com,Hyderabad,Telangana,India,2023-02-16,Regular
6918,Jhalak Parekh,customer6918@example.com,Chennai,Tamil Nadu,India,2025-02-21,Regular
6919,Chakradev Suresh,customer6919@example.com,Kolkata,West Bengal,India,2025-06-26,Regular
6920,Kabir Deol,customer6920@example.com,Visakhapatnam,Andhra Pradesh,India,2021-06-29,Regular
6921,Anamika Chada,customer6921@example.com,Bengaluru,Karnataka,India,2025-07-18,Occasional
6922,Hemani Chhabra,customer6922@example.com,Warangal,Telangana,India,2022-10-26,Premium
6923,Falan Magar,customer6923@example.com,Bengaluru,Karnataka,India,2022-08-26,Regular
6924,Upadhriti Mukherjee,customer6924@example.com,Kolkata,West Bengal,India,2022-08-12,Regular
6925,Dayita Karan,customer6925@example.com,Warangal,Telangana,India,2022-05-28,Premium
6926,Umang Murthy,customer6926@example.com,Jaipur,Rajasthan,India,2024-09-04,Occasional
6927,Riya Bhatnagar,customer6927@example.com,Ahmedabad,Gujarat,India,2025-01-30,Occasional
6928,Rohan Apte,customer6928@example.com,Jaipur,Rajasthan,India,2023-04-13,Occasional
6929,Vedant Patla,customer6929@example.com,Hyderabad,Telangana,India,2021-06-10,Occasional
6930,Mitesh Ramakrishnan,customer6930@example.com,Mumbai,Maharashtra,India,2024-09-19,Regular
6931,Hema Golla,customer6931@example.com,Vijayawada,Andhra Pradesh,India,2021-03-20,Regular
6932,Urishilla Lalla,customer6932@example.com,Bengaluru,Karnataka,India,2024-07-13,Premium
6933,Yashawini Virk,customer6933@example.com,Vijayawada,Andhra Pradesh,India,2021-08-01,Regular
6934,Hemang Chakrabarti,customer6934@example.com,Delhi,Delhi,India,2024-04-27,Occasional
6935,Rohan Ganesan,customer6935@example.com,Mumbai,Maharashtra,India,2022-01-28,Occasional
6936,Ojas Naidu,customer6936@example.com,Kochi,Kerala,India,2021-08-23,Regular
6937,Fitan Chokshi,customer6937@example.com,Kolkata,West Bengal,India,2022-05-10,Regular
6938,Manan Nath,customer6938@example.com,Pune,Maharashtra,India,2025-12-25,New
6939,Eiravati Seth,customer6939@example.com,Chennai,Tamil Nadu,India,2023-08-10,Regular
6940,Krishna Pradhan,customer6940@example.com,Vijayawada,Andhra Pradesh,India,2023-04-01,Regular
6941,Kavya Nadig,customer6941@example.com,Ahmedabad,Gujarat,India,2022-10-30,Occasional
6942,Faraj Choudhary,customer6942@example.com,Vijayawada,Andhra Pradesh,India,2023-05-21,Premium
6943,Hema Chada,customer6943@example.com,Warangal,Telangana,India,2025-06-06,Regular
6944,Shivani Guha,customer6944@example.com,Warangal,Telangana,India,2022-10-27,Regular
6945,Hamsini Dhawan,customer6945@example.com,Kochi,Kerala,India,2025-05-08,Premium
6946,Harish Kalita,customer6946@example.com,Ahmedabad,Gujarat,India,2021-06-30,Occasional
6947,Yochana Mitra,customer6947@example.com,Bengaluru,Karnataka,India,2024-10-13,Regular
6948,Watika Buch,customer6948@example.com,Coimbatore,Tamil Nadu,India,2021-11-06,New
6949,Krish Gandhi,customer6949@example.com,Hyderabad,Telangana,India,2023-03-20,Occasional
6950,Advika Vig,customer6950@example.com,Kolkata,West Bengal,India,2021-03-28,Regular
6951,Xavier Naik,customer6951@example.com,Kochi,Kerala,India,2023-01-28,Regular
6952,Gunbir Choudhry,customer6952@example.com,Bengaluru,Karnataka,India,2023-04-10,Occasional
6953,Omkaar Johal,customer6953@example.com,Ahmedabad,Gujarat,India,2022-07-28,Regular
6954,Rohan Agarwal,customer6954@example.com,Hyderabad,Telangana,India,2024-04-24,Regular
6955,Megha Manne,customer6955@example.com,Delhi,Delhi,India,2025-04-28,New
6956,Chakradhar Anne,customer6956@example.com,Vijayawada,Andhra Pradesh,India,2024-12-27,New
6957,Radhika Chopra,customer6957@example.com,Visakhapatnam,Andhra Pradesh,India,2024-08-03,Regular
6958,Udyati Purohit,customer6958@example.com,Pune,Maharashtra,India,2025-08-16,Regular
6959,Aarnav Subramanian,customer6959@example.com,Pune,Maharashtra,India,2022-03-25,Regular
6960,Dominic Saha,customer6960@example.com,Bengaluru,Karnataka,India,2024-08-01,Premium
6961,Wishi Din,customer6961@example.com,Ahmedabad,Gujarat,India,2022-07-31,Occasional
6962,Zaitra Rana,customer6962@example.com,Kochi,Kerala,India,2021-05-10,Regular
6963,Chandani Chauhan,customer6963@example.com,Vijayawada,Andhra Pradesh,India,2025-10-09,Regular
6964,Tristan Basu,customer6964@example.com,Jaipur,Rajasthan,India,2025-04-06,Regular
6965,Lila Mishra,customer6965@example.com,Kolkata,West Bengal,India,2022-12-04,Regular
6966,Aahana Sanghvi,customer6966@example.com,Pune,Maharashtra,India,2023-10-18,New
6967,Ikbal Chacko,customer6967@example.com,Vijayawada,Andhra Pradesh,India,2024-12-22,New
6968,Ekantika Kashyap,customer6968@example.com,Bhopal,Madhya Pradesh,India,2024-05-31,Premium
6969,Zashil Bali,customer6969@example.com,Ahmedabad,Gujarat,India,2021-03-05,Occasional
6970,Alexander Karnik,customer6970@example.com,Kolkata,West Bengal,India,2025-10-21,Premium
6971,Gayathri Contractor,customer6971@example.com,Delhi,Delhi,India,2023-07-16,Regular
6972,Jatin Biswas,customer6972@example.com,Kolkata,West Bengal,India,2024-11-01,Premium
6973,Raghav Ranganathan,customer6973@example.com,Hyderabad,Telangana,India,2024-03-07,Regular
6974,Mahika Shetty,customer6974@example.com,Chennai,Tamil Nadu,India,2025-08-20,Regular
6975,Aradhana Gill,customer6975@example.com,Warangal,Telangana,India,2021-02-03,Regular
6976,Yatin Bhavsar,customer6976@example.com,Pune,Maharashtra,India,2022-01-02,Premium
6977,Lakshit Om,customer6977@example.com,Jaipur,Rajasthan,India,2023-02-13,Regular
6978,Aarush Dey,customer6978@example.com,Bengaluru,Karnataka,India,2022-06-18,Premium
6979,Pallavi Bakshi,customer6979@example.com,Visakhapatnam,Andhra Pradesh,India,2022-06-26,Regular
6980,Jeevika Majumdar,customer6980@example.com,Chennai,Tamil Nadu,India,2025-09-07,Regular
6981,Lohit Kata,customer6981@example.com,Hyderabad,Telangana,India,2025-05-18,New
6982,Vihaan Thakur,customer6982@example.com,Mumbai,Maharashtra,India,2022-09-11,Regular
6983,Fitan Agrawal,customer6983@example.com,Bhopal,Madhya Pradesh,India,2023-07-15,Occasional
6984,Saumya Khatri,customer6984@example.com,Jaipur,Rajasthan,India,2024-06-22,Occasional
6985,Varsha Mukhopadhyay,customer6985@example.com,Pune,Maharashtra,India,2023-10-11,Regular
6986,Krishna Kalla,customer6986@example.com,Delhi,Delhi,India,2023-11-17,New
6987,Atharv Gaba,customer6987@example.com,Ahmedabad,Gujarat,India,2023-12-09,Regular
6988,Champak Chakrabarti,customer6988@example.com,Visakhapatnam,Andhra Pradesh,India,2021-09-11,Regular
6989,Ranbir Chadha,customer6989@example.com,Jaipur,Rajasthan,India,2022-04-13,Regular
6990,Jhalak Varghese,customer6990@example.com,Vijayawada,Andhra Pradesh,India,2025-11-11,Regular
6991,Advik Kannan,customer6991@example.com,Bengaluru,Karnataka,India,2025-12-17,Regular
6992,Harish Tailor,customer6992@example.com,Warangal,Telangana,India,2023-11-19,Premium
6993,Vedika Bala,customer6993@example.com,Ahmedabad,Gujarat,India,2025-03-12,Regular
6994,Hemani Roy,customer6994@example.com,Kochi,Kerala,India,2022-08-21,Regular
6995,Dakshesh Mitter,customer6995@example.com,Jaipur,Rajasthan,India,2025-04-04,Occasional
6996,Zehaan Raja,customer6996@example.com,Jaipur,Rajasthan,India,2021-08-18,Regular
6997,Girik Ramanathan,customer6997@example.com,Kochi,Kerala,India,2021-01-15,Occasional
6998,Ekani Joshi,customer6998@example.com,Jaipur,Rajasthan,India,2023-02-27,Occasional
6999,Lekha Lad,customer6999@example.com,Kolkata,West Bengal,India,2023-01-13,Regular
7000,Netra Shankar,customer7000@example.com,Hyderabad,Telangana,India,2021-12-25,Occasional
7001,Darsh Andra,customer7001@example.com,Chennai,Tamil Nadu,India,2024-12-15,Premium
7002,Udarsh Mukherjee,customer7002@example.com,Kochi,Kerala,India,2024-04-19,Regular
7003,Viraj Buch,customer7003@example.com,Bengaluru,Karnataka,India,2023-10-06,Regular
7004,Chaitanya Kari,customer7004@example.com,Coimbatore,Tamil Nadu,India,2025-01-07,Premium
7005,Aishani Salvi,customer7005@example.com,Warangal,Telangana,India,2022-12-03,Occasional
7006,Xalak Lalla,customer7006@example.com,Hyderabad,Telangana,India,2024-11-02,Premium
7007,Aadi Mittal,customer7007@example.com,Kochi,Kerala,India,2023-11-24,Regular
7008,Caleb Mitter,customer7008@example.com,Visakhapatnam,Andhra Pradesh,India,2025-08-14,Regular
7009,Jackson Chanda,customer7009@example.com,Mumbai,Maharashtra,India,2024-09-25,Regular
7010,Anmol Om,customer7010@example.com,Warangal,Telangana,India,2023-12-07,Regular
7011,Veda Behl,customer7011@example.com,Delhi,Delhi,India,2023-06-19,Regular
7012,Chandani Sood,customer7012@example.com,Delhi,Delhi,India,2024-11-14,Occasional
7013,Henry Chokshi,customer7013@example.com,Pune,Maharashtra,India,2024-07-08,Regular
7014,Urvashi Ramanathan,customer7014@example.com,Ahmedabad,Gujarat,India,2021-06-09,Regular
7015,Janaki Mann,customer7015@example.com,Warangal,Telangana,India,2023-08-11,Occasional
7016,Harita Shenoy,customer7016@example.com,Coimbatore,Tamil Nadu,India,2023-12-27,Regular
7017,Max Ganesan,customer7017@example.com,Bengaluru,Karnataka,India,2022-04-11,New
7018,Chaman Tripathi,customer7018@example.com,Coimbatore,Tamil Nadu,India,2024-04-18,Regular
7019,Aryan Jani,customer7019@example.com,Bengaluru,Karnataka,India,2023-11-16,Occasional
7020,Yashica Kuruvilla,customer7020@example.com,Ahmedabad,Gujarat,India,2025-12-07,Regular
7021,Omaja Apte,customer7021@example.com,Vijayawada,Andhra Pradesh,India,2024-03-27,Occasional
7022,Qabil Reddy,customer7022@example.com,Visakhapatnam,Andhra Pradesh,India,2024-09-09,Premium
7023,Zilmil Deo,customer7023@example.com,Bhopal,Madhya Pradesh,India,2021-07-30,Regular
7024,Bahadurjit Savant,customer7024@example.com,Pune,Maharashtra,India,2024-06-27,Regular
7025,Reva Prasad,customer7025@example.com,Coimbatore,Tamil Nadu,India,2024-10-01,Regular
7026,Samesh Ray,customer7026@example.com,Kolkata,West Bengal,India,2024-12-26,Occasional
7027,Udant Taneja,customer7027@example.com,Pune,Maharashtra,India,2022-03-25,Occasional
7028,Sachi Boase,customer7028@example.com,Chennai,Tamil Nadu,India,2024-12-26,Regular
7029,Raksha Khare,customer7029@example.com,Bhopal,Madhya Pradesh,India,2021-09-23,New
7030,Kalpit Saini,customer7030@example.com,Chennai,Tamil Nadu,India,2024-01-16,Regular
7031,Bachittar Ray,customer7031@example.com,Bengaluru,Karnataka,India,2022-06-20,New
7032,Bhavna Jaggi,customer7032@example.com,Hyderabad,Telangana,India,2025-08-04,Regular
7033,Reyansh Khurana,customer7033@example.com,Pune,Maharashtra,India,2022-05-25,Regular
7034,Tanveer Karpe,customer7034@example.com,Hyderabad,Telangana,India,2021-06-11,Regular
7035,Ladli Bajaj,customer7035@example.com,Pune,Maharashtra,India,2023-02-23,Premium
7036,Krishna Kuruvilla,customer7036@example.com,Pune,Maharashtra,India,2024-05-31,New
7037,Mohini Padmanabhan,customer7037@example.com,Ahmedabad,Gujarat,India,2022-12-05,New
7038,Harita Sarma,customer7038@example.com,Jaipur,Rajasthan,India,2022-02-10,Regular
7039,Ekantika Dey,customer7039@example.com,Visakhapatnam,Andhra Pradesh,India,2025-07-29,Regular
7040,Laban Tiwari,customer7040@example.com,Kolkata,West Bengal,India,2023-08-08,Regular
7041,Vasatika Bava,customer7041@example.com,Vijayawada,Andhra Pradesh,India,2023-12-04,Occasional
7042,Alka Kulkarni,customer7042@example.com,Mumbai,Maharashtra,India,2021-04-13,Regular
7043,Bhavna Wali,customer7043@example.com,Jaipur,Rajasthan,India,2025-07-08,Occasional
7044,Yatan Chhabra,customer7044@example.com,Coimbatore,Tamil Nadu,India,2025-01-27,Occasional
7045,Aahana Ganesan,customer7045@example.com,Kolkata,West Bengal,India,2021-12-28,New
7046,Deepa Dhar,customer7046@example.com,Visakhapatnam,Andhra Pradesh,India,2024-01-31,Regular
7047,Ekiya Kota,customer7047@example.com,Bengaluru,Karnataka,India,2025-07-03,Regular
7048,Chasmum Deo,customer7048@example.com,Coimbatore,Tamil Nadu,India,2024-10-11,Regular
7049,Ayushman Srinivasan,customer7049@example.com,Ahmedabad,Gujarat,India,2024-02-09,Occasional
7050,Sanya Ranganathan,customer7050@example.com,Hyderabad,Telangana,India,2025-09-27,Regular
7051,Brijesh Karnik,customer7051@example.com,Jaipur,Rajasthan,India,2021-03-27,Occasional
7052,Jason Krish,customer7052@example.com,Bengaluru,Karnataka,India,2022-02-09,Occasional
7053,Bakhshi Chander,customer7053@example.com,Bengaluru,Karnataka,India,2021-08-22,Occasional
7054,Oeshi Joshi,customer7054@example.com,Bengaluru,Karnataka,India,2023-10-10,Premium
7055,Urmi Vohra,customer7055@example.com,Coimbatore,Tamil Nadu,India,2025-11-27,Occasional
7056,Zilmil Taneja,customer7056@example.com,Hyderabad,Telangana,India,2025-02-12,Regular
7057,Zayan Dugar,customer7057@example.com,Vijayawada,Andhra Pradesh,India,2022-09-23,Premium
7058,Nilima Ghose,customer7058@example.com,Warangal,Telangana,India,2023-08-21,Occasional
7059,Urvi Ramanathan,customer7059@example.com,Mumbai,Maharashtra,India,2025-11-26,New
7060,Ishwar Sane,customer7060@example.com,Chennai,Tamil Nadu,India,2023-08-21,Occasional
7061,Robert Goswami,customer7061@example.com,Vijayawada,Andhra Pradesh,India,2021-01-26,Premium
7062,Urishilla Agrawal,customer7062@example.com,Coimbatore,Tamil Nadu,India,2025-08-11,Occasional
7063,Farhan Barman,customer7063@example.com,Bhopal,Madhya Pradesh,India,2021-03-02,Regular
7064,Devika Nigam,customer7064@example.com,Vijayawada,Andhra Pradesh,India,2022-07-10,Regular
7065,Ansh Din,customer7065@example.com,Jaipur,Rajasthan,India,2021-09-04,Occasional
7066,Fitan Suresh,customer7066@example.com,Pune,Maharashtra,India,2022-05-10,Regular
7067,Jeevika Magar,customer7067@example.com,Visakhapatnam,Andhra Pradesh,India,2024-01-27,Regular
7068,Anya Wagle,customer7068@example.com,Coimbatore,Tamil Nadu,India,2021-07-27,Occasional
7069,Ekansh Bhakta,customer7069@example.com,Hyderabad,Telangana,India,2025-03-29,Premium
7070,Ojasvi Deep,customer7070@example.com,Coimbatore,Tamil Nadu,India,2023-04-16,Occasional
7071,Andrew Chaudhari,customer7071@example.com,Bengaluru,Karnataka,India,2024-12-20,Occasional
7072,Nidra Sem,customer7072@example.com,Warangal,Telangana,India,2024-01-10,Regular
7073,Onkar Behl,customer7073@example.com,Hyderabad,Telangana,India,2023-02-25,Regular
7074,Christopher Srivastava,customer7074@example.com,Chennai,Tamil Nadu,India,2022-12-16,Occasional
7075,Brinda Gulati,customer7075@example.com,Delhi,Delhi,India,2025-07-19,Regular
7076,Kashish Tripathi,customer7076@example.com,Vijayawada,Andhra Pradesh,India,2022-09-19,Occasional
7077,Wazir Kalita,customer7077@example.com,Hyderabad,Telangana,India,2025-03-13,Regular
7078,Pooja Bawa,customer7078@example.com,Ahmedabad,Gujarat,India,2024-05-21,Regular
7079,Gautami Sehgal,customer7079@example.com,Pune,Maharashtra,India,2021-10-01,Regular
7080,Krish Rattan,customer7080@example.com,Coimbatore,Tamil Nadu,India,2022-04-22,Occasional
7081,Amrita Wali,customer7081@example.com,Jaipur,Rajasthan,India,2025-02-17,New
7082,Triveni Amble,customer7082@example.com,Warangal,Telangana,India,2023-11-30,Premium
7083,Chaitanya Chhabra,customer7083@example.com,Warangal,Telangana,India,2021-10-25,Regular
7084,Watika Subramanian,customer7084@example.com,Warangal,Telangana,India,2025-10-23,Regular
7085,Kai Palla,customer7085@example.com,Jaipur,Rajasthan,India,2022-02-15,Regular
7086,Chakradhar Dar,customer7086@example.com,Hyderabad,Telangana,India,2021-08-17,Occasional
7087,Ira Date,customer7087@example.com,Kochi,Kerala,India,2025-10-14,Premium
7088,Manthan Sengupta,customer7088@example.com,Visakhapatnam,Andhra Pradesh,India,2023-01-11,Regular
7089,Rudra Sood,customer7089@example.com,Warangal,Telangana,India,2021-01-12,Occasional
7090,Yashasvi Edwin,customer7090@example.com,Chennai,Tamil Nadu,India,2025-12-25,Regular
7091,Kamya Naidu,customer7091@example.com,Visakhapatnam,Andhra Pradesh,India,2021-11-17,Regular
7092,Pushti Kakar,customer7092@example.com,Bhopal,Madhya Pradesh,India,2022-01-24,Occasional
7093,Barkha Gala,customer7093@example.com,Vijayawada,Andhra Pradesh,India,2024-10-10,Occasional
7094,Gaurika Sharaf,customer7094@example.com,Bengaluru,Karnataka,India,2021-03-02,Regular
7095,Dayita Goswami,customer7095@example.com,Delhi,Delhi,India,2023-07-30,Occasional
7096,Wazir Sabharwal,customer7096@example.com,Bengaluru,Karnataka,India,2023-07-19,Regular
7097,Kalpit Pal,customer7097@example.com,Jaipur,Rajasthan,India,2022-05-08,Regular
7098,Ekaraj Gokhale,customer7098@example.com,Chennai,Tamil Nadu,India,2021-09-05,Occasional
7099,Shivani Keer,customer7099@example.com,Mumbai,Maharashtra,India,2023-07-23,Occasional
7100,Varsha Garg,customer7100@example.com,Bengaluru,Karnataka,India,2024-09-11,New
7101,Rayaan Mohan,customer7101@example.com,Mumbai,Maharashtra,India,2023-03-13,Occasional
7102,Daksha Shere,customer7102@example.com,Mumbai,Maharashtra,India,2022-09-06,Premium
7103,Nitesh Puri,customer7103@example.com,Pune,Maharashtra,India,2025-06-01,Regular
7104,Imaran Nazareth,customer7104@example.com,Pune,Maharashtra,India,2024-01-30,Occasional
7105,Udant Vasa,customer7105@example.com,Ahmedabad,Gujarat,India,2024-06-15,Regular
7106,Champak Kara,customer7106@example.com,Visakhapatnam,Andhra Pradesh,India,2021-05-14,Occasional
7107,Chaman Dass,customer7107@example.com,Bengaluru,Karnataka,India,2023-04-20,Premium
7108,Omya Bedi,customer7108@example.com,Coimbatore,Tamil Nadu,India,2023-06-30,Regular
7109,Bhavini Andra,customer7109@example.com,Bengaluru,Karnataka,India,2021-04-05,Regular
7110,Irya Subramanian,customer7110@example.com,Chennai,Tamil Nadu,India,2021-07-24,New
7111,Ojasvi Datta,customer7111@example.com,Delhi,Delhi,India,2022-12-10,Regular
7112,Nidra Raja,customer7112@example.com,Kochi,Kerala,India,2023-06-14,Occasional
7113,Jasmit Lal,customer7113@example.com,Mumbai,Maharashtra,India,2022-03-07,Regular
7114,Timothy Sachar,customer7114@example.com,Vijayawada,Andhra Pradesh,India,2022-04-23,New
7115,Frado Loyal,customer7115@example.com,Ahmedabad,Gujarat,India,2022-12-19,Occasional
7116,Gaurangi Divan,customer7116@example.com,Kochi,Kerala,India,2021-07-02,Regular
7117,Ikbal Comar,customer7117@example.com,Ahmedabad,Gujarat,India,2024-12-21,Occasional
7118,Qabil Randhawa,customer7118@example.com,Mumbai,Maharashtra,India,2024-11-30,Regular
7119,Aarna Swamy,customer7119@example.com,Mumbai,Maharashtra,India,2023-08-24,Premium
7120,Agastya Apte,customer7120@example.com,Warangal,Telangana,India,2023-10-17,Regular
7121,Jeremiah Kapoor,customer7121@example.com,Visakhapatnam,Andhra Pradesh,India,2021-07-24,Regular
7122,Anjali Sen,customer7122@example.com,Bengaluru,Karnataka,India,2022-11-07,Regular
7123,Nakul Yohannan,customer7123@example.com,Pune,Maharashtra,India,2023-08-10,Regular
7124,Omisha Sagar,customer7124@example.com,Delhi,Delhi,India,2023-01-23,Occasional
7125,Fitan Pandit,customer7125@example.com,Bhopal,Madhya Pradesh,India,2025-02-04,Premium
7126,Om Ganesan,customer7126@example.com,Vijayawada,Andhra Pradesh,India,2023-02-14,Premium
7127,Charvi Shroff,customer7127@example.com,Pune,Maharashtra,India,2024-09-01,Occasional
7128,Ekta Anne,customer7128@example.com,Hyderabad,Telangana,India,2023-01-05,Regular
7129,Luke Babu,customer7129@example.com,Kolkata,West Bengal,India,2021-05-13,Regular
7130,Christopher Sankaran,customer7130@example.com,Visakhapatnam,Andhra Pradesh,India,2025-11-21,New
7131,Niharika Bir,customer7131@example.com,Bengaluru,Karnataka,India,2023-07-23,New
7132,Madhav Seth,customer7132@example.com,Mumbai,Maharashtra,India,2023-08-27,Regular
7133,Zaid Nair,customer7133@example.com,Ahmedabad,Gujarat,India,2025-04-13,Regular
7134,Charles Mander,customer7134@example.com,Hyderabad,Telangana,India,2023-09-16,Regular
7135,Jeet Rattan,customer7135@example.com,Jaipur,Rajasthan,India,2022-07-01,Regular
7136,Darsh Sant,customer7136@example.com,Jaipur,Rajasthan,India,2025-03-11,Occasional
7137,Amrita Kar,customer7137@example.com,Vijayawada,Andhra Pradesh,India,2024-10-07,Regular
7138,Vihaan Ratta,customer7138@example.com,Coimbatore,Tamil Nadu,India,2022-09-03,Regular
7139,Ekaja Kala,customer7139@example.com,Vijayawada,Andhra Pradesh,India,2021-03-01,Regular
7140,Owen Varghese,customer7140@example.com,Pune,Maharashtra,India,2022-07-24,Regular
7141,Gaurika Shan,customer7141@example.com,Delhi,Delhi,India,2024-12-27,Regular
7142,Yasti Chaudhari,customer7142@example.com,Bhopal,Madhya Pradesh,India,2022-09-08,Occasional
7143,Anmol Srivastava,customer7143@example.com,Kochi,Kerala,India,2022-11-19,New
7144,Harini Kothari,customer7144@example.com,Bhopal,Madhya Pradesh,India,2022-12-24,Regular
7145,Pratyush Karpe,customer7145@example.com,Delhi,Delhi,India,2022-10-09,Regular
7146,Harrison Gola,customer7146@example.com,Mumbai,Maharashtra,India,2024-08-07,New
7147,Vamakshi Kulkarni,customer7147@example.com,Delhi,Delhi,India,2022-04-19,Regular
7148,Rayaan Shanker,customer7148@example.com,Bengaluru,Karnataka,India,2021-03-09,Regular
7149,Wyatt Karpe,customer7149@example.com,Bhopal,Madhya Pradesh,India,2022-05-04,Regular
7150,Ekiya Bora,customer7150@example.com,Jaipur,Rajasthan,India,2023-12-14,New
7151,Jeremiah Kothari,customer7151@example.com,Ahmedabad,Gujarat,India,2024-05-27,Regular
7152,Gopal Balakrishnan,customer7152@example.com,Jaipur,Rajasthan,India,2022-02-15,Occasional
7153,Jasmit Parikh,customer7153@example.com,Bengaluru,Karnataka,India,2025-02-23,Occasional
7154,Chatura Loke,customer7154@example.com,Kochi,Kerala,India,2023-10-05,New
7155,Max Doshi,customer7155@example.com,Warangal,Telangana,India,2021-06-12,Regular
7156,Maya Mody,customer7156@example.com,Kochi,Kerala,India,2023-07-19,Premium
7157,Naksh Prabhu,customer7157@example.com,Pune,Maharashtra,India,2021-08-10,Regular
7158,Karan Nagi,customer7158@example.com,Bengaluru,Karnataka,India,2024-03-02,Regular
7159,Vedika Varughese,customer7159@example.com,Visakhapatnam,Andhra Pradesh,India,2022-12-24,Premium
7160,Zaid Pai,customer7160@example.com,Bhopal,Madhya Pradesh,India,2021-08-23,Regular
7161,Udant Mukherjee,customer7161@example.com,Mumbai,Maharashtra,India,2021-03-08,Premium
7162,Upma Choudhary,customer7162@example.com,Chennai,Tamil Nadu,India,2023-02-28,Occasional
7163,Dipta Parmar,customer7163@example.com,Delhi,Delhi,India,2023-11-02,Premium
7164,Manya Sankaran,customer7164@example.com,Chennai,Tamil Nadu,India,2025-03-22,Regular
7165,Yutika Deep,customer7165@example.com,Ahmedabad,Gujarat,India,2022-12-18,Occasional
7166,Yatan Badal,customer7166@example.com,Pune,Maharashtra,India,2023-05-13,Premium
7167,Nirja Desai,customer7167@example.com,Bengaluru,Karnataka,India,2024-08-30,Regular
7168,Rachana Khanna,customer7168@example.com,Kolkata,West Bengal,India,2021-08-20,Regular
7169,Aditya Acharya,customer7169@example.com,Delhi,Delhi,India,2023-09-09,Occasional
7170,Elijah Munshi,customer7170@example.com,Bhopal,Madhya Pradesh,India,2024-11-24,Regular
7171,Mitesh Bhakta,customer7171@example.com,Delhi,Delhi,India,2021-05-10,Occasional
7172,Xiti Parmer,customer7172@example.com,Vijayawada,Andhra Pradesh,India,2023-09-04,Regular
7173,Triveni Brahmbhatt,customer7173@example.com,Bhopal,Madhya Pradesh,India,2024-07-28,Premium
7174,Tanveer Sami,customer7174@example.com,Bengaluru,Karnataka,India,2023-08-09,Regular
7175,Baljiwan Chopra,customer7175@example.com,Bhopal,Madhya Pradesh,India,2021-03-16,Premium
7176,Bhavani Sahni,customer7176@example.com,Kochi,Kerala,India,2021-05-18,Regular
7177,Tarak Dixit,customer7177@example.com,Mumbai,Maharashtra,India,2021-10-26,Occasional
7178,Sarthak Barad,customer7178@example.com,Vijayawada,Andhra Pradesh,India,2025-02-17,Occasional
7179,Ishwar Raju,customer7179@example.com,Jaipur,Rajasthan,India,2023-05-24,Regular
7180,Nikita Trivedi,customer7180@example.com,Warangal,Telangana,India,2023-01-26,Regular
7181,Gaurang Wable,customer7181@example.com,Visakhapatnam,Andhra Pradesh,India,2025-01-09,Occasional
7182,Chakradev Palla,customer7182@example.com,Jaipur,Rajasthan,India,2024-01-03,Premium
7183,Gaurika Ratta,customer7183@example.com,Bhopal,Madhya Pradesh,India,2021-04-20,Regular
7184,Lajita Srinivas,customer7184@example.com,Kochi,Kerala,India,2025-09-26,Regular
7185,Advik Srinivas,customer7185@example.com,Pune,Maharashtra,India,2022-07-02,Regular
7186,Naksh Agarwal,customer7186@example.com,Coimbatore,Tamil Nadu,India,2022-04-30,Premium
7187,Bina Sem,customer7187@example.com,Jaipur,Rajasthan,India,2025-09-18,Occasional
7188,Tara Kade,customer7188@example.com,Bhopal,Madhya Pradesh,India,2022-04-25,Premium
7189,Barkha Badami,customer7189@example.com,Chennai,Tamil Nadu,India,2023-12-29,Premium
7190,Ayush Walla,customer7190@example.com,Chennai,Tamil Nadu,India,2024-12-19,Premium
7191,Mugdha Sawhney,customer7191@example.com,Mumbai,Maharashtra,India,2022-11-21,Regular
7192,Harshil Kumer,customer7192@example.com,Pune,Maharashtra,India,2025-06-05,Regular
7193,Samarth Sabharwal,customer7193@example.com,Bengaluru,Karnataka,India,2023-12-14,Regular
7194,Abha Ram,customer7194@example.com,Mumbai,Maharashtra,India,2024-12-04,Regular
7195,Balendra Saran,customer7195@example.com,Visakhapatnam,Andhra Pradesh,India,2025-02-02,Occasional
7196,Shivani Pradhan,customer7196@example.com,Hyderabad,Telangana,India,2024-03-23,Regular
7197,Vyanjana Chaudhuri,customer7197@example.com,Delhi,Delhi,India,2021-08-01,Regular
7198,Daksha Pandya,customer7198@example.com,Delhi,Delhi,India,2021-09-18,Occasional
7199,Indali Pau,customer7199@example.com,Coimbatore,Tamil Nadu,India,2024-09-01,Premium
7200,Chavvi Kothari,customer7200@example.com,Kochi,Kerala,India,2024-06-03,Premium
7201,Reva Kadakia,customer7201@example.com,Visakhapatnam,Andhra Pradesh,India,2021-10-05,Occasional
7202,Bachittar Desai,customer7202@example.com,Visakhapatnam,Andhra Pradesh,India,2022-04-01,Occasional
7203,Priya Narula,customer7203@example.com,Kochi,Kerala,India,2023-12-22,Occasional
7204,Upasna Sood,customer7204@example.com,Bengaluru,Karnataka,India,2022-10-27,Regular
7205,Andrew Iyengar,customer7205@example.com,Jaipur,Rajasthan,India,2025-02-06,Regular
7206,Warhi Srivastava,customer7206@example.com,Visakhapatnam,Andhra Pradesh,India,2021-11-05,Regular
7207,Ojasvi Chokshi,customer7207@example.com,Kolkata,West Bengal,India,2021-12-03,Occasional
7208,Vasana Dube,customer7208@example.com,Visakhapatnam,Andhra Pradesh,India,2024-02-28,Regular
7209,Maanas Lala,customer7209@example.com,Kochi,Kerala,India,2021-02-09,Premium
7210,Kavya Mannan,customer7210@example.com,Delhi,Delhi,India,2021-06-28,Regular
7211,Arjun Bhardwaj,customer7211@example.com,Visakhapatnam,Andhra Pradesh,India,2023-11-14,Premium
7212,Azad Tripathi,customer7212@example.com,Kochi,Kerala,India,2023-11-29,Occasional
7213,Warhi Ratti,customer7213@example.com,Kolkata,West Bengal,India,2021-04-24,Regular
7214,Zinal Uppal,customer7214@example.com,Kochi,Kerala,India,2024-11-24,Regular
7215,Dayita Purohit,customer7215@example.com,Pune,Maharashtra,India,2025-01-26,Occasional
7216,Tanish Arya,customer7216@example.com,Pune,Maharashtra,India,2021-10-30,Premium
7217,Yuvraj Vora,customer7217@example.com,Bengaluru,Karnataka,India,2022-09-21,New
7218,Ayaan Balan,customer7218@example.com,Ahmedabad,Gujarat,India,2022-11-14,Occasional
7219,Bishakha Kapoor,customer7219@example.com,Coimbatore,Tamil Nadu,India,2025-12-08,Occasional
7220,Damyanti Kara,customer7220@example.com,Bengaluru,Karnataka,India,2023-08-31,Premium
7221,Arunima Cherian,customer7221@example.com,Bhopal,Madhya Pradesh,India,2021-02-25,Occasional
7222,Dipta Madan,customer7222@example.com,Mumbai,Maharashtra,India,2024-09-21,Regular
7223,Michael Vala,customer7223@example.com,Coimbatore,Tamil Nadu,India,2024-07-08,Regular
7224,Jagrati Chaudhry,customer7224@example.com,Coimbatore,Tamil Nadu,India,2025-03-23,Regular
7225,Naksh Dhillon,customer7225@example.com,Hyderabad,Telangana,India,2025-06-10,Regular
7226,Sneha Narang,customer7226@example.com,Hyderabad,Telangana,India,2023-11-13,Premium
7227,Aayush Gandhi,customer7227@example.com,Kolkata,West Bengal,India,2024-06-09,Regular
7228,Baljiwan Dayal,customer7228@example.com,Hyderabad,Telangana,India,2022-01-31,Occasional
7229,Balvan Pradhan,customer7229@example.com,Visakhapatnam,Andhra Pradesh,India,2022-11-29,Regular
7230,Siya Chaudry,customer7230@example.com,Delhi,Delhi,India,2024-04-02,Regular
7231,Farhan Pillay,customer7231@example.com,Mumbai,Maharashtra,India,2022-07-28,Occasional
7232,Adweta Chaudry,customer7232@example.com,Hyderabad,Telangana,India,2025-05-31,Regular
7233,Yashica Arora,customer7233@example.com,Bengaluru,Karnataka,India,2025-05-24,Regular
7234,Nitara Rau,customer7234@example.com,Delhi,Delhi,India,2023-11-13,Premium
7235,Ishwar Gole,customer7235@example.com,Pune,Maharashtra,India,2024-09-02,Regular
7236,Vinaya Vyas,customer7236@example.com,Hyderabad,Telangana,India,2022-11-07,Regular
7237,Anya Sunder,customer7237@example.com,Pune,Maharashtra,India,2025-09-16,Occasional
7238,Rishi Saha,customer7238@example.com,Ahmedabad,Gujarat,India,2021-04-15,Occasional
7239,Logan Som,customer7239@example.com,Chennai,Tamil Nadu,India,2021-09-15,Regular
7240,Baghyawati Mitter,customer7240@example.com,Ahmedabad,Gujarat,India,2024-04-29,Premium
7241,Alexander Dhillon,customer7241@example.com,Vijayawada,Andhra Pradesh,India,2023-07-31,Premium
7242,Manthan Krishnamurthy,customer7242@example.com,Kolkata,West Bengal,India,2022-05-13,Regular
7243,Rayaan Bobal,customer7243@example.com,Mumbai,Maharashtra,India,2025-07-26,Regular
7244,Wahab Shere,customer7244@example.com,Kolkata,West Bengal,India,2023-01-30,Occasional
7245,Jeevika Barman,customer7245@example.com,Chennai,Tamil Nadu,India,2021-08-27,New
7246,Imaran Walia,customer7246@example.com,Bhopal,Madhya Pradesh,India,2022-12-05,Occasional
7247,Lajita Rai,customer7247@example.com,Vijayawada,Andhra Pradesh,India,2021-04-09,Occasional
7248,Adya Dara,customer7248@example.com,Jaipur,Rajasthan,India,2025-12-30,Regular
7249,Abeer Rajagopal,customer7249@example.com,Warangal,Telangana,India,2023-02-12,Regular
7250,Aishani Sha,customer7250@example.com,Hyderabad,Telangana,India,2021-09-22,Premium
7251,Harsh Dass,customer7251@example.com,Vijayawada,Andhra Pradesh,India,2021-10-15,Regular
7252,Luke Modi,customer7252@example.com,Bhopal,Madhya Pradesh,India,2023-09-07,Premium
7253,Siddharth Mann,customer7253@example.com,Ahmedabad,Gujarat,India,2025-02-19,New
7254,Thomas Lala,customer7254@example.com,Warangal,Telangana,India,2021-07-16,Regular
7255,Girik Hora,customer7255@example.com,Visakhapatnam,Andhra Pradesh,India,2021-09-01,Occasional
7256,Indrajit Chawla,customer7256@example.com,Delhi,Delhi,India,2021-08-05,Regular
7257,Hema Chada,customer7257@example.com,Bengaluru,Karnataka,India,2023-08-28,New
7258,Divya D’Alia,customer7258@example.com,Mumbai,Maharashtra,India,2022-12-21,Occasional
7259,Dayita Muni,customer7259@example.com,Vijayawada,Andhra Pradesh,India,2024-10-14,Occasional
7260,Yadavi Patel,customer7260@example.com,Coimbatore,Tamil Nadu,India,2024-10-31,New
7261,Anvi Batta,customer7261@example.com,Warangal,Telangana,India,2024-07-10,Occasional
7262,Harish Minhas,customer7262@example.com,Jaipur,Rajasthan,India,2024-04-15,Regular
7263,Simon Biswas,customer7263@example.com,Mumbai,Maharashtra,India,2025-04-13,Regular
7264,Henry Lala,customer7264@example.com,Ahmedabad,Gujarat,India,2021-03-09,Occasional
7265,Anita Murty,customer7265@example.com,Chennai,Tamil Nadu,India,2024-01-04,Occasional
7266,Michael Shankar,customer7266@example.com,Hyderabad,Telangana,India,2025-01-12,Regular
7267,Amruta Bhagat,customer7267@example.com,Kolkata,West Bengal,India,2023-10-17,Regular
7268,Avi Kapadia,customer7268@example.com,Bhopal,Madhya Pradesh,India,2024-11-14,Regular
7269,Alka Kuruvilla,customer7269@example.com,Vijayawada,Andhra Pradesh,India,2022-10-30,Occasional
7270,Aarush Karpe,customer7270@example.com,Bengaluru,Karnataka,India,2025-12-09,Regular
7271,Veer Ramaswamy,customer7271@example.com,Visakhapatnam,Andhra Pradesh,India,2023-02-07,Premium
7272,Quincy Ravel,customer7272@example.com,Delhi,Delhi,India,2023-06-17,New
7273,Aayush Rajan,customer7273@example.com,Visakhapatnam,Andhra Pradesh,India,2023-07-23,Regular
7274,Oliver Sandhu,customer7274@example.com,Hyderabad,Telangana,India,2021-02-22,Regular
7275,Vivaan Bhattacharyya,customer7275@example.com,Hyderabad,Telangana,India,2024-11-01,Occasional
7276,Ijaya Suresh,customer7276@example.com,Visakhapatnam,Andhra Pradesh,India,2025-09-26,Premium
7277,Gagan Bansal,customer7277@example.com,Mumbai,Maharashtra,India,2024-05-17,Regular
7278,Nidra Natarajan,customer7278@example.com,Kochi,Kerala,India,2021-09-10,New
7279,Girindra Gandhi,customer7279@example.com,Pune,Maharashtra,India,2023-07-07,Premium
7280,Meghana Barad,customer7280@example.com,Chennai,Tamil Nadu,India,2023-09-28,Premium
7281,Ansh Bhat,customer7281@example.com,Pune,Maharashtra,India,2024-04-22,Regular
7282,Bina Verma,customer7282@example.com,Jaipur,Rajasthan,India,2023-05-23,Regular
7283,Charita Radhakrishnan,customer7283@example.com,Vijayawada,Andhra Pradesh,India,2024-05-27,Regular
7284,Yashoda Krishnan,customer7284@example.com,Kolkata,West Bengal,India,2025-12-20,Regular
7285,Unni Arora,customer7285@example.com,Visakhapatnam,Andhra Pradesh,India,2025-05-25,Regular
7286,Hredhaan Bakshi,customer7286@example.com,Ahmedabad,Gujarat,India,2023-02-05,Regular
7287,Upadhriti Agrawal,customer7287@example.com,Bhopal,Madhya Pradesh,India,2021-06-16,Regular
7288,Vedika Kapadia,customer7288@example.com,Pune,Maharashtra,India,2021-08-12,Regular
7289,Dayita Hora,customer7289@example.com,Pune,Maharashtra,India,2025-02-01,Occasional
7290,Sachi Wable,customer7290@example.com,Bengaluru,Karnataka,India,2022-09-20,Regular
7291,Ethan Sathe,customer7291@example.com,Vijayawada,Andhra Pradesh,India,2021-11-17,Regular
7292,Charles Bansal,customer7292@example.com,Ahmedabad,Gujarat,India,2021-11-28,Occasional
7293,Onkar Chander,customer7293@example.com,Visakhapatnam,Andhra Pradesh,India,2023-05-14,Regular
7294,Chaaya Chadha,customer7294@example.com,Delhi,Delhi,India,2023-04-13,Premium
7295,Pallavi Sem,customer7295@example.com,Coimbatore,Tamil Nadu,India,2024-01-14,Regular
7296,Vincent Kaul,customer7296@example.com,Warangal,Telangana,India,2023-05-18,Regular
7297,Niharika Oommen,customer7297@example.com,Ahmedabad,Gujarat,India,2025-06-01,New
7298,Veer Chopra,customer7298@example.com,Warangal,Telangana,India,2024-03-08,Regular
7299,Siddharth Kaur,customer7299@example.com,Ahmedabad,Gujarat,India,2025-01-31,Regular
7300,Aarav Bhakta,customer7300@example.com,Mumbai,Maharashtra,India,2024-01-25,Occasional
7301,Leena Raval,customer7301@example.com,Kolkata,West Bengal,India,2023-08-25,Occasional
7302,Libni Choudhury,customer7302@example.com,Hyderabad,Telangana,India,2023-12-18,Regular
7303,Warinder Chawla,customer7303@example.com,Jaipur,Rajasthan,India,2025-01-23,Regular
7304,Chavvi Sane,customer7304@example.com,Pune,Maharashtra,India,2024-11-12,Regular
7305,Yashawini Tandon,customer7305@example.com,Delhi,Delhi,India,2022-04-26,New
7306,Ikshita Vora,customer7306@example.com,Hyderabad,Telangana,India,2022-04-18,Occasional
7307,Yagnesh Dube,customer7307@example.com,Mumbai,Maharashtra,India,2024-03-14,Regular
7308,Sudiksha Chanda,customer7308@example.com,Kolkata,West Bengal,India,2025-01-28,New
7309,Wyatt Mahal,customer7309@example.com,Delhi,Delhi,India,2023-03-22,New
7310,Jeet Subramaniam,customer7310@example.com,Bengaluru,Karnataka,India,2025-11-27,Regular
7311,Bahadurjit Sani,customer7311@example.com,Coimbatore,Tamil Nadu,India,2024-04-28,Premium
7312,Januja Chaudhuri,customer7312@example.com,Delhi,Delhi,India,2021-01-19,Regular
7313,Ekaja Shere,customer7313@example.com,Warangal,Telangana,India,2025-01-24,Regular
7314,Jairaj Rama,customer7314@example.com,Bengaluru,Karnataka,India,2022-01-25,Occasional
7315,Aryan Ramaswamy,customer7315@example.com,Kochi,Kerala,India,2022-02-28,Occasional
7316,Kamala Lall,customer7316@example.com,Vijayawada,Andhra Pradesh,India,2025-09-28,New
7317,Nandini Joshi,customer7317@example.com,Ahmedabad,Gujarat,India,2024-05-06,Regular
7318,Alexander Chaudry,customer7318@example.com,Kochi,Kerala,India,2025-07-21,Regular
7319,Jalsa Sunder,customer7319@example.com,Bhopal,Madhya Pradesh,India,2023-07-09,Regular
7320,Wazir Krishna,customer7320@example.com,Pune,Maharashtra,India,2021-01-16,Occasional
7321,Hardik Zachariah,customer7321@example.com,Visakhapatnam,Andhra Pradesh,India,2022-02-16,Premium
7322,Matthew Pathak,customer7322@example.com,Bhopal,Madhya Pradesh,India,2024-05-12,Occasional
7323,Christopher Narayan,customer7323@example.com,Visakhapatnam,Andhra Pradesh,India,2023-09-28,Occasional
7324,Lopa Bera,customer7324@example.com,Pune,Maharashtra,India,2021-03-16,Regular
7325,Faris Choudhry,customer7325@example.com,Ahmedabad,Gujarat,India,2021-01-23,Regular
7326,Eta Samra,customer7326@example.com,Coimbatore,Tamil Nadu,India,2021-06-22,Regular
7327,Ekavir Sharaf,customer7327@example.com,Kochi,Kerala,India,2021-08-18,Regular
7328,Zayyan Varkey,customer7328@example.com,Coimbatore,Tamil Nadu,India,2022-08-22,New
7329,Gagan Kashyap,customer7329@example.com,Bengaluru,Karnataka,India,2021-09-12,New
7330,Yauvani Dey,customer7330@example.com,Bengaluru,Karnataka,India,2021-01-04,Regular
7331,Keya Behl,customer7331@example.com,Hyderabad,Telangana,India,2022-08-24,Regular
7332,Vanya Datta,customer7332@example.com,Pune,Maharashtra,India,2025-10-08,Occasional
7333,Ethan Bhat,customer7333@example.com,Visakhapatnam,Andhra Pradesh,India,2022-09-03,Regular
7334,Jeet Tak,customer7334@example.com,Bhopal,Madhya Pradesh,India,2023-03-31,Premium
7335,Nitara Patil,customer7335@example.com,Jaipur,Rajasthan,India,2024-12-19,Occasional
7336,Ekaraj Devi,customer7336@example.com,Delhi,Delhi,India,2023-09-12,Regular
7337,Laban Dey,customer7337@example.com,Visakhapatnam,Andhra Pradesh,India,2022-01-28,Premium
7338,Tanay Bumb,customer7338@example.com,Chennai,Tamil Nadu,India,2021-03-07,Premium
7339,Bhavna Dara,customer7339@example.com,Jaipur,Rajasthan,India,2025-06-24,Regular
7340,Dev Kapoor,customer7340@example.com,Warangal,Telangana,India,2025-02-02,Regular
7341,Ranveer Sachdev,customer7341@example.com,Vijayawada,Andhra Pradesh,India,2021-04-01,Regular
7342,Rajata Khare,customer7342@example.com,Hyderabad,Telangana,India,2023-03-25,Regular
7343,Edhitha Bhatti,customer7343@example.com,Chennai,Tamil Nadu,India,2024-08-08,Regular
7344,Radha Mahal,customer7344@example.com,Visakhapatnam,Andhra Pradesh,India,2024-07-09,Regular
7345,Manan Kar,customer7345@example.com,Warangal,Telangana,India,2021-02-16,New
7346,Vedant Gola,customer7346@example.com,Hyderabad,Telangana,India,2025-11-29,Occasional
7347,Manthan Ratti,customer7347@example.com,Bhopal,Madhya Pradesh,India,2023-12-03,Occasional
7348,Parth Rai,customer7348@example.com,Delhi,Delhi,India,2024-11-12,Regular
7349,Abha Nagi,customer7349@example.com,Coimbatore,Tamil Nadu,India,2023-01-17,Regular
7350,Dhriti Goyal,customer7350@example.com,Bhopal,Madhya Pradesh,India,2022-05-29,Regular
7351,Aarna Mitra,customer7351@example.com,Pune,Maharashtra,India,2024-07-11,Occasional
7352,Yuvraj Sanghvi,customer7352@example.com,Chennai,Tamil Nadu,India,2025-06-05,Regular
7353,Yashica Chowdhury,customer7353@example.com,Bhopal,Madhya Pradesh,India,2025-08-12,Occasional
7354,Dayamai Kapadia,customer7354@example.com,Chennai,Tamil Nadu,India,2021-12-27,Regular
7355,Pooja Kurian,customer7355@example.com,Mumbai,Maharashtra,India,2022-11-17,Premium
7356,Ekani Tata,customer7356@example.com,Hyderabad,Telangana,India,2021-03-17,Regular
7357,Gauri Nadig,customer7357@example.com,Kolkata,West Bengal,India,2025-01-27,Regular
7358,Lipika Ganesan,customer7358@example.com,Visakhapatnam,Andhra Pradesh,India,2023-12-17,Regular
7359,Charles Garg,customer7359@example.com,Chennai,Tamil Nadu,India,2025-02-04,Occasional
7360,Max Babu,customer7360@example.com,Kolkata,West Bengal,India,2024-01-13,Regular
7361,Warinder Sidhu,customer7361@example.com,Warangal,Telangana,India,2023-04-08,Occasional
7362,Nitara Gokhale,customer7362@example.com,Coimbatore,Tamil Nadu,India,2022-06-07,Regular
7363,Arin Kalita,customer7363@example.com,Bhopal,Madhya Pradesh,India,2024-05-17,New
7364,Ekiya Trivedi,customer7364@example.com,Chennai,Tamil Nadu,India,2022-03-29,Regular
7365,Abeer Gill,customer7365@example.com,Warangal,Telangana,India,2023-07-12,Premium
7366,Vrishti Sidhu,customer7366@example.com,Hyderabad,Telangana,India,2023-09-20,Occasional
7367,Rohan Parmer,customer7367@example.com,Delhi,Delhi,India,2022-12-08,Occasional
7368,Hiral Bir,customer7368@example.com,Kolkata,West Bengal,India,2025-02-27,Occasional
7369,Aachal Seth,customer7369@example.com,Warangal,Telangana,India,2025-10-20,Occasional
7370,Ethan Bhatt,customer7370@example.com,Mumbai,Maharashtra,India,2023-04-18,Occasional
7371,Mahika Shah,customer7371@example.com,Ahmedabad,Gujarat,India,2025-01-29,Premium
7372,Pavani Divan,customer7372@example.com,Kochi,Kerala,India,2021-02-06,Regular
7373,Ubika Sankar,customer7373@example.com,Ahmedabad,Gujarat,India,2024-01-09,Occasional
7374,Naveen Patla,customer7374@example.com,Kolkata,West Bengal,India,2021-11-20,Regular
7375,Naveen Jha,customer7375@example.com,Vijayawada,Andhra Pradesh,India,2025-09-23,Premium
7376,Akshay Basak,customer7376@example.com,Kochi,Kerala,India,2022-10-09,Regular
7377,Zaid Balay,customer7377@example.com,Coimbatore,Tamil Nadu,India,2024-01-29,Occasional
7378,Ojas Krishnan,customer7378@example.com,Hyderabad,Telangana,India,2025-04-28,Regular
7379,Yasti Shukla,customer7379@example.com,Vijayawada,Andhra Pradesh,India,2025-10-02,New
7380,Indrajit Baral,customer7380@example.com,Visakhapatnam,Andhra Pradesh,India,2022-11-25,Regular
7381,Fiyaz Garg,customer7381@example.com,Delhi,Delhi,India,2025-01-05,Occasional
7382,Prisha Pandit,customer7382@example.com,Warangal,Telangana,India,2024-10-03,Premium
7383,Manthan Gour,customer7383@example.com,Mumbai,Maharashtra,India,2023-06-22,Occasional
7384,Kiaan Ahuja,customer7384@example.com,Jaipur,Rajasthan,India,2021-01-09,Occasional
7385,Arin Merchant,customer7385@example.com,Warangal,Telangana,India,2021-07-19,Occasional
7386,Zehaan Boase,customer7386@example.com,Pune,Maharashtra,India,2022-03-04,Regular
7387,Vrishti Sani,customer7387@example.com,Pune,Maharashtra,India,2024-09-19,Premium
7388,Eta Bhatti,customer7388@example.com,Chennai,Tamil Nadu,India,2022-10-13,Occasional
7389,Ira Narula,customer7389@example.com,Chennai,Tamil Nadu,India,2022-05-03,Regular
7390,Andrew Patla,customer7390@example.com,Pune,Maharashtra,India,2021-10-11,Regular
7391,Yochana Contractor,customer7391@example.com,Warangal,Telangana,India,2021-09-08,Regular
7392,Kabir Dave,customer7392@example.com,Vijayawada,Andhra Pradesh,India,2023-08-02,Regular
7393,Sarthak Batta,customer7393@example.com,Chennai,Tamil Nadu,India,2024-08-26,Occasional
7394,Omya Anne,customer7394@example.com,Pune,Maharashtra,India,2021-02-09,Regular
7395,Kai Khosla,customer7395@example.com,Kolkata,West Bengal,India,2024-11-04,Regular
7396,Mitesh Wadhwa,customer7396@example.com,Kolkata,West Bengal,India,2023-09-29,Occasional
7397,Ranveer Magar,customer7397@example.com,Jaipur,Rajasthan,India,2022-12-19,Regular
7398,Rudra Shan,customer7398@example.com,Hyderabad,Telangana,India,2022-03-19,Occasional
7399,Ishwar Saran,customer7399@example.com,Bengaluru,Karnataka,India,2023-10-26,Regular
7400,Ayushman Choudhury,customer7400@example.com,Hyderabad,Telangana,India,2025-11-16,Regular
7401,Timothy Dasgupta,customer7401@example.com,Pune,Maharashtra,India,2024-07-15,Regular
7402,Lekha Sinha,customer7402@example.com,Vijayawada,Andhra Pradesh,India,2024-08-04,Regular
7403,Yuvraj Jhaveri,customer7403@example.com,Vijayawada,Andhra Pradesh,India,2023-08-08,Regular
7404,Kashvi Mallick,customer7404@example.com,Visakhapatnam,Andhra Pradesh,India,2021-01-05,Regular
7405,Anirudh Ramachandran,customer7405@example.com,Vijayawada,Andhra Pradesh,India,2023-02-25,Regular
7406,Mahika Lalla,customer7406@example.com,Mumbai,Maharashtra,India,2021-11-06,Regular
7407,Aayush Balasubramanian,customer7407@example.com,Kochi,Kerala,India,2025-12-08,Occasional
7408,Bina Narula,customer7408@example.com,Bengaluru,Karnataka,India,2025-08-26,Regular
7409,Harish Narayan,customer7409@example.com,Coimbatore,Tamil Nadu,India,2025-09-12,Regular
7410,Niharika Mistry,customer7410@example.com,Visakhapatnam,Andhra Pradesh,India,2021-10-23,Regular
7411,Onkar Varty,customer7411@example.com,Coimbatore,Tamil Nadu,India,2022-03-20,Regular
7412,Chakrika Char,customer7412@example.com,Mumbai,Maharashtra,India,2021-01-12,Premium
7413,Abeer Nadkarni,customer7413@example.com,Hyderabad,Telangana,India,2022-01-05,Regular
7414,Ojasvi Chaudhary,customer7414@example.com,Vijayawada,Andhra Pradesh,India,2021-02-26,Regular
7415,Forum Gaba,customer7415@example.com,Coimbatore,Tamil Nadu,India,2022-08-30,New
7416,Nathaniel Konda,customer7416@example.com,Delhi,Delhi,India,2023-10-27,Regular
7417,Chanakya Nair,customer7417@example.com,Bhopal,Madhya Pradesh,India,2022-05-21,Regular
7418,Tamanna Saxena,customer7418@example.com,Pune,Maharashtra,India,2025-04-13,Regular
7419,Inaya Madan,customer7419@example.com,Jaipur,Rajasthan,India,2023-08-03,Occasional
7420,Watika Ravel,customer7420@example.com,Pune,Maharashtra,India,2021-06-27,Regular
7421,Rushil Patla,customer7421@example.com,Delhi,Delhi,India,2022-06-26,Occasional
7422,Gagan D’Alia,customer7422@example.com,Kolkata,West Bengal,India,2021-05-26,Regular
7423,Ekta Nagarajan,customer7423@example.com,Coimbatore,Tamil Nadu,India,2023-10-22,Regular
7424,Pratyush Sheth,customer7424@example.com,Bengaluru,Karnataka,India,2025-04-23,Regular
7425,Neelima Baria,customer7425@example.com,Delhi,Delhi,India,2024-10-15,Premium
7426,Sai Majumdar,customer7426@example.com,Warangal,Telangana,India,2022-11-18,Regular
7427,Wazir Bahri,customer7427@example.com,Mumbai,Maharashtra,India,2025-07-10,Regular
7428,Yashica Amble,customer7428@example.com,Bengaluru,Karnataka,India,2023-03-03,Regular
7429,Rachana Bir,customer7429@example.com,Kochi,Kerala,India,2025-01-02,Occasional
7430,Pranav Kannan,customer7430@example.com,Warangal,Telangana,India,2023-08-20,Regular
7431,Chakrika Patla,customer7431@example.com,Pune,Maharashtra,India,2024-02-18,Regular
7432,Eshana Pandit,customer7432@example.com,Jaipur,Rajasthan,India,2022-07-17,New
7433,Saanvi Nagi,customer7433@example.com,Bhopal,Madhya Pradesh,India,2025-10-17,Premium
7434,Gaurang Chhabra,customer7434@example.com,Vijayawada,Andhra Pradesh,India,2024-10-14,Occasional
7435,Udant Badami,customer7435@example.com,Kochi,Kerala,India,2022-08-09,Occasional
7436,Unni Sabharwal,customer7436@example.com,Bhopal,Madhya Pradesh,India,2023-08-08,Regular
7437,Zashil Nair,customer7437@example.com,Chennai,Tamil Nadu,India,2022-03-20,Regular
7438,Lopa Acharya,customer7438@example.com,Hyderabad,Telangana,India,2021-11-20,Regular
7439,Ucchal Barad,customer7439@example.com,Warangal,Telangana,India,2025-09-04,New
7440,Oliver Golla,customer7440@example.com,Ahmedabad,Gujarat,India,2021-12-05,Premium
7441,Saksham Raghavan,customer7441@example.com,Ahmedabad,Gujarat,India,2021-12-28,New
7442,Darsh Amble,customer7442@example.com,Coimbatore,Tamil Nadu,India,2025-06-09,Occasional
7443,Anita Shanker,customer7443@example.com,Coimbatore,Tamil Nadu,India,2025-05-16,Premium
7444,Kalpit Tripathi,customer7444@example.com,Kochi,Kerala,India,2024-09-06,Premium
7445,Abhimanyu Tandon,customer7445@example.com,Jaipur,Rajasthan,India,2025-12-01,Regular
7446,Hitesh Dada,customer7446@example.com,Chennai,Tamil Nadu,India,2023-05-23,Regular
7447,Jonathan Shukla,customer7447@example.com,Vijayawada,Andhra Pradesh,India,2023-02-05,Regular
7448,Meera Bava,customer7448@example.com,Bhopal,Madhya Pradesh,India,2021-11-23,Occasional
7449,Vedika Zachariah,customer7449@example.com,Chennai,Tamil Nadu,India,2022-11-16,Regular
7450,Madhav Varghese,customer7450@example.com,Vijayawada,Andhra Pradesh,India,2025-06-01,Regular
7451,Yauvani Cheema,customer7451@example.com,Hyderabad,Telangana,India,2024-02-10,New
7452,Wahab Sibal,customer7452@example.com,Mumbai,Maharashtra,India,2025-08-24,Regular
7453,Charan Anand,customer7453@example.com,Warangal,Telangana,India,2024-05-15,Occasional
7454,Warjas Taneja,customer7454@example.com,Vijayawada,Andhra Pradesh,India,2021-01-13,Occasional
7455,Chameli Malhotra,customer7455@example.com,Warangal,Telangana,India,2025-12-30,New
7456,Zayyan Mukherjee,customer7456@example.com,Bengaluru,Karnataka,India,2023-08-30,Regular
7457,Caleb Seth,customer7457@example.com,Hyderabad,Telangana,India,2023-05-11,Regular
7458,Pooja Deshmukh,customer7458@example.com,Chennai,Tamil Nadu,India,2024-06-06,Regular
7459,Bhavani Kata,customer7459@example.com,Jaipur,Rajasthan,India,2024-04-13,Regular
7460,Isha Chopra,customer7460@example.com,Warangal,Telangana,India,2023-07-14,Regular
7461,Aashi Krish,customer7461@example.com,Kochi,Kerala,India,2024-04-29,Premium
7462,Zaitra Narayan,customer7462@example.com,Kochi,Kerala,India,2023-11-26,Regular
7463,Turvi Sanghvi,customer7463@example.com,Chennai,Tamil Nadu,India,2025-10-30,Regular
7464,Shravya Tripathi,customer7464@example.com,Kolkata,West Bengal,India,2024-02-05,Premium
7465,Forum Saha,customer7465@example.com,Chennai,Tamil Nadu,India,2022-11-24,Premium
7466,Kritika Sood,customer7466@example.com,Jaipur,Rajasthan,India,2025-09-12,Regular
7467,Tejas Mohan,customer7467@example.com,Kolkata,West Bengal,India,2025-06-23,Regular
7468,Shivansh Bhandari,customer7468@example.com,Hyderabad,Telangana,India,2021-05-01,Regular
7469,Unnati Shroff,customer7469@example.com,Coimbatore,Tamil Nadu,India,2024-10-07,New
7470,Reyansh Mutti,customer7470@example.com,Vijayawada,Andhra Pradesh,India,2024-04-20,Occasional
7471,Vyanjana Trivedi,customer7471@example.com,Kochi,Kerala,India,2021-03-21,Regular
7472,Lipika Dugar,customer7472@example.com,Jaipur,Rajasthan,India,2025-07-19,Occasional
7473,Rudra Thaker,customer7473@example.com,Jaipur,Rajasthan,India,2022-04-07,Occasional
7474,Agastya Keer,customer7474@example.com,Hyderabad,Telangana,India,2023-09-27,Regular
7475,Harini De,customer7475@example.com,Delhi,Delhi,India,2022-08-11,Regular
7476,Caleb Grover,customer7476@example.com,Kolkata,West Bengal,India,2025-09-19,Regular
7477,Lakshit Ramaswamy,customer7477@example.com,Pune,Maharashtra,India,2022-11-28,Regular
7478,Nathan Shanker,customer7478@example.com,Ahmedabad,Gujarat,India,2023-09-06,Regular
7479,Ganga Dani,customer7479@example.com,Visakhapatnam,Andhra Pradesh,India,2023-01-10,Regular
7480,Nachiket Lala,customer7480@example.com,Coimbatore,Tamil Nadu,India,2023-06-04,Regular
7481,Logan Dave,customer7481@example.com,Pune,Maharashtra,India,2021-06-16,Regular
7482,Vasatika Sur,customer7482@example.com,Ahmedabad,Gujarat,India,2023-02-03,Regular
7483,Panini Narayan,customer7483@example.com,Visakhapatnam,Andhra Pradesh,India,2021-08-21,Regular
7484,Ishanvi Murthy,customer7484@example.com,Kochi,Kerala,India,2021-04-14,New
7485,Siya Barman,customer7485@example.com,Kolkata,West Bengal,India,2024-02-18,Premium
7486,Banjeet Roy,customer7486@example.com,Bhopal,Madhya Pradesh,India,2022-04-08,New
7487,Zayan Borah,customer7487@example.com,Kolkata,West Bengal,India,2021-12-19,Regular
7488,Dayamai Lanka,customer7488@example.com,Bengaluru,Karnataka,India,2022-08-28,Premium
7489,Upma Ramanathan,customer7489@example.com,Delhi,Delhi,India,2024-01-25,Occasional
7490,Hritik Krish,customer7490@example.com,Warangal,Telangana,India,2021-12-12,New
7491,Vanya Atwal,customer7491@example.com,Kolkata,West Bengal,India,2021-10-17,Regular
7492,Ayushman Sarma,customer7492@example.com,Visakhapatnam,Andhra Pradesh,India,2024-07-24,Regular
7493,Mitesh Ganguly,customer7493@example.com,Bengaluru,Karnataka,India,2024-06-12,Regular
7494,Avi Patla,customer7494@example.com,Warangal,Telangana,India,2022-04-10,Occasional
7495,Bhanumati Saini,customer7495@example.com,Chennai,Tamil Nadu,India,2024-04-14,Regular
7496,Yuvraj Agrawal,customer7496@example.com,Mumbai,Maharashtra,India,2025-09-28,Regular
7497,Kala Naik,customer7497@example.com,Ahmedabad,Gujarat,India,2023-03-09,Regular
7498,Charan Date,customer7498@example.com,Visakhapatnam,Andhra Pradesh,India,2023-11-23,Regular
7499,Gaurangi Sangha,customer7499@example.com,Jaipur,Rajasthan,India,2024-06-21,Regular
7500,Wishi Sur,customer7500@example.com,Visakhapatnam,Andhra Pradesh,India,2021-01-21,Regular
7501,Tarak Kata,customer7501@example.com,Bengaluru,Karnataka,India,2025-08-02,Regular
7502,Nimrat Handa,customer7502@example.com,Delhi,Delhi,India,2022-03-02,Occasional
7503,Adya Roy,customer7503@example.com,Coimbatore,Tamil Nadu,India,2025-11-27,Regular
7504,Zinal Gokhale,customer7504@example.com,Visakhapatnam,Andhra Pradesh,India,2021-04-20,Regular
7505,Krishna Dhar,customer7505@example.com,Ahmedabad,Gujarat,India,2023-01-29,New
7506,Qarin Gour,customer7506@example.com,Visakhapatnam,Andhra Pradesh,India,2024-08-10,Regular
7507,Sachi Prasad,customer7507@example.com,Delhi,Delhi,India,2022-04-10,Occasional
7508,Nandini Chawla,customer7508@example.com,Mumbai,Maharashtra,India,2023-11-14,Regular
7509,Rachana Shere,customer7509@example.com,Mumbai,Maharashtra,India,2024-11-23,Regular
7510,Harini Chokshi,customer7510@example.com,Coimbatore,Tamil Nadu,India,2021-03-15,Occasional
7511,Daksh Johal,customer7511@example.com,Pune,Maharashtra,India,2022-06-21,Premium
7512,Zayyan More,customer7512@example.com,Pune,Maharashtra,India,2025-12-20,Occasional
7513,Rajata Soni,customer7513@example.com,Coimbatore,Tamil Nadu,India,2021-04-14,Occasional
7514,Lavanya Gopal,customer7514@example.com,Kolkata,West Bengal,India,2022-05-24,Regular
7515,Wazir Kashyap,customer7515@example.com,Jaipur,Rajasthan,India,2021-08-18,Regular
7516,Krishna Din,customer7516@example.com,Delhi,Delhi,India,2021-08-14,Premium
7517,Geetika Kapur,customer7517@example.com,Delhi,Delhi,India,2021-12-16,Premium
7518,Frederick Dutta,customer7518@example.com,Delhi,Delhi,India,2021-03-19,Regular
7519,Brijesh Bhakta,customer7519@example.com,Kochi,Kerala,India,2022-06-23,Premium
7520,Maanav Vaidya,customer7520@example.com,Kolkata,West Bengal,India,2025-10-04,Occasional
7521,Sai Mammen,customer7521@example.com,Hyderabad,Telangana,India,2022-12-26,Occasional
7522,Chatura Mutti,customer7522@example.com,Chennai,Tamil Nadu,India,2022-07-19,Regular
7523,Vritti Wason,customer7523@example.com,Vijayawada,Andhra Pradesh,India,2023-06-08,Regular
7524,Maanav Bhatia,customer7524@example.com,Coimbatore,Tamil Nadu,India,2024-10-14,Regular
7525,Matthew Dutt,customer7525@example.com,Pune,Maharashtra,India,2024-05-28,Regular
7526,Fariq Ganesh,customer7526@example.com,Delhi,Delhi,India,2025-05-31,Regular
7527,Bishakha Kuruvilla,customer7527@example.com,Ahmedabad,Gujarat,India,2024-08-02,Occasional
7528,Jasmit Thakur,customer7528@example.com,Kochi,Kerala,India,2024-07-16,Regular
7529,Laksh Madan,customer7529@example.com,Ahmedabad,Gujarat,India,2025-12-06,Regular
7530,Agastya Saha,customer7530@example.com,Mumbai,Maharashtra,India,2025-03-06,Premium
7531,Alka Sarraf,customer7531@example.com,Chennai,Tamil Nadu,India,2021-03-02,Regular
7532,Hema Goel,customer7532@example.com,Vijayawada,Andhra Pradesh,India,2022-04-29,Regular
7533,Teerth Sethi,customer7533@example.com,Vijayawada,Andhra Pradesh,India,2024-01-30,Regular
7534,Zashil Singh,customer7534@example.com,Hyderabad,Telangana,India,2025-09-06,Occasional
7535,Akshay Sathe,customer7535@example.com,Delhi,Delhi,India,2025-03-18,Occasional
7536,Omaja Nadkarni,customer7536@example.com,Bhopal,Madhya Pradesh,India,2021-01-12,Occasional
7537,Tara Bera,customer7537@example.com,Chennai,Tamil Nadu,India,2025-01-26,Regular
7538,Lucky Varkey,customer7538@example.com,Jaipur,Rajasthan,India,2024-09-10,Regular
7539,Michael Mohan,customer7539@example.com,Hyderabad,Telangana,India,2025-04-03,Premium
7540,Darsh Deshpande,customer7540@example.com,Visakhapatnam,Andhra Pradesh,India,2022-04-27,Regular
7541,Nandini Bobal,customer7541@example.com,Ahmedabad,Gujarat,India,2025-05-12,Regular
7542,Jagdish Sarma,customer7542@example.com,Bhopal,Madhya Pradesh,India,2024-03-19,Regular
7543,Harita Hayre,customer7543@example.com,Kolkata,West Bengal,India,2021-03-25,Premium
7544,Zaitra Samra,customer7544@example.com,Vijayawada,Andhra Pradesh,India,2025-03-11,Premium
7545,Lila Rao,customer7545@example.com,Kochi,Kerala,India,2021-04-14,Occasional
7546,Saksham Borde,customer7546@example.com,Coimbatore,Tamil Nadu,India,2025-08-14,Regular
7547,Dalaja Sodhi,customer7547@example.com,Bengaluru,Karnataka,India,2024-06-01,Regular
7548,Devansh Dhawan,customer7548@example.com,Jaipur,Rajasthan,India,2025-11-29,Regular
7549,Jatin Ghosh,customer7549@example.com,Warangal,Telangana,India,2024-12-19,Regular
7550,Jalsa Khanna,customer7550@example.com,Pune,Maharashtra,India,2023-03-27,Regular
7551,Fiyaz Rastogi,customer7551@example.com,Kochi,Kerala,India,2024-03-05,Occasional
7552,Frederick Lal,customer7552@example.com,Ahmedabad,Gujarat,India,2021-02-25,Regular
7553,Ria Agate,customer7553@example.com,Mumbai,Maharashtra,India,2025-09-24,Occasional
7554,Aarav Varkey,customer7554@example.com,Bengaluru,Karnataka,India,2022-01-04,Occasional
7555,Harshil Peri,customer7555@example.com,Warangal,Telangana,India,2024-05-28,Occasional
7556,Varsha Sibal,customer7556@example.com,Vijayawada,Andhra Pradesh,India,2022-06-14,Occasional
7557,Urishilla Mangal,customer7557@example.com,Pune,Maharashtra,India,2021-11-18,New
7558,Upkaar Kar,customer7558@example.com,Pune,Maharashtra,India,2021-06-30,New
7559,Saanvi Raghavan,customer7559@example.com,Kolkata,West Bengal,India,2024-08-12,Occasional
7560,Chaaya Sachar,customer7560@example.com,Chennai,Tamil Nadu,India,2024-11-08,Regular
7561,Falak Bhavsar,customer7561@example.com,Kolkata,West Bengal,India,2021-09-16,Regular
7562,Aadi Behl,customer7562@example.com,Pune,Maharashtra,India,2021-10-12,Regular
7563,Hitesh Taneja,customer7563@example.com,Visakhapatnam,Andhra Pradesh,India,2024-12-28,New
7564,Ayaan Goda,customer7564@example.com,Mumbai,Maharashtra,India,2025-09-22,Regular
7565,Chanakya Dixit,customer7565@example.com,Vijayawada,Andhra Pradesh,India,2021-02-06,New
7566,Urvashi Gade,customer7566@example.com,Bengaluru,Karnataka,India,2023-12-18,Premium
7567,Bachittar Bumb,customer7567@example.com,Delhi,Delhi,India,2022-12-15,Regular
7568,Upma Patla,customer7568@example.com,Kochi,Kerala,India,2021-02-07,Regular
7569,Triveni Nath,customer7569@example.com,Hyderabad,Telangana,India,2025-01-10,Occasional
7570,Ekanta Seth,customer7570@example.com,Hyderabad,Telangana,India,2022-12-16,New
7571,Oliver Pal,customer7571@example.com,Ahmedabad,Gujarat,India,2023-08-19,Regular
7572,Aarna Gandhi,customer7572@example.com,Jaipur,Rajasthan,India,2022-04-16,Regular
7573,Fiyaz Ravel,customer7573@example.com,Hyderabad,Telangana,India,2021-06-24,New
7574,Ikshita Kakar,customer7574@example.com,Coimbatore,Tamil Nadu,India,2023-06-03,Occasional
7575,Balveer Peri,customer7575@example.com,Kochi,Kerala,India,2024-10-01,Regular
7576,William Shanker,customer7576@example.com,Mumbai,Maharashtra,India,2021-10-16,Regular
7577,Pallavi Rana,customer7577@example.com,Visakhapatnam,Andhra Pradesh,India,2022-12-15,Premium
7578,Ladli Walla,customer7578@example.com,Warangal,Telangana,India,2025-11-17,Regular
7579,Aayush Wagle,customer7579@example.com,Ahmedabad,Gujarat,India,2021-12-24,Occasional
7580,Watika Chakrabarti,customer7580@example.com,Ahmedabad,Gujarat,India,2023-09-22,Regular
7581,Chakradhar Patil,customer7581@example.com,Ahmedabad,Gujarat,India,2024-11-23,Occasional
7582,Mahika Varty,customer7582@example.com,Warangal,Telangana,India,2025-06-07,Regular
7583,Anvi Mahajan,customer7583@example.com,Kolkata,West Bengal,India,2025-05-01,Regular
7584,Siddharth Nazareth,customer7584@example.com,Chennai,Tamil Nadu,India,2021-04-19,Occasional
7585,Onveer Mander,customer7585@example.com,Kochi,Kerala,India,2025-04-13,Occasional
7586,Sachi Kumer,customer7586@example.com,Coimbatore,Tamil Nadu,India,2021-05-21,Regular
7587,Avi Sarkar,customer7587@example.com,Kolkata,West Bengal,India,2023-04-05,Occasional
7588,Aarna Prakash,customer7588@example.com,Vijayawada,Andhra Pradesh,India,2022-10-12,Regular
7589,Maanav Sastry,customer7589@example.com,Pune,Maharashtra,India,2023-01-27,Premium
7590,Jackson Chana,customer7590@example.com,Visakhapatnam,Andhra Pradesh,India,2021-12-06,Regular
7591,Ekavir Warrior,customer7591@example.com,Kolkata,West Bengal,India,2021-06-26,Regular
7592,Panini Vaidya,customer7592@example.com,Vijayawada,Andhra Pradesh,India,2023-02-17,Occasional
7593,Tristan Gandhi,customer7593@example.com,Delhi,Delhi,India,2025-09-17,Occasional
7594,Ishanvi Sabharwal,customer7594@example.com,Delhi,Delhi,India,2021-08-26,Regular
7595,Charles Setty,customer7595@example.com,Hyderabad,Telangana,India,2022-01-01,Regular
7596,Abhiram Baral,customer7596@example.com,Delhi,Delhi,India,2022-09-09,Premium
7597,Omya Lanka,customer7597@example.com,Chennai,Tamil Nadu,India,2022-05-01,Regular
7598,Warhi Desai,customer7598@example.com,Bengaluru,Karnataka,India,2022-04-27,Regular
7599,Garima Minhas,customer7599@example.com,Chennai,Tamil Nadu,India,2021-01-27,Regular
7600,Zansi Sule,customer7600@example.com,Kochi,Kerala,India,2025-08-26,Regular
7601,Lohit Bhatt,customer7601@example.com,Kolkata,West Bengal,India,2025-08-30,Occasional
7602,Aadhya Zacharia,customer7602@example.com,Chennai,Tamil Nadu,India,2023-05-26,Occasional
7603,Dalaja Raju,customer7603@example.com,Jaipur,Rajasthan,India,2023-05-21,New
7604,Owen Kota,customer7604@example.com,Bhopal,Madhya Pradesh,India,2021-01-16,Occasional
7605,Vasatika Krishnan,customer7605@example.com,Coimbatore,Tamil Nadu,India,2024-11-16,Regular
7606,Faris Lala,customer7606@example.com,Chennai,Tamil Nadu,India,2025-01-14,Occasional
7607,Tara Goswami,customer7607@example.com,Chennai,Tamil Nadu,India,2024-08-28,Regular
7608,Champak Madan,customer7608@example.com,Warangal,Telangana,India,2025-03-31,Premium
7609,Pratyush Sampath,customer7609@example.com,Jaipur,Rajasthan,India,2023-12-06,New
7610,Yahvi Vasa,customer7610@example.com,Hyderabad,Telangana,India,2024-10-17,Occasional
7611,Upma Narayanan,customer7611@example.com,Ahmedabad,Gujarat,India,2024-11-14,Regular
7612,Forum Varghese,customer7612@example.com,Warangal,Telangana,India,2023-06-30,Regular
7613,Chaitaly Biswas,customer7613@example.com,Pune,Maharashtra,India,2023-03-13,New
7614,Aayush D’Alia,customer7614@example.com,Visakhapatnam,Andhra Pradesh,India,2023-01-02,Regular
7615,Ojasvi Aggarwal,customer7615@example.com,Mumbai,Maharashtra,India,2022-02-28,Regular
7616,Qabil Setty,customer7616@example.com,Mumbai,Maharashtra,India,2023-10-17,Regular
7617,Sathvik Krishnamurthy,customer7617@example.com,Bhopal,Madhya Pradesh,India,2023-11-01,Regular
7618,Zaitra Bala,customer7618@example.com,Pune,Maharashtra,India,2024-03-16,Premium
7619,Arya Wable,customer7619@example.com,Bhopal,Madhya Pradesh,India,2021-12-11,Occasional
7620,Varenya Kibe,customer7620@example.com,Kolkata,West Bengal,India,2023-06-09,Premium
7621,Niharika Dani,customer7621@example.com,Delhi,Delhi,India,2024-08-03,Premium
7622,Nimrat Ratti,customer7622@example.com,Coimbatore,Tamil Nadu,India,2021-08-06,Occasional
7623,Wriddhish Bhatia,customer7623@example.com,Vijayawada,Andhra Pradesh,India,2022-02-27,Regular
7624,Omya Nayak,customer7624@example.com,Hyderabad,Telangana,India,2024-12-16,Regular
7625,Diya Kata,customer7625@example.com,Delhi,Delhi,India,2023-02-23,Regular
7626,Bakhshi Deep,customer7626@example.com,Kochi,Kerala,India,2021-11-14,Regular
7627,Chandani Khurana,customer7627@example.com,Coimbatore,Tamil Nadu,India,2022-02-10,Premium
7628,Tanay Sarraf,customer7628@example.com,Bengaluru,Karnataka,India,2023-02-10,Regular
7629,Ekansh Yadav,customer7629@example.com,Jaipur,Rajasthan,India,2022-07-02,Occasional
7630,Bhavani Misra,customer7630@example.com,Warangal,Telangana,India,2024-07-09,Regular
7631,Omya Guha,customer7631@example.com,Chennai,Tamil Nadu,India,2024-11-19,Premium
7632,Kalpit Bose,customer7632@example.com,Kolkata,West Bengal,India,2021-07-14,Occasional
7633,Vyanjana Grewal,customer7633@example.com,Pune,Maharashtra,India,2022-10-14,Occasional
7634,Champak Rana,customer7634@example.com,Pune,Maharashtra,India,2025-09-29,Regular
7635,Eiravati Misra,customer7635@example.com,Chennai,Tamil Nadu,India,2024-07-17,New
7636,Yochana Rattan,customer7636@example.com,Kochi,Kerala,India,2023-12-14,Regular
7637,Irya Sant,customer7637@example.com,Kolkata,West Bengal,India,2024-03-16,Regular
7638,Fariq Virk,customer7638@example.com,Warangal,Telangana,India,2023-10-11,New
7639,Patrick Nigam,customer7639@example.com,Hyderabad,Telangana,India,2021-03-31,Premium
7640,Onveer Virk,customer7640@example.com,Kochi,Kerala,India,2022-03-10,Regular
7641,Rachita Barman,customer7641@example.com,Coimbatore,Tamil Nadu,India,2025-08-06,Premium
7642,Madhavi Vora,customer7642@example.com,Pune,Maharashtra,India,2023-09-10,New
7643,Yachana Dugar,customer7643@example.com,Coimbatore,Tamil Nadu,India,2023-08-22,Premium
7644,Saumya Banik,customer7644@example.com,Coimbatore,Tamil Nadu,India,2025-07-13,Occasional
7645,Chaitanya Kibe,customer7645@example.com,Chennai,Tamil Nadu,India,2023-10-18,New
7646,Oliver Zachariah,customer7646@example.com,Warangal,Telangana,India,2021-09-04,Occasional
7647,Gavin Ganesh,customer7647@example.com,Kochi,Kerala,India,2025-09-22,Regular
7648,Anay Johal,customer7648@example.com,Kolkata,West Bengal,India,2022-10-14,Premium
7649,Rajata Memon,customer7649@example.com,Mumbai,Maharashtra,India,2024-09-06,Occasional
7650,Vasana Ramachandran,customer7650@example.com,Bhopal,Madhya Pradesh,India,2022-01-29,Regular
7651,Hamsini Grewal,customer7651@example.com,Bengaluru,Karnataka,India,2022-02-28,Occasional
7652,Turvi Radhakrishnan,customer7652@example.com,Bengaluru,Karnataka,India,2025-01-03,Regular
7653,Mason Ahuja,customer7653@example.com,Bengaluru,Karnataka,India,2021-04-01,Regular
7654,Saumya Kara,customer7654@example.com,Bengaluru,Karnataka,India,2025-04-21,Occasional
7655,Fariq Amble,customer7655@example.com,Kochi,Kerala,India,2023-04-15,Premium
7656,Vedant Kapadia,customer7656@example.com,Jaipur,Rajasthan,India,2024-06-17,Occasional
7657,Jyoti Srinivasan,customer7657@example.com,Coimbatore,Tamil Nadu,India,2023-04-07,Occasional
7658,Pavani Ghose,customer7658@example.com,Mumbai,Maharashtra,India,2023-01-25,Regular
7659,Sneha Tata,customer7659@example.com,Delhi,Delhi,India,2022-08-23,Occasional
7660,Aachal Narayanan,customer7660@example.com,Delhi,Delhi,India,2021-04-24,Regular
7661,Ishanvi Singhal,customer7661@example.com,Bhopal,Madhya Pradesh,India,2022-10-24,Regular
7662,Jeremiah Shere,customer7662@example.com,Bengaluru,Karnataka,India,2022-11-10,Occasional
7663,Onkar Padmanabhan,customer7663@example.com,Kochi,Kerala,India,2022-11-17,Occasional
7664,Devika Gade,customer7664@example.com,Pune,Maharashtra,India,2024-10-24,Occasional
7665,Michael Narula,customer7665@example.com,Warangal,Telangana,India,2023-03-02,Occasional
7666,Bina Roy,customer7666@example.com,Hyderabad,Telangana,India,2023-11-30,Regular
7667,Shivani Shanker,customer7667@example.com,Mumbai,Maharashtra,India,2025-06-08,Regular
7668,Hemang Chawla,customer7668@example.com,Pune,Maharashtra,India,2021-05-01,New
7669,Ekapad Parsa,customer7669@example.com,Mumbai,Maharashtra,India,2024-07-15,Regular
7670,Bhavika Ratta,customer7670@example.com,Hyderabad,Telangana,India,2025-12-19,Occasional
7671,Mahika Oza,customer7671@example.com,Pune,Maharashtra,India,2024-11-30,Premium
7672,Chameli Mallick,customer7672@example.com,Kolkata,West Bengal,India,2024-03-26,Premium
7673,Raagini Tata,customer7673@example.com,Coimbatore,Tamil Nadu,India,2025-05-19,Premium
7674,Rachit Gokhale,customer7674@example.com,Delhi,Delhi,India,2022-12-11,Premium
7675,Bhanumati Narayanan,customer7675@example.com,Delhi,Delhi,India,2021-08-08,Occasional
7676,Raksha Balakrishnan,customer7676@example.com,Vijayawada,Andhra Pradesh,India,2023-12-31,Regular
7677,Neel Khare,customer7677@example.com,Bengaluru,Karnataka,India,2021-02-02,Premium
7678,Arya Dutta,customer7678@example.com,Pune,Maharashtra,India,2023-03-25,Occasional
7679,Azad Sura,customer7679@example.com,Warangal,Telangana,India,2024-08-03,Regular
7680,Ekantika Jhaveri,customer7680@example.com,Warangal,Telangana,India,2024-07-05,Premium
7681,Kabir Batta,customer7681@example.com,Kolkata,West Bengal,India,2021-07-03,Regular
7682,Yasti Balakrishnan,customer7682@example.com,Delhi,Delhi,India,2022-12-02,Occasional
7683,Yamini Tara,customer7683@example.com,Ahmedabad,Gujarat,India,2021-12-31,Regular
7684,Maanas Kapur,customer7684@example.com,Coimbatore,Tamil Nadu,India,2021-10-11,Regular
7685,Panini Bera,customer7685@example.com,Visakhapatnam,Andhra Pradesh,India,2023-02-09,Premium
7686,Balvan Zachariah,customer7686@example.com,Kolkata,West Bengal,India,2023-09-23,Regular
7687,Jasmit Kamdar,customer7687@example.com,Bhopal,Madhya Pradesh,India,2021-02-22,Regular
7688,Ati Hora,customer7688@example.com,Pune,Maharashtra,India,2022-10-05,Occasional
7689,Tara Bail,customer7689@example.com,Pune,Maharashtra,India,2023-10-11,New
7690,Vritti Gandhi,customer7690@example.com,Visakhapatnam,Andhra Pradesh,India,2022-02-06,Occasional
7691,Ekavir Nagar,customer7691@example.com,Kolkata,West Bengal,India,2025-05-09,Regular
7692,Raagini Pillai,customer7692@example.com,Coimbatore,Tamil Nadu,India,2024-03-29,Occasional
7693,Ira Talwar,customer7693@example.com,Chennai,Tamil Nadu,India,2024-12-08,Premium
7694,Kamala Pillai,customer7694@example.com,Ahmedabad,Gujarat,India,2023-11-25,Premium
7695,Ekiya Khatri,customer7695@example.com,Bengaluru,Karnataka,India,2021-03-20,Regular
7696,Fitan Savant,customer7696@example.com,Warangal,Telangana,India,2024-04-16,Occasional
7697,Yoshita Patla,customer7697@example.com,Vijayawada,Andhra Pradesh,India,2021-12-23,Regular
7698,Udarsh Pai,customer7698@example.com,Bhopal,Madhya Pradesh,India,2023-06-09,Regular
7699,Karan Peri,customer7699@example.com,Chennai,Tamil Nadu,India,2022-05-14,Regular
7700,Sudiksha Wagle,customer7700@example.com,Bengaluru,Karnataka,India,2022-03-22,Occasional
7701,Falan Ramesh,customer7701@example.com,Mumbai,Maharashtra,India,2025-04-05,Regular
7702,Ekalinga Goyal,customer7702@example.com,Kolkata,West Bengal,India,2023-09-01,Occasional
7703,Kavya Swamy,customer7703@example.com,Ahmedabad,Gujarat,India,2021-10-15,Regular
7704,Ekaja Dixit,customer7704@example.com,Bhopal,Madhya Pradesh,India,2023-07-07,Regular
7705,Banjeet Deshmukh,customer7705@example.com,Bhopal,Madhya Pradesh,India,2021-07-06,Premium
7706,Adweta Sheth,customer7706@example.com,Delhi,Delhi,India,2025-01-11,Regular
7707,Yochana Dhaliwal,customer7707@example.com,Bengaluru,Karnataka,India,2022-09-22,Regular
7708,Ranbir Patil,customer7708@example.com,Bhopal,Madhya Pradesh,India,2023-07-22,Occasional
7709,Gavin Ganguly,customer7709@example.com,Vijayawada,Andhra Pradesh,India,2023-01-22,New
7710,Aditya Ghose,customer7710@example.com,Delhi,Delhi,India,2023-06-03,Regular
7711,Rajata Kaur,customer7711@example.com,Kochi,Kerala,India,2025-12-16,Regular
7712,Zashil Chana,customer7712@example.com,Bengaluru,Karnataka,India,2023-06-19,Premium
7713,Balvan Pathak,customer7713@example.com,Visakhapatnam,Andhra Pradesh,India,2022-07-01,Premium
7714,Vanya Nadig,customer7714@example.com,Kochi,Kerala,India,2022-05-27,Regular
7715,Avi Mandal,customer7715@example.com,Delhi,Delhi,India,2025-12-17,Regular
7716,Gaurang Deshpande,customer7716@example.com,Jaipur,Rajasthan,India,2025-01-26,Regular
7717,Ekta Mittal,customer7717@example.com,Coimbatore,Tamil Nadu,India,2023-01-06,Regular
7718,Gabriel Chahal,customer7718@example.com,Visakhapatnam,Andhra Pradesh,India,2024-06-17,Occasional
7719,Chasmum Kaul,customer7719@example.com,Jaipur,Rajasthan,India,2021-12-20,Regular
7720,Urvashi Biswas,customer7720@example.com,Chennai,Tamil Nadu,India,2023-03-25,Regular
7721,Rachana Goda,customer7721@example.com,Mumbai,Maharashtra,India,2022-09-20,Regular
7722,Ojasvi Chahal,customer7722@example.com,Warangal,Telangana,India,2024-12-05,Occasional
7723,William Mannan,customer7723@example.com,Visakhapatnam,Andhra Pradesh,India,2022-07-31,Occasional
7724,Jackson Dora,customer7724@example.com,Bhopal,Madhya Pradesh,India,2022-02-03,Regular
7725,Gabriel Jani,customer7725@example.com,Bhopal,Madhya Pradesh,India,2021-03-22,Regular
7726,Udarsh Baral,customer7726@example.com,Pune,Maharashtra,India,2025-04-11,Occasional
7727,Dalaja Banerjee,customer7727@example.com,Kolkata,West Bengal,India,2021-10-14,Occasional
7728,Ekaraj Raghavan,customer7728@example.com,Kolkata,West Bengal,India,2022-05-21,Occasional
7729,Jalsa Dugar,customer7729@example.com,Visakhapatnam,Andhra Pradesh,India,2024-07-04,Occasional
7730,Hritik Banik,customer7730@example.com,Kochi,Kerala,India,2022-08-08,Regular
7731,Ekaraj Kalla,customer7731@example.com,Warangal,Telangana,India,2025-05-14,Occasional
7732,Manya Jhaveri,customer7732@example.com,Delhi,Delhi,India,2022-08-21,Regular
7733,Max Kaur,customer7733@example.com,Ahmedabad,Gujarat,India,2021-10-20,Premium
7734,Vrinda Bhagat,customer7734@example.com,Chennai,Tamil Nadu,India,2024-09-01,New
7735,Veda Chada,customer7735@example.com,Coimbatore,Tamil Nadu,India,2023-07-23,Premium
7736,George Contractor,customer7736@example.com,Ahmedabad,Gujarat,India,2021-02-05,Occasional
7737,Bina Banik,customer7737@example.com,Bengaluru,Karnataka,India,2025-04-22,Occasional
7738,Isaac Khare,customer7738@example.com,Mumbai,Maharashtra,India,2023-09-25,Regular
7739,Arin Kothari,customer7739@example.com,Ahmedabad,Gujarat,India,2022-10-02,New
7740,Jhalak Sani,customer7740@example.com,Warangal,Telangana,India,2023-04-27,New
7741,Faraj Kunda,customer7741@example.com,Ahmedabad,Gujarat,India,2021-03-28,Regular
7742,Mahika Pai,customer7742@example.com,Coimbatore,Tamil Nadu,India,2025-06-02,New
7743,Sudiksha Palan,customer7743@example.com,Ahmedabad,Gujarat,India,2021-06-30,Regular
7744,Tripti Doshi,customer7744@example.com,Coimbatore,Tamil Nadu,India,2022-04-22,Occasional
7745,Krishna Joshi,customer7745@example.com,Kochi,Kerala,India,2022-12-04,Premium
7746,Atharv Hayre,customer7746@example.com,Vijayawada,Andhra Pradesh,India,2022-01-01,Occasional
7747,Girik Bhakta,customer7747@example.com,Ahmedabad,Gujarat,India,2025-03-26,Regular
7748,Azaan Guha,customer7748@example.com,Bengaluru,Karnataka,India,2023-09-08,Regular
7749,Samesh Bhasin,customer7749@example.com,Ahmedabad,Gujarat,India,2025-11-17,Regular
7750,Triya Bajaj,customer7750@example.com,Kochi,Kerala,India,2024-08-11,Regular
7751,Avni Rau,customer7751@example.com,Ahmedabad,Gujarat,India,2021-02-12,Regular
7752,Yatan Devan,customer7752@example.com,Ahmedabad,Gujarat,India,2024-05-18,Regular
7753,Triya Bhargava,customer7753@example.com,Bengaluru,Karnataka,India,2023-02-09,Premium
7754,Hritik Nadkarni,customer7754@example.com,Bengaluru,Karnataka,India,2021-04-01,Regular
7755,Avi Tandon,customer7755@example.com,Coimbatore,Tamil Nadu,India,2025-06-13,Regular
7756,Chanakya Salvi,customer7756@example.com,Coimbatore,Tamil Nadu,India,2021-07-24,New
7757,Qabil Kalita,customer7757@example.com,Vijayawada,Andhra Pradesh,India,2022-09-07,Regular
7758,Azaan Ravi,customer7758@example.com,Jaipur,Rajasthan,India,2023-07-16,Regular
7759,Chaaya Mangal,customer7759@example.com,Chennai,Tamil Nadu,India,2023-11-16,Regular
7760,Onveer Kohli,customer7760@example.com,Delhi,Delhi,India,2025-08-11,Regular
7761,Abdul Tailor,customer7761@example.com,Bhopal,Madhya Pradesh,India,2024-12-25,Regular
7762,Ekta Dhaliwal,customer7762@example.com,Delhi,Delhi,India,2022-08-03,Occasional
7763,Anusha Parekh,customer7763@example.com,Kolkata,West Bengal,India,2024-03-07,Regular
7764,Siddharth Contractor,customer7764@example.com,Vijayawada,Andhra Pradesh,India,2023-09-10,New
7765,Arjun Kala,customer7765@example.com,Hyderabad,Telangana,India,2025-11-25,Premium
7766,Wahab Sangha,customer7766@example.com,Vijayawada,Andhra Pradesh,India,2023-08-24,Regular
7767,Vrinda Hayre,customer7767@example.com,Mumbai,Maharashtra,India,2025-03-20,Regular
7768,Maanav Khosla,customer7768@example.com,Vijayawada,Andhra Pradesh,India,2024-05-16,Regular
7769,Bachittar Kuruvilla,customer7769@example.com,Warangal,Telangana,India,2025-07-11,Premium
7770,Aadhya Sarna,customer7770@example.com,Delhi,Delhi,India,2023-01-02,Premium
7771,Odika Sama,customer7771@example.com,Kolkata,West Bengal,India,2024-02-06,Occasional
7772,Varsha Lata,customer7772@example.com,Kochi,Kerala,India,2023-04-30,New
7773,Vihaan Swaminathan,customer7773@example.com,Chennai,Tamil Nadu,India,2021-11-02,Regular
7774,Balvan Ratta,customer7774@example.com,Bengaluru,Karnataka,India,2021-10-02,Regular
7775,Tanvi Natarajan,customer7775@example.com,Delhi,Delhi,India,2022-12-10,Regular
7776,Riya Srivastava,customer7776@example.com,Chennai,Tamil Nadu,India,2023-12-09,Occasional
7777,Jairaj Lad,customer7777@example.com,Warangal,Telangana,India,2024-05-26,Regular
7778,Aayush Varghese,customer7778@example.com,Mumbai,Maharashtra,India,2024-01-19,Premium
7779,Amruta Kulkarni,customer7779@example.com,Delhi,Delhi,India,2021-11-18,Premium
7780,Reva Gokhale,customer7780@example.com,Vijayawada,Andhra Pradesh,India,2021-09-04,Regular
7781,Devika Kala,customer7781@example.com,Visakhapatnam,Andhra Pradesh,India,2025-08-18,Regular
7782,Elijah Sachdeva,customer7782@example.com,Kolkata,West Bengal,India,2024-03-24,Premium
7783,Jagat Chaudry,customer7783@example.com,Mumbai,Maharashtra,India,2025-08-02,Occasional
7784,Azaan Issac,customer7784@example.com,Hyderabad,Telangana,India,2023-08-12,Regular
7785,Gaurav Varty,customer7785@example.com,Ahmedabad,Gujarat,India,2024-03-11,Regular
7786,Anthony Natarajan,customer7786@example.com,Warangal,Telangana,India,2022-06-01,Occasional
7787,Anamika Raghavan,customer7787@example.com,Jaipur,Rajasthan,India,2023-11-28,Regular
7788,Parth Rao,customer7788@example.com,Visakhapatnam,Andhra Pradesh,India,2023-12-26,Regular
7789,Ladli Toor,customer7789@example.com,Coimbatore,Tamil Nadu,India,2025-04-05,Premium
7790,Xalak Seth,customer7790@example.com,Vijayawada,Andhra Pradesh,India,2023-03-05,Regular
7791,Avi Issac,customer7791@example.com,Bengaluru,Karnataka,India,2021-10-06,Premium
7792,Divya Mand,customer7792@example.com,Kochi,Kerala,India,2023-06-21,New
7793,Nirja Samra,customer7793@example.com,Pune,Maharashtra,India,2023-11-17,Occasional
7794,Vihaan Amble,customer7794@example.com,Hyderabad,Telangana,India,2021-03-31,Regular
7795,Odika Devan,customer7795@example.com,Bhopal,Madhya Pradesh,India,2021-09-25,Regular
7796,Mason Kannan,customer7796@example.com,Visakhapatnam,Andhra Pradesh,India,2022-04-18,Regular
7797,Urishilla Loke,customer7797@example.com,Jaipur,Rajasthan,India,2025-06-12,Regular
7798,Sai Johal,customer7798@example.com,Vijayawada,Andhra Pradesh,India,2022-01-26,Occasional
7799,Jhalak Bhakta,customer7799@example.com,Kochi,Kerala,India,2024-04-28,Regular
7800,Shravya Bail,customer7800@example.com,Mumbai,Maharashtra,India,2025-12-10,Regular
7801,Aarna Balan,customer7801@example.com,Warangal,Telangana,India,2025-12-25,Premium
7802,Niharika Patel,customer7802@example.com,Vijayawada,Andhra Pradesh,India,2025-11-18,Regular
7803,Ekaraj Gulati,customer7803@example.com,Jaipur,Rajasthan,India,2021-04-13,Occasional
7804,Anirudh Khosla,customer7804@example.com,Chennai,Tamil Nadu,India,2024-07-03,Occasional
7805,Anita Gulati,customer7805@example.com,Visakhapatnam,Andhra Pradesh,India,2023-05-05,Regular
7806,Bahadurjit Aurora,customer7806@example.com,Vijayawada,Andhra Pradesh,India,2025-01-12,New
7807,Vidhi Narayanan,customer7807@example.com,Delhi,Delhi,India,2024-07-28,Premium
7808,Jeet Mody,customer7808@example.com,Warangal,Telangana,India,2025-11-26,Occasional
7809,Aadhya Mane,customer7809@example.com,Mumbai,Maharashtra,India,2022-07-18,Occasional
7810,Forum Memon,customer7810@example.com,Vijayawada,Andhra Pradesh,India,2024-04-17,Regular
7811,Vamakshi Pandya,customer7811@example.com,Mumbai,Maharashtra,India,2022-03-06,Regular
7812,Vaishnavi Oza,customer7812@example.com,Pune,Maharashtra,India,2024-09-13,Regular
7813,Advik Choudhury,customer7813@example.com,Coimbatore,Tamil Nadu,India,2022-06-08,Regular
7814,Sanya Jayaraman,customer7814@example.com,Pune,Maharashtra,India,2024-07-13,Premium
7815,Triya Mane,customer7815@example.com,Warangal,Telangana,India,2023-04-22,Occasional
7816,Vivaan Munshi,customer7816@example.com,Kolkata,West Bengal,India,2023-09-18,Regular
7817,Simon Kari,customer7817@example.com,Kolkata,West Bengal,India,2022-01-01,Regular
7818,Arya Varkey,customer7818@example.com,Delhi,Delhi,India,2022-05-20,Occasional
7819,Chakradhar Bera,customer7819@example.com,Warangal,Telangana,India,2025-02-20,New
7820,Agastya Shroff,customer7820@example.com,Coimbatore,Tamil Nadu,India,2021-10-09,Occasional
7821,Jeremiah Mander,customer7821@example.com,Ahmedabad,Gujarat,India,2025-09-25,Regular
7822,Nidhi Borde,customer7822@example.com,Jaipur,Rajasthan,India,2023-11-16,Regular
7823,Anika Mitra,customer7823@example.com,Ahmedabad,Gujarat,India,2023-01-14,Occasional
7824,Gautam Mani,customer7824@example.com,Visakhapatnam,Andhra Pradesh,India,2025-10-05,Regular
7825,Dhriti Panchal,customer7825@example.com,Jaipur,Rajasthan,India,2022-06-24,Premium
7826,Tanay Subramanian,customer7826@example.com,Coimbatore,Tamil Nadu,India,2022-04-11,Occasional
7827,Jagrati Ravi,customer7827@example.com,Warangal,Telangana,India,2022-06-10,Regular
7828,Sathvik Bava,customer7828@example.com,Warangal,Telangana,India,2025-03-09,New
7829,Eshana Radhakrishnan,customer7829@example.com,Chennai,Tamil Nadu,India,2022-03-07,Regular
7830,Urmi Char,customer7830@example.com,Visakhapatnam,Andhra Pradesh,India,2023-05-02,Occasional
7831,Zarna De,customer7831@example.com,Jaipur,Rajasthan,India,2021-09-15,Regular
7832,Baljiwan Vig,customer7832@example.com,Delhi,Delhi,India,2021-07-21,Occasional
7833,Aarnav Sura,customer7833@example.com,Hyderabad,Telangana,India,2023-05-13,Regular
7834,Jack Saha,customer7834@example.com,Kochi,Kerala,India,2025-11-28,Regular
7835,Charita Rattan,customer7835@example.com,Kolkata,West Bengal,India,2022-01-06,Regular
7836,Lakshmi Bumb,customer7836@example.com,Ahmedabad,Gujarat,India,2023-03-12,Premium
7837,Darpan Shankar,customer7837@example.com,Delhi,Delhi,India,2021-11-17,Occasional
7838,Orinder Mittal,customer7838@example.com,Visakhapatnam,Andhra Pradesh,India,2024-02-03,Occasional
7839,Zaitra Nayar,customer7839@example.com,Delhi,Delhi,India,2025-03-01,Occasional
7840,Watika Subramanian,customer7840@example.com,Hyderabad,Telangana,India,2022-07-28,Regular
7841,Tara Agrawal,customer7841@example.com,Bengaluru,Karnataka,India,2023-06-28,Premium
7842,Jai Din,customer7842@example.com,Pune,Maharashtra,India,2021-06-25,Premium
7843,Orinder Natt,customer7843@example.com,Bhopal,Madhya Pradesh,India,2023-11-25,Regular
7844,Gabriel Balasubramanian,customer7844@example.com,Hyderabad,Telangana,India,2021-10-22,Occasional
7845,Noah Ravi,customer7845@example.com,Coimbatore,Tamil Nadu,India,2025-09-07,Occasional
7846,Nilima Ravi,customer7846@example.com,Pune,Maharashtra,India,2025-02-09,Occasional
7847,Manbir Sani,customer7847@example.com,Pune,Maharashtra,India,2024-07-03,Regular
7848,Tanveer Patel,customer7848@example.com,Chennai,Tamil Nadu,India,2024-01-26,Regular
7849,Nimrat Mohanty,customer7849@example.com,Kochi,Kerala,India,2024-11-28,Premium
7850,Ikbal Agarwal,customer7850@example.com,Kolkata,West Bengal,India,2024-06-04,Occasional
7851,Urmi Andra,customer7851@example.com,Visakhapatnam,Andhra Pradesh,India,2021-02-13,Regular
7852,Chakradhar Korpal,customer7852@example.com,Kochi,Kerala,India,2021-03-07,Regular
7853,Yauvani Saha,customer7853@example.com,Ahmedabad,Gujarat,India,2025-02-23,Occasional
7854,Nitesh Bansal,customer7854@example.com,Ahmedabad,Gujarat,India,2024-09-12,Regular
7855,Yutika Keer,customer7855@example.com,Vijayawada,Andhra Pradesh,India,2025-03-30,Regular
7856,Mohammed Saran,customer7856@example.com,Pune,Maharashtra,India,2023-04-29,Occasional
7857,Ria Rout,customer7857@example.com,Bengaluru,Karnataka,India,2025-03-08,Occasional
7858,Idika Bhargava,customer7858@example.com,Coimbatore,Tamil Nadu,India,2022-07-01,Premium
7859,Amruta Oak,customer7859@example.com,Pune,Maharashtra,India,2025-01-15,Regular
7860,Riya Deol,customer7860@example.com,Vijayawada,Andhra Pradesh,India,2024-05-12,Occasional
7861,Megha Patel,customer7861@example.com,Chennai,Tamil Nadu,India,2024-08-19,Regular
7862,Yashvi Dyal,customer7862@example.com,Mumbai,Maharashtra,India,2023-05-09,Premium
7863,Sanya Madan,customer7863@example.com,Vijayawada,Andhra Pradesh,India,2025-04-10,Premium
7864,Inaya Aggarwal,customer7864@example.com,Delhi,Delhi,India,2025-03-29,Regular
7865,Damyanti Nath,customer7865@example.com,Kolkata,West Bengal,India,2021-05-06,Regular
7866,Darsh Grewal,customer7866@example.com,Kochi,Kerala,India,2022-02-16,Regular
7867,Mekhala Kara,customer7867@example.com,Mumbai,Maharashtra,India,2024-09-21,Occasional
7868,Jeremiah Ramachandran,customer7868@example.com,Kolkata,West Bengal,India,2021-07-01,Regular
7869,Onveer Prabhu,customer7869@example.com,Kochi,Kerala,India,2023-03-06,Regular
7870,Wyatt Anne,customer7870@example.com,Pune,Maharashtra,India,2024-10-09,Occasional
7871,Aarna Baral,customer7871@example.com,Bengaluru,Karnataka,India,2021-04-13,Regular
7872,Gautami Chadha,customer7872@example.com,Warangal,Telangana,India,2024-03-30,Regular
7873,Manan Dixit,customer7873@example.com,Mumbai,Maharashtra,India,2024-09-06,New
7874,Mugdha Srinivas,customer7874@example.com,Vijayawada,Andhra Pradesh,India,2023-04-25,Regular
7875,Jeremiah Oommen,customer7875@example.com,Mumbai,Maharashtra,India,2024-02-18,Occasional
7876,Vasatika Bakshi,customer7876@example.com,Ahmedabad,Gujarat,India,2025-09-30,Regular
7877,Shaurya Ratta,customer7877@example.com,Jaipur,Rajasthan,India,2021-07-12,Occasional
7878,Rishi Deshpande,customer7878@example.com,Chennai,Tamil Nadu,India,2024-06-22,Premium
7879,Vihaan Kalla,customer7879@example.com,Vijayawada,Andhra Pradesh,India,2025-03-11,Regular
7880,Mason Walia,customer7880@example.com,Bhopal,Madhya Pradesh,India,2023-03-13,Occasional
7881,Nathaniel Venkatesh,customer7881@example.com,Coimbatore,Tamil Nadu,India,2024-01-08,Regular
7882,Logan Kanda,customer7882@example.com,Vijayawada,Andhra Pradesh,India,2022-12-19,Regular
7883,Quincy Nazareth,customer7883@example.com,Pune,Maharashtra,India,2025-03-26,Regular
7884,Harsh Banik,customer7884@example.com,Bhopal,Madhya Pradesh,India,2025-12-07,Regular
7885,Urishilla Bera,customer7885@example.com,Coimbatore,Tamil Nadu,India,2022-12-26,New
7886,Lucky Johal,customer7886@example.com,Coimbatore,Tamil Nadu,India,2021-01-22,Occasional
7887,Samarth Sehgal,customer7887@example.com,Kochi,Kerala,India,2023-02-19,Regular
7888,Rudra Halder,customer7888@example.com,Jaipur,Rajasthan,India,2021-02-04,New
7889,Jatin Yogi,customer7889@example.com,Pune,Maharashtra,India,2022-12-26,New
7890,Avni Peri,customer7890@example.com,Kolkata,West Bengal,India,2025-05-18,Occasional
7891,Joshua Parsa,customer7891@example.com,Chennai,Tamil Nadu,India,2024-05-23,Regular
7892,Amruta Shetty,customer7892@example.com,Visakhapatnam,Andhra Pradesh,India,2025-02-21,New
7893,Harrison Viswanathan,customer7893@example.com,Hyderabad,Telangana,India,2022-11-12,Regular
7894,Vansha Sama,customer7894@example.com,Coimbatore,Tamil Nadu,India,2024-02-29,Occasional
7895,Amol Raju,customer7895@example.com,Chennai,Tamil Nadu,India,2025-11-11,Regular
7896,Ishanvi Mohanty,customer7896@example.com,Chennai,Tamil Nadu,India,2023-07-08,Regular
7897,Gopal Pillai,customer7897@example.com,Kochi,Kerala,India,2023-07-29,Regular
7898,Ubika Dugar,customer7898@example.com,Hyderabad,Telangana,India,2025-03-01,Regular
7899,Ayushman Naidu,customer7899@example.com,Hyderabad,Telangana,India,2024-09-13,Occasional
7900,Shravya Hora,customer7900@example.com,Kolkata,West Bengal,India,2022-10-03,Occasional
7901,Samarth Lall,customer7901@example.com,Delhi,Delhi,India,2024-08-24,Regular
7902,Baljiwan Kant,customer7902@example.com,Jaipur,Rajasthan,India,2022-02-17,Regular
7903,Zarna Kalla,customer7903@example.com,Bengaluru,Karnataka,India,2024-11-20,Occasional
7904,Kashish Bajaj,customer7904@example.com,Jaipur,Rajasthan,India,2022-10-19,Regular
7905,Girindra Uppal,customer7905@example.com,Jaipur,Rajasthan,India,2023-01-10,Occasional
7906,Hemani Patil,customer7906@example.com,Delhi,Delhi,India,2024-03-08,Occasional
7907,Joshua Narula,customer7907@example.com,Vijayawada,Andhra Pradesh,India,2021-09-08,Occasional
7908,Rajata Saraf,customer7908@example.com,Pune,Maharashtra,India,2021-02-06,Occasional
7909,Balhaar Rau,customer7909@example.com,Mumbai,Maharashtra,India,2025-06-17,Regular
7910,Chameli Talwar,customer7910@example.com,Pune,Maharashtra,India,2024-11-23,New
7911,Girik Mishra,customer7911@example.com,Bhopal,Madhya Pradesh,India,2024-07-21,Regular
7912,Yatin Dhar,customer7912@example.com,Ahmedabad,Gujarat,India,2025-11-01,Regular
7913,Gaurav Acharya,customer7913@example.com,Vijayawada,Andhra Pradesh,India,2025-10-05,Premium
7914,Qasim Mukherjee,customer7914@example.com,Coimbatore,Tamil Nadu,India,2022-12-20,Occasional
7915,Lakshmi Ganguly,customer7915@example.com,Vijayawada,Andhra Pradesh,India,2022-04-01,Regular
7916,Eshana Pandey,customer7916@example.com,Ahmedabad,Gujarat,India,2022-04-20,Regular
7917,Wyatt Sathe,customer7917@example.com,Warangal,Telangana,India,2025-10-25,New
7918,Oeshi Kari,customer7918@example.com,Kochi,Kerala,India,2023-07-06,New
7919,Bhavya Amble,customer7919@example.com,Vijayawada,Andhra Pradesh,India,2023-03-11,Regular
7920,Ekani Mangal,customer7920@example.com,Pune,Maharashtra,India,2022-09-17,Premium
7921,Radhika Pillai,customer7921@example.com,Coimbatore,Tamil Nadu,India,2024-07-12,Regular
7922,Upma Bhardwaj,customer7922@example.com,Vijayawada,Andhra Pradesh,India,2022-09-09,Regular
7923,Teerth Balay,customer7923@example.com,Vijayawada,Andhra Pradesh,India,2025-05-15,Regular
7924,Gavin Babu,customer7924@example.com,Ahmedabad,Gujarat,India,2021-06-16,Occasional
7925,Samar Rai,customer7925@example.com,Chennai,Tamil Nadu,India,2022-04-01,Regular
7926,Oliver Panchal,customer7926@example.com,Jaipur,Rajasthan,India,2024-03-14,Occasional
7927,Samarth Grewal,customer7927@example.com,Kolkata,West Bengal,India,2024-04-28,Regular
7928,Bhavani Tiwari,customer7928@example.com,Kolkata,West Bengal,India,2022-06-13,Regular
7929,Tanay Bhattacharyya,customer7929@example.com,Warangal,Telangana,India,2024-11-05,New
7930,Abdul Char,customer7930@example.com,Bengaluru,Karnataka,India,2024-08-16,Premium
7931,Bahadurjit Anne,customer7931@example.com,Kolkata,West Bengal,India,2025-12-08,Regular
7932,Meghana Bajaj,customer7932@example.com,Hyderabad,Telangana,India,2023-07-29,Occasional
7933,Mitesh Sachdev,customer7933@example.com,Kolkata,West Bengal,India,2024-10-06,Occasional
7934,Sara Hora,customer7934@example.com,Bengaluru,Karnataka,India,2023-08-20,Premium
7935,Janani Mammen,customer7935@example.com,Pune,Maharashtra,India,2024-12-28,Premium
7936,Raagini Bhardwaj,customer7936@example.com,Vijayawada,Andhra Pradesh,India,2021-10-11,Regular
7937,Warhi Chatterjee,customer7937@example.com,Mumbai,Maharashtra,India,2021-03-14,New
7938,Jasmit Chokshi,customer7938@example.com,Vijayawada,Andhra Pradesh,India,2024-07-12,Premium
7939,Inaya Swaminathan,customer7939@example.com,Jaipur,Rajasthan,India,2021-02-14,Regular
7940,Omya Saran,customer7940@example.com,Vijayawada,Andhra Pradesh,India,2023-02-07,Occasional
7941,Aadhya Tak,customer7941@example.com,Bengaluru,Karnataka,India,2025-11-21,New
7942,Ridhi Bhandari,customer7942@example.com,Chennai,Tamil Nadu,India,2022-10-26,Occasional
7943,Yachana Balan,customer7943@example.com,Mumbai,Maharashtra,India,2023-10-09,Regular
7944,Rajeshri Pai,customer7944@example.com,Visakhapatnam,Andhra Pradesh,India,2023-10-28,Regular
7945,Saanvi Mitter,customer7945@example.com,Chennai,Tamil Nadu,India,2021-10-01,Regular
7946,Gautam Wadhwa,customer7946@example.com,Bhopal,Madhya Pradesh,India,2024-10-28,Regular
7947,Sai Mahal,customer7947@example.com,Delhi,Delhi,India,2025-08-04,Premium
7948,Isha Bassi,customer7948@example.com,Ahmedabad,Gujarat,India,2023-02-02,New
7949,Tanish Thakur,customer7949@example.com,Jaipur,Rajasthan,India,2024-06-06,Regular
7950,Nakul Naik,customer7950@example.com,Hyderabad,Telangana,India,2021-05-07,New
7951,Wriddhish Bath,customer7951@example.com,Hyderabad,Telangana,India,2021-06-29,Occasional
7952,Avni Ramaswamy,customer7952@example.com,Pune,Maharashtra,India,2025-05-09,Regular
7953,Tristan Misra,customer7953@example.com,Kochi,Kerala,India,2022-05-29,New
7954,Zayan Wadhwa,customer7954@example.com,Jaipur,Rajasthan,India,2022-12-23,Premium
7955,Peter Choudhury,customer7955@example.com,Delhi,Delhi,India,2024-06-14,Occasional
7956,Ishani Ramachandran,customer7956@example.com,Vijayawada,Andhra Pradesh,India,2022-08-03,Regular
7957,Yamini Seth,customer7957@example.com,Jaipur,Rajasthan,India,2021-04-11,Occasional
7958,Chakradev Kadakia,customer7958@example.com,Bengaluru,Karnataka,India,2021-07-17,Occasional
7959,Oni Mannan,customer7959@example.com,Hyderabad,Telangana,India,2023-10-23,Regular
7960,Aadi Mistry,customer7960@example.com,Kolkata,West Bengal,India,2024-04-01,Occasional
7961,Vansha Rau,customer7961@example.com,Pune,Maharashtra,India,2021-07-02,Premium
7962,Anya Sharaf,customer7962@example.com,Delhi,Delhi,India,2023-03-18,Regular
7963,Finn Sandhu,customer7963@example.com,Visakhapatnam,Andhra Pradesh,India,2024-08-29,Regular
7964,Peter D’Alia,customer7964@example.com,Delhi,Delhi,India,2021-09-09,Regular
7965,Wazir Ravel,customer7965@example.com,Kolkata,West Bengal,India,2023-11-17,Premium
7966,Nilima Thakkar,customer7966@example.com,Pune,Maharashtra,India,2023-08-31,Regular
7967,Brijesh Mittal,customer7967@example.com,Mumbai,Maharashtra,India,2021-08-06,Regular
7968,Timothy Kale,customer7968@example.com,Vijayawada,Andhra Pradesh,India,2022-01-16,Regular
7969,Karan Sagar,customer7969@example.com,Mumbai,Maharashtra,India,2022-11-05,Regular
7970,Harish Kapoor,customer7970@example.com,Bengaluru,Karnataka,India,2024-05-31,Regular
7971,Diya Acharya,customer7971@example.com,Chennai,Tamil Nadu,India,2025-05-21,Regular
7972,Hamsini Subramaniam,customer7972@example.com,Visakhapatnam,Andhra Pradesh,India,2021-03-22,Regular
7973,Hitesh Balasubramanian,customer7973@example.com,Pune,Maharashtra,India,2022-08-23,Regular
7974,Chaitaly Pandya,customer7974@example.com,Warangal,Telangana,India,2021-08-02,Regular
7975,George Prasad,customer7975@example.com,Hyderabad,Telangana,India,2024-12-17,Occasional
7976,Lekha Chana,customer7976@example.com,Hyderabad,Telangana,India,2025-10-03,New
7977,Ranveer Rattan,customer7977@example.com,Hyderabad,Telangana,India,2023-07-07,Occasional
7978,Ishani Nayar,customer7978@example.com,Warangal,Telangana,India,2024-03-06,Regular
7979,Tristan Sabharwal,customer7979@example.com,Ahmedabad,Gujarat,India,2022-01-11,Premium
7980,Finn Thaker,customer7980@example.com,Pune,Maharashtra,India,2025-07-12,Regular
7981,Faraj Subramanian,customer7981@example.com,Hyderabad,Telangana,India,2024-09-07,Occasional
7982,Deepa Divan,customer7982@example.com,Jaipur,Rajasthan,India,2021-01-25,Regular
7983,Jasmit Badal,customer7983@example.com,Coimbatore,Tamil Nadu,India,2022-09-26,Premium
7984,Pahal Chacko,customer7984@example.com,Bengaluru,Karnataka,India,2025-03-04,Regular
7985,Sarthak Dey,customer7985@example.com,Jaipur,Rajasthan,India,2022-04-23,Regular
7986,Ati Pandit,customer7986@example.com,Ahmedabad,Gujarat,India,2021-08-19,Regular
7987,Brijesh Lanka,customer7987@example.com,Pune,Maharashtra,India,2022-05-23,Premium
7988,Tanay Sridhar,customer7988@example.com,Visakhapatnam,Andhra Pradesh,India,2021-05-09,New
7989,Warhi Patil,customer7989@example.com,Jaipur,Rajasthan,India,2021-08-15,Regular
7990,Lekha Dubey,customer7990@example.com,Bengaluru,Karnataka,India,2025-06-11,Occasional
7991,Abhimanyu Rama,customer7991@example.com,Vijayawada,Andhra Pradesh,India,2024-10-26,Occasional
7992,Ekansh Golla,customer7992@example.com,Kochi,Kerala,India,2024-05-25,Regular
7993,Bachittar Karpe,customer7993@example.com,Bengaluru,Karnataka,India,2024-07-11,Occasional
7994,Kamala Borah,customer7994@example.com,Kolkata,West Bengal,India,2021-07-05,Premium
7995,Vritti Chander,customer7995@example.com,Hyderabad,Telangana,India,2024-08-26,New
7996,Jacob Sankar,customer7996@example.com,Bhopal,Madhya Pradesh,India,2022-06-07,New
7997,Finn Dara,customer7997@example.com,Warangal,Telangana,India,2021-05-30,Occasional
7998,Timothy Hayre,customer7998@example.com,Mumbai,Maharashtra,India,2022-02-14,New
7999,Ekta Parikh,customer7999@example.com,Warangal,Telangana,India,2021-07-04,Regular
8000,Krishna Bhargava,customer8000@example.com,Bengaluru,Karnataka,India,2025-12-19,Regular
8001,Timothy Contractor,customer8001@example.com,Bengaluru,Karnataka,India,2024-08-26,New
8002,Qushi Tiwari,customer8002@example.com,Kolkata,West Bengal,India,2023-06-03,Regular
8003,Lila Chokshi,customer8003@example.com,Bengaluru,Karnataka,India,2021-11-24,New
8004,Chanakya Mani,customer8004@example.com,Bhopal,Madhya Pradesh,India,2025-11-09,Regular
8005,Hemangini Gade,customer8005@example.com,Kolkata,West Bengal,India,2024-01-22,New
8006,Lohit Bawa,customer8006@example.com,Ahmedabad,Gujarat,India,2021-10-04,Occasional
8007,Abeer Venkataraman,customer8007@example.com,Kochi,Kerala,India,2022-11-06,Regular
8008,Anusha Chauhan,customer8008@example.com,Warangal,Telangana,India,2022-01-16,Occasional
8009,Zehaan Kumer,customer8009@example.com,Warangal,Telangana,India,2025-09-26,Regular
8010,Faqid Tata,customer8010@example.com,Pune,Maharashtra,India,2024-06-18,Premium
8011,Balvan Keer,customer8011@example.com,Coimbatore,Tamil Nadu,India,2021-11-14,Regular
8012,Eshana Lall,customer8012@example.com,Kochi,Kerala,India,2023-04-29,Regular
8013,Ayushman Raval,customer8013@example.com,Pune,Maharashtra,India,2023-05-22,Premium
8014,Yachana Banerjee,customer8014@example.com,Bhopal,Madhya Pradesh,India,2021-02-05,Regular
8015,Tanmayi Lala,customer8015@example.com,Coimbatore,Tamil Nadu,India,2024-07-10,New
8016,Rachana Kannan,customer8016@example.com,Vijayawada,Andhra Pradesh,India,2023-11-24,Occasional
8017,Banjeet Sur,customer8017@example.com,Jaipur,Rajasthan,India,2025-08-25,Premium
8018,Anusha Brar,customer8018@example.com,Ahmedabad,Gujarat,India,2023-03-13,Premium
8019,Amol Mannan,customer8019@example.com,Visakhapatnam,Andhra Pradesh,India,2023-08-06,Regular
8020,Saanvi Sankar,customer8020@example.com,Ahmedabad,Gujarat,India,2024-01-21,Regular
8021,Rayaan Walla,customer8021@example.com,Vijayawada,Andhra Pradesh,India,2022-07-11,Regular
8022,Nidra Ramakrishnan,customer8022@example.com,Delhi,Delhi,India,2023-06-13,Occasional
8023,Robert Basu,customer8023@example.com,Visakhapatnam,Andhra Pradesh,India,2021-09-23,Regular
8024,Bhavika Tandon,customer8024@example.com,Pune,Maharashtra,India,2021-10-25,Premium
8025,Jatin Singh,customer8025@example.com,Kochi,Kerala,India,2022-03-08,Regular
8026,Zilmil Nagarajan,customer8026@example.com,Visakhapatnam,Andhra Pradesh,India,2023-07-01,Regular
8027,Krish Ram,customer8027@example.com,Delhi,Delhi,India,2025-12-15,Regular
8028,Lipika Chad,customer8028@example.com,Kolkata,West Bengal,India,2022-02-07,Premium
8029,Lila Devan,customer8029@example.com,Warangal,Telangana,India,2022-01-11,Regular
8030,Radhika Anand,customer8030@example.com,Kolkata,West Bengal,India,2025-08-06,Regular
8031,Joshua Madan,customer8031@example.com,Mumbai,Maharashtra,India,2022-08-13,Regular
8032,Vasudha Batra,customer8032@example.com,Kochi,Kerala,India,2024-05-27,Occasional
8033,Kala Radhakrishnan,customer8033@example.com,Kochi,Kerala,India,2022-01-24,Occasional
8034,Vritti Merchant,customer8034@example.com,Hyderabad,Telangana,India,2022-05-05,Regular
8035,Dev Patla,customer8035@example.com,Hyderabad,Telangana,India,2021-05-20,Regular
8036,Samuel Chadha,customer8036@example.com,Warangal,Telangana,India,2025-03-25,Regular
8037,Manbir Mahal,customer8037@example.com,Jaipur,Rajasthan,India,2022-04-04,Occasional
8038,Harini Doshi,customer8038@example.com,Jaipur,Rajasthan,India,2022-07-12,Regular
8039,Bahadurjit Acharya,customer8039@example.com,Visakhapatnam,Andhra Pradesh,India,2023-11-28,Regular
8040,Dayamai Ramakrishnan,customer8040@example.com,Hyderabad,Telangana,India,2025-06-07,Regular
8041,Pranit Chokshi,customer8041@example.com,Hyderabad,Telangana,India,2021-07-14,New
8042,Harinakshi Doctor,customer8042@example.com,Delhi,Delhi,India,2024-01-30,Regular
8043,Vedant Narayanan,customer8043@example.com,Ahmedabad,Gujarat,India,2021-01-26,Premium
8044,Raghav Dani,customer8044@example.com,Coimbatore,Tamil Nadu,India,2022-09-11,Occasional
8045,Kamya Sachdev,customer8045@example.com,Delhi,Delhi,India,2025-05-20,Occasional
8046,Victor Mani,customer8046@example.com,Ahmedabad,Gujarat,India,2021-02-21,Occasional
8047,Mason Date,customer8047@example.com,Ahmedabad,Gujarat,India,2022-04-10,Regular
8048,Frederick Din,customer8048@example.com,Vijayawada,Andhra Pradesh,India,2022-01-19,Premium
8049,Aarna Kara,customer8049@example.com,Chennai,Tamil Nadu,India,2025-12-03,Premium
8050,Falan Mand,customer8050@example.com,Bengaluru,Karnataka,India,2021-12-05,Occasional
8051,Yauvani Kapadia,customer8051@example.com,Vijayawada,Andhra Pradesh,India,2021-04-07,Regular
8052,Udyati Subramaniam,customer8052@example.com,Vijayawada,Andhra Pradesh,India,2023-04-05,Regular
8053,Daksha Bath,customer8053@example.com,Chennai,Tamil Nadu,India,2025-08-18,Regular
8054,Ishwar Sane,customer8054@example.com,Jaipur,Rajasthan,India,2022-04-07,Premium
8055,Vedant Chanda,customer8055@example.com,Bhopal,Madhya Pradesh,India,2025-07-08,Regular
8056,Zansi Buch,customer8056@example.com,Bhopal,Madhya Pradesh,India,2022-11-06,Occasional
8057,Alexander Basak,customer8057@example.com,Bhopal,Madhya Pradesh,India,2025-04-10,Regular
8058,Matthew Mukhopadhyay,customer8058@example.com,Bhopal,Madhya Pradesh,India,2025-10-28,Regular
8059,Hemangini Sheth,customer8059@example.com,Coimbatore,Tamil Nadu,India,2022-05-21,New
8060,Teerth Natarajan,customer8060@example.com,Pune,Maharashtra,India,2025-06-02,New
8061,Siya Mandal,customer8061@example.com,Delhi,Delhi,India,2024-01-29,Occasional
8062,Omisha Kala,customer8062@example.com,Pune,Maharashtra,India,2023-12-14,New
8063,Rohan Tak,customer8063@example.com,Delhi,Delhi,India,2023-07-23,Premium
8064,Deepa Merchant,customer8064@example.com,Bengaluru,Karnataka,India,2022-04-09,Regular
8065,Ekanta Jain,customer8065@example.com,Jaipur,Rajasthan,India,2022-07-31,Occasional
8066,Ekansh Shukla,customer8066@example.com,Bhopal,Madhya Pradesh,India,2023-10-13,New
8067,Aryan Narula,customer8067@example.com,Visakhapatnam,Andhra Pradesh,India,2025-06-24,Regular
8068,Zayan Nayar,customer8068@example.com,Coimbatore,Tamil Nadu,India,2021-05-24,New
8069,Rachit Vaidya,customer8069@example.com,Mumbai,Maharashtra,India,2024-02-10,Regular
8070,Abhimanyu Lala,customer8070@example.com,Bhopal,Madhya Pradesh,India,2025-01-05,Occasional
8071,Urvashi Saran,customer8071@example.com,Bhopal,Madhya Pradesh,India,2024-10-03,Regular
8072,Chaitanya Walia,customer8072@example.com,Vijayawada,Andhra Pradesh,India,2024-03-25,Premium
8073,Chandani Nagi,customer8073@example.com,Coimbatore,Tamil Nadu,India,2022-02-04,Regular
8074,Farhan Dayal,customer8074@example.com,Mumbai,Maharashtra,India,2025-04-05,Occasional
8075,Dhriti Johal,customer8075@example.com,Chennai,Tamil Nadu,India,2021-06-22,Occasional
8076,Madhavi Parsa,customer8076@example.com,Kolkata,West Bengal,India,2021-08-13,Regular
8077,Kamya Deshpande,customer8077@example.com,Hyderabad,Telangana,India,2022-08-13,Regular
8078,Girish Banerjee,customer8078@example.com,Delhi,Delhi,India,2024-05-15,Premium
8079,Fitan Kurian,customer8079@example.com,Kochi,Kerala,India,2025-02-02,Regular
8080,Aarush Dara,customer8080@example.com,Visakhapatnam,Andhra Pradesh,India,2023-03-30,Occasional
8081,Finn Mall,customer8081@example.com,Warangal,Telangana,India,2021-02-17,Regular
8082,Lucky Raja,customer8082@example.com,Warangal,Telangana,India,2023-06-09,Regular
8083,Triya Muni,customer8083@example.com,Kochi,Kerala,India,2023-08-09,Regular
8084,Tanay Biswas,customer8084@example.com,Bengaluru,Karnataka,India,2023-04-23,Regular
8085,Jason Patil,customer8085@example.com,Bengaluru,Karnataka,India,2025-01-27,New
8086,Xavier Malhotra,customer8086@example.com,Mumbai,Maharashtra,India,2022-12-06,New
8087,Nitesh Sankaran,customer8087@example.com,Vijayawada,Andhra Pradesh,India,2025-12-09,New
8088,George Bakshi,customer8088@example.com,Delhi,Delhi,India,2024-12-23,Regular
8089,Chasmum Kara,customer8089@example.com,Mumbai,Maharashtra,India,2021-05-23,Regular
8090,Watika Patla,customer8090@example.com,Jaipur,Rajasthan,India,2023-07-04,Regular
8091,Odika Biswas,customer8091@example.com,Kochi,Kerala,India,2025-08-14,Premium
8092,Vamakshi Vala,customer8092@example.com,Coimbatore,Tamil Nadu,India,2025-07-07,Occasional
8093,Kalpit D’Alia,customer8093@example.com,Chennai,Tamil Nadu,India,2024-06-07,New
8094,Xalak Kumer,customer8094@example.com,Ahmedabad,Gujarat,India,2024-02-13,Occasional
8095,Rajeshri Kanda,customer8095@example.com,Chennai,Tamil Nadu,India,2022-11-07,Premium
8096,Vritti Mani,customer8096@example.com,Hyderabad,Telangana,India,2025-05-19,Regular
8097,Shivansh Kala,customer8097@example.com,Warangal,Telangana,India,2025-12-18,Premium
8098,Oliver Grewal,customer8098@example.com,Hyderabad,Telangana,India,2022-01-01,Occasional
8099,Aishani Baria,customer8099@example.com,Bengaluru,Karnataka,India,2022-12-13,Premium
8100,Bimala Seshadri,customer8100@example.com,Vijayawada,Andhra Pradesh,India,2024-09-25,Occasional
8101,Devika Vohra,customer8101@example.com,Chennai,Tamil Nadu,India,2022-10-05,Regular
8102,Ubika Mukherjee,customer8102@example.com,Pune,Maharashtra,India,2022-11-10,Regular
8103,Watika Kumer,customer8103@example.com,Bengaluru,Karnataka,India,2024-11-29,Regular
8104,Andrew Kant,customer8104@example.com,Kochi,Kerala,India,2021-01-20,Premium
8105,Nirja Pandit,customer8105@example.com,Bhopal,Madhya Pradesh,India,2024-06-05,Regular
8106,Aarush Sengupta,customer8106@example.com,Chennai,Tamil Nadu,India,2024-06-03,Occasional
8107,Neel Dubey,customer8107@example.com,Vijayawada,Andhra Pradesh,India,2024-03-19,Regular
8108,Joshua Dara,customer8108@example.com,Jaipur,Rajasthan,India,2022-01-09,Premium
8109,Yahvi Sagar,customer8109@example.com,Bengaluru,Karnataka,India,2025-12-11,Regular
8110,Vasana Lal,customer8110@example.com,Mumbai,Maharashtra,India,2025-07-27,New
8111,Pooja Lal,customer8111@example.com,Pune,Maharashtra,India,2024-09-30,Regular
8112,Rudra Apte,customer8112@example.com,Bhopal,Madhya Pradesh,India,2022-11-01,Regular
8113,Raagini Ganesan,customer8113@example.com,Delhi,Delhi,India,2023-07-20,Regular
8114,Nandini Ranganathan,customer8114@example.com,Mumbai,Maharashtra,India,2021-04-24,Regular
8115,Indira Kata,customer8115@example.com,Chennai,Tamil Nadu,India,2021-04-11,Regular
8116,Samaksh Krishnan,customer8116@example.com,Chennai,Tamil Nadu,India,2021-10-21,Regular
8117,Harini Verma,customer8117@example.com,Vijayawada,Andhra Pradesh,India,2023-04-03,Regular
8118,Isaiah Verma,customer8118@example.com,Coimbatore,Tamil Nadu,India,2023-05-11,Regular
8119,Indali Chaudhari,customer8119@example.com,Coimbatore,Tamil Nadu,India,2023-08-19,Regular
8120,Pratyush Dani,customer8120@example.com,Ahmedabad,Gujarat,India,2022-04-24,Regular
8121,Wahab Sibal,customer8121@example.com,Bengaluru,Karnataka,India,2021-04-01,Premium
8122,Urvi Bahl,customer8122@example.com,Pune,Maharashtra,India,2025-09-28,Premium
8123,Krisha Krishnan,customer8123@example.com,Visakhapatnam,Andhra Pradesh,India,2023-08-12,Premium
8124,Fiyaz Roy,customer8124@example.com,Ahmedabad,Gujarat,India,2025-07-02,Regular
8125,Janaki Pradhan,customer8125@example.com,Jaipur,Rajasthan,India,2023-11-17,Occasional
8126,Ojas Borah,customer8126@example.com,Vijayawada,Andhra Pradesh,India,2025-11-15,New
8127,Rudra Chawla,customer8127@example.com,Pune,Maharashtra,India,2023-02-06,Premium
8128,Rishi Ramesh,customer8128@example.com,Bhopal,Madhya Pradesh,India,2022-10-11,Premium
8129,Peter Suresh,customer8129@example.com,Chennai,Tamil Nadu,India,2023-11-12,Premium
8130,Prisha Venkatesh,customer8130@example.com,Hyderabad,Telangana,India,2024-05-26,Regular
8131,Vinaya Pau,customer8131@example.com,Coimbatore,Tamil Nadu,India,2025-03-10,Regular
8132,Jalsa Sandal,customer8132@example.com,Jaipur,Rajasthan,India,2025-10-31,Premium
8133,Dayamai Chakraborty,customer8133@example.com,Chennai,Tamil Nadu,India,2021-08-12,Occasional
8134,Elijah Pal,customer8134@example.com,Hyderabad,Telangana,India,2025-02-17,Regular
8135,Chameli Gola,customer8135@example.com,Warangal,Telangana,India,2022-11-15,Premium
8136,Kalpit Handa,customer8136@example.com,Coimbatore,Tamil Nadu,India,2024-09-05,New
8137,Vrishti Ravi,customer8137@example.com,Bhopal,Madhya Pradesh,India,2022-09-15,Regular
8138,Ayaan Bali,customer8138@example.com,Delhi,Delhi,India,2021-12-24,Regular
8139,Finn Kapur,customer8139@example.com,Jaipur,Rajasthan,India,2021-10-19,Regular
8140,Darika Vora,customer8140@example.com,Bhopal,Madhya Pradesh,India,2021-11-27,Occasional
8141,Barkha Goswami,customer8141@example.com,Visakhapatnam,Andhra Pradesh,India,2021-01-01,Regular
8142,Zayan Tata,customer8142@example.com,Mumbai,Maharashtra,India,2022-09-10,Regular
8143,Advika Arya,customer8143@example.com,Visakhapatnam,Andhra Pradesh,India,2022-05-01,Regular
8144,Meera Chatterjee,customer8144@example.com,Bhopal,Madhya Pradesh,India,2021-09-28,Occasional
8145,Triveni Badami,customer8145@example.com,Kolkata,West Bengal,India,2024-04-09,Regular
8146,Hema Srivastava,customer8146@example.com,Pune,Maharashtra,India,2023-08-27,Regular
8147,Lakshmi Sha,customer8147@example.com,Mumbai,Maharashtra,India,2022-11-28,Regular
8148,Triya Kashyap,customer8148@example.com,Bengaluru,Karnataka,India,2025-11-14,New
8149,Pratyush Bansal,customer8149@example.com,Delhi,Delhi,India,2024-04-17,New
8150,Jagat Bath,customer8150@example.com,Bhopal,Madhya Pradesh,India,2025-12-20,Regular
8151,Tara Golla,customer8151@example.com,Vijayawada,Andhra Pradesh,India,2022-07-18,Premium
8152,Udarsh Ghose,customer8152@example.com,Kochi,Kerala,India,2024-09-05,Regular
8153,Yashodhara Ram,customer8153@example.com,Hyderabad,Telangana,India,2021-06-27,Regular
8154,Nathan Loke,customer8154@example.com,Vijayawada,Andhra Pradesh,India,2025-10-30,Occasional
8155,Hemang Patla,customer8155@example.com,Coimbatore,Tamil Nadu,India,2024-02-03,Regular
8156,Rohan Dugar,customer8156@example.com,Delhi,Delhi,India,2024-01-30,Premium
8157,Abhimanyu Dani,customer8157@example.com,Visakhapatnam,Andhra Pradesh,India,2025-02-27,Regular
8158,Darika Char,customer8158@example.com,Delhi,Delhi,India,2021-12-26,Regular
8159,Samesh Goswami,customer8159@example.com,Delhi,Delhi,India,2024-12-20,Regular
8160,Panini Trivedi,customer8160@example.com,Kolkata,West Bengal,India,2024-07-09,Regular
8161,Yashoda Wason,customer8161@example.com,Delhi,Delhi,India,2023-11-24,Regular
8162,Dev Banerjee,customer8162@example.com,Pune,Maharashtra,India,2025-09-06,Regular
8163,Urvi Iyer,customer8163@example.com,Delhi,Delhi,India,2025-06-16,Premium
8164,Varenya Memon,customer8164@example.com,Ahmedabad,Gujarat,India,2023-12-14,Regular
8165,Nirja Mahal,customer8165@example.com,Chennai,Tamil Nadu,India,2022-10-23,Occasional
8166,Charan Ganguly,customer8166@example.com,Jaipur,Rajasthan,India,2023-04-24,Regular
8167,Mason Suri,customer8167@example.com,Coimbatore,Tamil Nadu,India,2024-04-03,Occasional
8168,Panini Panchal,customer8168@example.com,Kochi,Kerala,India,2024-05-14,Regular
8169,Gaurika Vasa,customer8169@example.com,Bhopal,Madhya Pradesh,India,2024-05-08,Regular
8170,Lekha Lad,customer8170@example.com,Coimbatore,Tamil Nadu,India,2024-10-12,Occasional
8171,Saanvi Brar,customer8171@example.com,Delhi,Delhi,India,2025-12-18,Regular
8172,William Maharaj,customer8172@example.com,Mumbai,Maharashtra,India,2023-12-20,Regular
8173,Ekaja Banik,customer8173@example.com,Bengaluru,Karnataka,India,2024-10-09,Regular
8174,Arjun Patla,customer8174@example.com,Ahmedabad,Gujarat,India,2022-02-07,Occasional
8175,Warhi Gara,customer8175@example.com,Mumbai,Maharashtra,India,2023-01-20,New
8176,Mitali Murty,customer8176@example.com,Kochi,Kerala,India,2021-01-18,Occasional
8177,Gaurangi Bala,customer8177@example.com,Delhi,Delhi,India,2022-12-07,Premium
8178,Ikshita Mammen,customer8178@example.com,Chennai,Tamil Nadu,India,2023-01-07,Regular
8179,Vasatika Vohra,customer8179@example.com,Bhopal,Madhya Pradesh,India,2025-09-18,Regular
8180,Victor Wali,customer8180@example.com,Delhi,Delhi,India,2021-01-23,New
8181,Kamya Rau,customer8181@example.com,Delhi,Delhi,India,2022-11-02,Regular
8182,Rachit Dara,customer8182@example.com,Kolkata,West Bengal,India,2025-12-09,Premium
8183,Ladli Mitter,customer8183@example.com,Chennai,Tamil Nadu,India,2023-02-09,Regular
8184,Aradhana Balakrishnan,customer8184@example.com,Visakhapatnam,Andhra Pradesh,India,2025-06-19,Regular
8185,Tara Kadakia,customer8185@example.com,Vijayawada,Andhra Pradesh,India,2025-01-14,Occasional
8186,Gagan Pandey,customer8186@example.com,Kochi,Kerala,India,2021-06-22,Regular
8187,Tejas Goda,customer8187@example.com,Delhi,Delhi,India,2021-01-05,Regular
8188,Dipta Chauhan,customer8188@example.com,Kochi,Kerala,India,2023-03-12,Regular
8189,Nikita Patel,customer8189@example.com,Delhi,Delhi,India,2021-05-23,Regular
8190,Siya Sankaran,customer8190@example.com,Chennai,Tamil Nadu,India,2025-05-24,Occasional
8191,Bishakha Rana,customer8191@example.com,Bengaluru,Karnataka,India,2022-10-02,Occasional
8192,Prisha Lata,customer8192@example.com,Kolkata,West Bengal,India,2024-12-22,Regular
8193,Baljiwan Kota,customer8193@example.com,Bhopal,Madhya Pradesh,India,2024-05-09,Occasional
8194,Vedika Hegde,customer8194@example.com,Ahmedabad,Gujarat,India,2022-11-10,Occasional
8195,Aishani Choudhury,customer8195@example.com,Bhopal,Madhya Pradesh,India,2025-11-08,Premium
8196,Chatresh Mander,customer8196@example.com,Warangal,Telangana,India,2023-11-09,Occasional
8197,Gaurang Bail,customer8197@example.com,Warangal,Telangana,India,2021-08-05,Premium
8198,Rajata Basu,customer8198@example.com,Bhopal,Madhya Pradesh,India,2022-07-11,Occasional
8199,Falak Contractor,customer8199@example.com,Hyderabad,Telangana,India,2025-02-09,Regular
8200,Zarna Lala,customer8200@example.com,Warangal,Telangana,India,2024-05-02,Regular
8201,Upasna Jain,customer8201@example.com,Bhopal,Madhya Pradesh,India,2024-12-04,Regular
8202,Warinder Bains,customer8202@example.com,Vijayawada,Andhra Pradesh,India,2025-05-30,Regular
8203,Adya Krishnamurthy,customer8203@example.com,Chennai,Tamil Nadu,India,2024-08-20,Regular
8204,Sanya Prabhu,customer8204@example.com,Warangal,Telangana,India,2022-10-30,Regular
8205,Shivansh Om,customer8205@example.com,Bhopal,Madhya Pradesh,India,2023-04-18,Regular
8206,Qadim Rout,customer8206@example.com,Bhopal,Madhya Pradesh,India,2021-03-13,Occasional
8207,Unni Balakrishnan,customer8207@example.com,Kolkata,West Bengal,India,2021-04-09,Regular
8208,Gaurika Sant,customer8208@example.com,Bengaluru,Karnataka,India,2024-06-07,Regular
8209,Vasana Chada,customer8209@example.com,Warangal,Telangana,India,2025-01-01,Occasional
8210,Nathaniel Gopal,customer8210@example.com,Bengaluru,Karnataka,India,2025-08-11,New
8211,Girish Kamdar,customer8211@example.com,Bengaluru,Karnataka,India,2023-01-14,Regular
8212,Joshua Guha,customer8212@example.com,Warangal,Telangana,India,2025-11-06,Regular
8213,Zehaan Patla,customer8213@example.com,Jaipur,Rajasthan,India,2025-03-09,Regular
8214,Harsh Johal,customer8214@example.com,Ahmedabad,Gujarat,India,2025-06-07,Regular
8215,Nisha Tella,customer8215@example.com,Kolkata,West Bengal,India,2023-02-11,Occasional
8216,Gaurika Tiwari,customer8216@example.com,Mumbai,Maharashtra,India,2024-10-17,Occasional
8217,Dominic Basu,customer8217@example.com,Bhopal,Madhya Pradesh,India,2021-02-06,Regular
8218,Jagat Balan,customer8218@example.com,Warangal,Telangana,India,2024-06-10,Occasional
8219,Banjeet Tandon,customer8219@example.com,Bengaluru,Karnataka,India,2024-08-20,New
8220,Samarth Yogi,customer8220@example.com,Warangal,Telangana,India,2021-04-22,Occasional
8221,Amruta Vala,customer8221@example.com,Bengaluru,Karnataka,India,2023-07-26,Occasional
8222,Vedant Kumar,customer8222@example.com,Kolkata,West Bengal,India,2022-09-02,Regular
8223,Turvi Kala,customer8223@example.com,Bengaluru,Karnataka,India,2025-05-27,Occasional
8224,Bhavani Amble,customer8224@example.com,Jaipur,Rajasthan,India,2024-09-06,Occasional
8225,Kai Srinivas,customer8225@example.com,Coimbatore,Tamil Nadu,India,2023-06-24,Regular
8226,Advaith Gulati,customer8226@example.com,Kolkata,West Bengal,India,2022-07-28,Regular
8227,Yashawini Konda,customer8227@example.com,Bengaluru,Karnataka,India,2022-01-01,Regular
8228,Yatan Butala,customer8228@example.com,Hyderabad,Telangana,India,2024-04-26,New
8229,Zilmil Nanda,customer8229@example.com,Visakhapatnam,Andhra Pradesh,India,2024-08-22,Regular
8230,Advika Loke,customer8230@example.com,Bhopal,Madhya Pradesh,India,2025-04-11,Regular
8231,Tanveer Bajwa,customer8231@example.com,Warangal,Telangana,India,2021-05-10,Occasional
8232,Bahadurjit Shenoy,customer8232@example.com,Warangal,Telangana,India,2022-09-14,Regular
8233,Abdul Oommen,customer8233@example.com,Jaipur,Rajasthan,India,2024-02-29,Regular
8234,Chatura Dash,customer8234@example.com,Delhi,Delhi,India,2022-04-26,New
8235,Samuel Barad,customer8235@example.com,Warangal,Telangana,India,2024-01-29,New
8236,Lakshmi Hayre,customer8236@example.com,Kochi,Kerala,India,2022-02-09,New
8237,Noah Korpal,customer8237@example.com,Chennai,Tamil Nadu,India,2022-11-12,New
8238,Ira Lanka,customer8238@example.com,Pune,Maharashtra,India,2024-01-18,Regular
8239,Ayushman Sarraf,customer8239@example.com,Kochi,Kerala,India,2021-01-10,New
8240,Anvi Bhasin,customer8240@example.com,Warangal,Telangana,India,2021-12-31,Regular
8241,Sathvik Gade,customer8241@example.com,Kochi,Kerala,India,2022-07-14,Regular
8242,Madhav Parikh,customer8242@example.com,Jaipur,Rajasthan,India,2021-03-22,Occasional
8243,Eta Agrawal,customer8243@example.com,Delhi,Delhi,India,2022-10-30,New
8244,Kabir Iyer,customer8244@example.com,Pune,Maharashtra,India,2021-03-10,Occasional
8245,Balvan Rajagopalan,customer8245@example.com,Chennai,Tamil Nadu,India,2021-09-01,Regular
8246,Christopher Mitra,customer8246@example.com,Ahmedabad,Gujarat,India,2025-05-26,New
8247,Bachittar Khanna,customer8247@example.com,Hyderabad,Telangana,India,2025-06-30,Regular
8248,Chameli Wali,customer8248@example.com,Bhopal,Madhya Pradesh,India,2021-06-23,Regular
8249,Teerth Varty,customer8249@example.com,Visakhapatnam,Andhra Pradesh,India,2023-06-14,Regular
8250,Vedika Sekhon,customer8250@example.com,Mumbai,Maharashtra,India,2024-01-21,Regular
8251,Anika Narayan,customer8251@example.com,Delhi,Delhi,India,2022-09-28,Regular
8252,Henry Prasad,customer8252@example.com,Mumbai,Maharashtra,India,2023-10-15,Occasional
8253,Vedika Dhillon,customer8253@example.com,Kochi,Kerala,India,2021-09-20,Occasional
8254,Rajeshri Maharaj,customer8254@example.com,Visakhapatnam,Andhra Pradesh,India,2022-08-07,Premium
8255,Guneet Thaman,customer8255@example.com,Ahmedabad,Gujarat,India,2022-02-13,Premium
8256,Janani Patla,customer8256@example.com,Coimbatore,Tamil Nadu,India,2023-12-03,New
8257,Fariq Nayar,customer8257@example.com,Jaipur,Rajasthan,India,2024-12-22,Premium
8258,Yagnesh Bera,customer8258@example.com,Jaipur,Rajasthan,India,2023-11-18,Premium
8259,Pallavi Narasimhan,customer8259@example.com,Delhi,Delhi,India,2025-05-14,Regular
8260,Yachana Setty,customer8260@example.com,Kolkata,West Bengal,India,2023-08-01,Regular
8261,Hamsini Aurora,customer8261@example.com,Hyderabad,Telangana,India,2024-04-19,Occasional
8262,Ishwar Nanda,customer8262@example.com,Mumbai,Maharashtra,India,2023-07-03,Occasional
8263,Aadhya Mani,customer8263@example.com,Pune,Maharashtra,India,2021-04-05,Regular
8264,Benjamin Khanna,customer8264@example.com,Ahmedabad,Gujarat,India,2024-06-19,Occasional
8265,Sachi Sachar,customer8265@example.com,Kochi,Kerala,India,2023-10-30,Regular
8266,Indira Kade,customer8266@example.com,Vijayawada,Andhra Pradesh,India,2024-01-27,Regular
8267,Yashoda Vaidya,customer8267@example.com,Pune,Maharashtra,India,2024-02-19,Occasional
8268,Yashica Desai,customer8268@example.com,Ahmedabad,Gujarat,India,2021-08-30,Regular
8269,Reva Narayan,customer8269@example.com,Mumbai,Maharashtra,India,2022-04-19,Regular
8270,Siya Taneja,customer8270@example.com,Bhopal,Madhya Pradesh,India,2023-07-22,Regular
8271,Kashish Gole,customer8271@example.com,Visakhapatnam,Andhra Pradesh,India,2025-03-13,Premium
8272,Jacob Date,customer8272@example.com,Visakhapatnam,Andhra Pradesh,India,2024-02-24,New
8273,Manbir Mani,customer8273@example.com,Coimbatore,Tamil Nadu,India,2022-11-05,Regular
8274,Vasudha Singhal,customer8274@example.com,Warangal,Telangana,India,2025-12-29,Premium
8275,Wakeeta Bhatia,customer8275@example.com,Bengaluru,Karnataka,India,2021-04-30,Occasional
8276,Januja Mane,customer8276@example.com,Warangal,Telangana,India,2023-06-05,Regular
8277,Omaja Shenoy,customer8277@example.com,Bengaluru,Karnataka,India,2025-08-28,Regular
8278,Rajata Sandhu,customer8278@example.com,Bengaluru,Karnataka,India,2023-04-04,Regular
8279,Harita Sama,customer8279@example.com,Chennai,Tamil Nadu,India,2022-02-16,Occasional
8280,Mitesh Narayan,customer8280@example.com,Coimbatore,Tamil Nadu,India,2025-02-26,Premium
8281,Hemal Balan,customer8281@example.com,Vijayawada,Andhra Pradesh,India,2024-02-05,Premium
8282,Raagini Sekhon,customer8282@example.com,Kochi,Kerala,India,2022-06-09,Regular
8283,Keya Mitra,customer8283@example.com,Bhopal,Madhya Pradesh,India,2023-03-30,Regular
8284,Michael Swaminathan,customer8284@example.com,Bengaluru,Karnataka,India,2022-01-21,Regular
8285,Mekhala Patel,customer8285@example.com,Coimbatore,Tamil Nadu,India,2022-04-04,New
8286,Barkha Pillai,customer8286@example.com,Visakhapatnam,Andhra Pradesh,India,2022-09-06,Occasional
8287,Anya Chauhan,customer8287@example.com,Kochi,Kerala,India,2021-12-18,Occasional
8288,Daksh Nori,customer8288@example.com,Jaipur,Rajasthan,India,2025-03-23,Premium
8289,Gayathri Khosla,customer8289@example.com,Vijayawada,Andhra Pradesh,India,2023-05-29,Premium
8290,Ishani Nayar,customer8290@example.com,Bhopal,Madhya Pradesh,India,2023-06-20,Occasional
8291,Rachit Das,customer8291@example.com,Warangal,Telangana,India,2024-02-04,Regular
8292,Samar Pradhan,customer8292@example.com,Vijayawada,Andhra Pradesh,India,2024-08-10,New
8293,Oeshi Upadhyay,customer8293@example.com,Hyderabad,Telangana,India,2025-02-11,Regular
8294,Abhimanyu Mitra,customer8294@example.com,Visakhapatnam,Andhra Pradesh,India,2021-06-17,Regular
8295,Ayushman Thakkar,customer8295@example.com,Hyderabad,Telangana,India,2025-12-09,Occasional
8296,Chaaya Iyer,customer8296@example.com,Delhi,Delhi,India,2024-07-20,Regular
8297,Gaurang Prabhakar,customer8297@example.com,Ahmedabad,Gujarat,India,2021-09-04,Regular
8298,Ekani Dutt,customer8298@example.com,Coimbatore,Tamil Nadu,India,2023-10-22,Regular
8299,Vincent Kapoor,customer8299@example.com,Kolkata,West Bengal,India,2021-10-18,Regular
8300,Chakradhar Kibe,customer8300@example.com,Bengaluru,Karnataka,India,2024-04-29,Regular
8301,Balendra Viswanathan,customer8301@example.com,Vijayawada,Andhra Pradesh,India,2021-08-02,Occasional
8302,Aryan Chakrabarti,customer8302@example.com,Coimbatore,Tamil Nadu,India,2025-11-24,Occasional
8303,Kamya Hegde,customer8303@example.com,Kolkata,West Bengal,India,2021-04-14,Regular
8304,Hritik Pingle,customer8304@example.com,Hyderabad,Telangana,India,2021-09-01,Premium
8305,Caleb Edwin,customer8305@example.com,Chennai,Tamil Nadu,India,2022-09-28,Regular
8306,Chanakya Bali,customer8306@example.com,Bhopal,Madhya Pradesh,India,2024-06-15,Regular
8307,Teerth Sant,customer8307@example.com,Chennai,Tamil Nadu,India,2022-08-13,Occasional
8308,Brijesh Goyal,customer8308@example.com,Vijayawada,Andhra Pradesh,India,2023-01-25,Occasional
8309,Sara Venkataraman,customer8309@example.com,Chennai,Tamil Nadu,India,2021-01-08,Regular
8310,Siddharth Wable,customer8310@example.com,Pune,Maharashtra,India,2022-06-11,Occasional
8311,Shivani Venkatesh,customer8311@example.com,Chennai,Tamil Nadu,India,2023-07-13,Regular
8312,Sneha Sankaran,customer8312@example.com,Visakhapatnam,Andhra Pradesh,India,2021-11-05,Occasional
8313,Anjali Deshmukh,customer8313@example.com,Mumbai,Maharashtra,India,2024-06-09,Regular
8314,Chandani Vala,customer8314@example.com,Ahmedabad,Gujarat,India,2021-01-25,Regular
8315,Chaitaly Grewal,customer8315@example.com,Chennai,Tamil Nadu,India,2021-10-16,Regular
8316,Brinda Srivastava,customer8316@example.com,Coimbatore,Tamil Nadu,India,2024-06-11,Regular
8317,Nitara Mohanty,customer8317@example.com,Chennai,Tamil Nadu,India,2023-05-15,Regular
8318,Aarini Sheth,customer8318@example.com,Visakhapatnam,Andhra Pradesh,India,2023-05-04,Occasional
8319,Ojas Talwar,customer8319@example.com,Visakhapatnam,Andhra Pradesh,India,2025-10-03,Regular
8320,Wriddhish Sathe,customer8320@example.com,Kochi,Kerala,India,2024-09-10,Regular
8321,Urvi Sawhney,customer8321@example.com,Hyderabad,Telangana,India,2023-10-14,Premium
8322,Om Mukhopadhyay,customer8322@example.com,Pune,Maharashtra,India,2023-07-29,New
8323,Gaurang Mohan,customer8323@example.com,Hyderabad,Telangana,India,2024-04-21,Regular
8324,Teerth Natt,customer8324@example.com,Coimbatore,Tamil Nadu,India,2023-03-11,Regular
8325,Eta Narayanan,customer8325@example.com,Visakhapatnam,Andhra Pradesh,India,2023-02-14,Occasional
8326,Deepa Dhawan,customer8326@example.com,Vijayawada,Andhra Pradesh,India,2024-09-20,Regular
8327,Advaith Dua,customer8327@example.com,Vijayawada,Andhra Pradesh,India,2022-09-01,Occasional
8328,Keya Loyal,customer8328@example.com,Pune,Maharashtra,India,2024-03-23,Regular
8329,Omya Venkataraman,customer8329@example.com,Bhopal,Madhya Pradesh,India,2024-04-22,New
8330,Qabil Dewan,customer8330@example.com,Vijayawada,Andhra Pradesh,India,2021-07-18,Occasional
8331,Xavier Deshpande,customer8331@example.com,Visakhapatnam,Andhra Pradesh,India,2025-11-27,New
8332,Vritti Devan,customer8332@example.com,Jaipur,Rajasthan,India,2023-04-08,Regular
8333,Upkaar Sibal,customer8333@example.com,Coimbatore,Tamil Nadu,India,2022-08-01,Regular
8334,Vedika Madan,customer8334@example.com,Pune,Maharashtra,India,2022-10-08,Occasional
8335,Devansh Jani,customer8335@example.com,Kolkata,West Bengal,India,2021-06-15,Regular
8336,Vyanjana Mitra,customer8336@example.com,Mumbai,Maharashtra,India,2025-05-19,Occasional
8337,Warhi Thaker,customer8337@example.com,Pune,Maharashtra,India,2025-06-07,Regular
8338,Alka Narayan,customer8338@example.com,Vijayawada,Andhra Pradesh,India,2023-01-30,Regular
8339,Eshana Sengupta,customer8339@example.com,Jaipur,Rajasthan,India,2023-10-16,Regular
8340,Triveni Thakkar,customer8340@example.com,Vijayawada,Andhra Pradesh,India,2024-05-25,Regular
8341,Chatura Pandit,customer8341@example.com,Kolkata,West Bengal,India,2024-04-12,Occasional
8342,Karan Randhawa,customer8342@example.com,Pune,Maharashtra,India,2023-11-15,New
8343,Advika Kumer,customer8343@example.com,Coimbatore,Tamil Nadu,India,2025-01-28,New
8344,Oeshi Kapur,customer8344@example.com,Delhi,Delhi,India,2023-04-01,Regular
8345,Balhaar Pillai,customer8345@example.com,Bhopal,Madhya Pradesh,India,2022-05-30,Regular
8346,Aadhya Saraf,customer8346@example.com,Bengaluru,Karnataka,India,2024-07-01,Premium
8347,Zayan Kulkarni,customer8347@example.com,Kochi,Kerala,India,2024-01-09,Regular
8348,Darsh Manne,customer8348@example.com,Hyderabad,Telangana,India,2022-07-06,Occasional
8349,Yashvi Sankar,customer8349@example.com,Kochi,Kerala,India,2022-04-14,Regular
8350,Tamanna Chaudhry,customer8350@example.com,Coimbatore,Tamil Nadu,India,2024-10-08,Regular
8351,Chandresh Krish,customer8351@example.com,Delhi,Delhi,India,2024-02-20,Regular
8352,George Wable,customer8352@example.com,Delhi,Delhi,India,2023-10-10,Occasional
8353,Harini Rege,customer8353@example.com,Visakhapatnam,Andhra Pradesh,India,2023-12-16,New
8354,Warinder Kapur,customer8354@example.com,Bengaluru,Karnataka,India,2024-03-08,Regular
8355,Chandran Chahal,customer8355@example.com,Bengaluru,Karnataka,India,2023-09-11,Regular
8356,Quincy Grewal,customer8356@example.com,Hyderabad,Telangana,India,2023-03-29,Regular
8357,Pallavi Roy,customer8357@example.com,Bengaluru,Karnataka,India,2025-10-15,Regular
8358,Vrishti Batta,customer8358@example.com,Chennai,Tamil Nadu,India,2022-09-29,Premium
8359,Sarthak Jayaraman,customer8359@example.com,Delhi,Delhi,India,2023-05-18,Regular
8360,Aarav Ratti,customer8360@example.com,Coimbatore,Tamil Nadu,India,2025-08-30,New
8361,Vritti Bassi,customer8361@example.com,Ahmedabad,Gujarat,India,2021-05-07,Regular
8362,Matthew Date,customer8362@example.com,Chennai,Tamil Nadu,India,2021-04-29,Regular
8363,Ikshita Sharaf,customer8363@example.com,Vijayawada,Andhra Pradesh,India,2021-09-11,Regular
8364,Janaki Bail,customer8364@example.com,Delhi,Delhi,India,2023-07-07,New
8365,Urvashi Bahl,customer8365@example.com,Bengaluru,Karnataka,India,2023-11-03,Regular
8366,Pushti Chandran,customer8366@example.com,Visakhapatnam,Andhra Pradesh,India,2022-07-14,Premium
8367,Tanveer Nadig,customer8367@example.com,Warangal,Telangana,India,2021-12-18,Premium
8368,Chaitanya Muni,customer8368@example.com,Pune,Maharashtra,India,2025-04-15,Occasional
8369,Varenya Peri,customer8369@example.com,Jaipur,Rajasthan,India,2021-01-20,Regular
8370,Banjeet Sangha,customer8370@example.com,Chennai,Tamil Nadu,India,2022-01-19,Regular
8371,Michael Dey,customer8371@example.com,Kolkata,West Bengal,India,2021-08-27,Occasional
8372,Tamanna Mani,customer8372@example.com,Delhi,Delhi,India,2021-12-04,Regular
8373,Tripti Choudhary,customer8373@example.com,Mumbai,Maharashtra,India,2023-11-20,Regular
8374,William Dubey,customer8374@example.com,Pune,Maharashtra,India,2023-05-28,Regular
8375,Yatan Butala,customer8375@example.com,Visakhapatnam,Andhra Pradesh,India,2021-05-16,Regular
8376,Baghyawati Kothari,customer8376@example.com,Jaipur,Rajasthan,India,2022-01-28,Premium
8377,Odika Sandal,customer8377@example.com,Bengaluru,Karnataka,India,2021-09-28,Regular
8378,Mitali Bassi,customer8378@example.com,Pune,Maharashtra,India,2024-07-01,Occasional
8379,Saksham Ratti,customer8379@example.com,Kochi,Kerala,India,2022-06-30,Occasional
8380,Ishani Nori,customer8380@example.com,Bengaluru,Karnataka,India,2021-09-26,Regular
8381,Omya Dhingra,customer8381@example.com,Kolkata,West Bengal,India,2025-05-05,Premium
8382,Eshana Narula,customer8382@example.com,Kolkata,West Bengal,India,2023-02-18,Regular
8383,Oviya Shan,customer8383@example.com,Chennai,Tamil Nadu,India,2023-11-18,Regular
8384,Wyatt Ravel,customer8384@example.com,Pune,Maharashtra,India,2022-03-08,Occasional
8385,Maanas Sha,customer8385@example.com,Bhopal,Madhya Pradesh,India,2025-01-09,Occasional
8386,Abhimanyu Amble,customer8386@example.com,Pune,Maharashtra,India,2023-09-03,Regular
8387,Vinaya Barman,customer8387@example.com,Bhopal,Madhya Pradesh,India,2024-01-12,New
8388,Eiravati Shere,customer8388@example.com,Kochi,Kerala,India,2024-08-17,Regular
8389,Pranav Chacko,customer8389@example.com,Pune,Maharashtra,India,2021-08-25,Regular
8390,Leela Setty,customer8390@example.com,Pune,Maharashtra,India,2025-06-12,Occasional
8391,Wridesh Patla,customer8391@example.com,Bhopal,Madhya Pradesh,India,2022-09-22,Premium
8392,Vihaan Badal,customer8392@example.com,Pune,Maharashtra,India,2022-08-06,Occasional
8393,Baghyawati Nagarajan,customer8393@example.com,Jaipur,Rajasthan,India,2024-02-26,New
8394,Ganga Solanki,customer8394@example.com,Chennai,Tamil Nadu,India,2021-09-12,Occasional
8395,Chaman Guha,customer8395@example.com,Jaipur,Rajasthan,India,2021-06-24,Regular
8396,Utkarsh Balay,customer8396@example.com,Coimbatore,Tamil Nadu,India,2022-03-28,Regular
8397,Patrick Randhawa,customer8397@example.com,Jaipur,Rajasthan,India,2022-04-05,Regular
8398,Gaurika Narayanan,customer8398@example.com,Hyderabad,Telangana,India,2023-04-04,Regular
8399,Luke Banerjee,customer8399@example.com,Bhopal,Madhya Pradesh,India,2021-12-09,Premium
8400,Dhruv Naidu,customer8400@example.com,Kochi,Kerala,India,2023-08-05,Premium
8401,Diya Chaudhari,customer8401@example.com,Pune,Maharashtra,India,2023-08-05,Premium
8402,Ranveer Mane,customer8402@example.com,Kolkata,West Bengal,India,2021-06-05,Regular
8403,Yug Kapur,customer8403@example.com,Bhopal,Madhya Pradesh,India,2024-04-30,Occasional
8404,Wazir Ahuja,customer8404@example.com,Vijayawada,Andhra Pradesh,India,2024-07-18,Regular
8405,Jyoti Mittal,customer8405@example.com,Kolkata,West Bengal,India,2023-09-08,Regular
8406,Chatresh Agate,customer8406@example.com,Chennai,Tamil Nadu,India,2022-08-25,Occasional
8407,Jagdish Ravi,customer8407@example.com,Mumbai,Maharashtra,India,2025-11-30,Occasional
8408,Shravya Sen,customer8408@example.com,Pune,Maharashtra,India,2023-03-30,Occasional
8409,Gopal Shere,customer8409@example.com,Hyderabad,Telangana,India,2021-04-13,Regular
8410,Ridhi Bhat,customer8410@example.com,Chennai,Tamil Nadu,India,2021-02-03,Regular
8411,Harita Gara,customer8411@example.com,Pune,Maharashtra,India,2021-12-12,Regular
8412,Simon Singhal,customer8412@example.com,Jaipur,Rajasthan,India,2025-09-11,Regular
8413,Kavya Rai,customer8413@example.com,Bengaluru,Karnataka,India,2021-10-15,Occasional
8414,Sudiksha Radhakrishnan,customer8414@example.com,Pune,Maharashtra,India,2025-07-03,Regular
8415,Balhaar Pant,customer8415@example.com,Pune,Maharashtra,India,2024-10-12,Regular
8416,Warjas Khare,customer8416@example.com,Ahmedabad,Gujarat,India,2021-10-21,Regular
8417,Dakshesh Palan,customer8417@example.com,Kochi,Kerala,India,2021-04-05,Regular
8418,Kritika Gulati,customer8418@example.com,Bhopal,Madhya Pradesh,India,2024-02-03,Regular
8419,Vinaya Kakar,customer8419@example.com,Warangal,Telangana,India,2023-02-08,Regular
8420,Xalak Bala,customer8420@example.com,Hyderabad,Telangana,India,2024-03-13,Occasional
8421,Charita Bassi,customer8421@example.com,Chennai,Tamil Nadu,India,2025-06-01,Regular
8422,Chaman Pant,customer8422@example.com,Ahmedabad,Gujarat,India,2024-04-13,Regular
8423,Samaksh Pillay,customer8423@example.com,Kochi,Kerala,India,2022-04-09,Regular
8424,Widisha Raja,customer8424@example.com,Vijayawada,Andhra Pradesh,India,2024-12-22,Occasional
8425,Advika Ramanathan,customer8425@example.com,Hyderabad,Telangana,India,2024-02-20,Regular
8426,Upasna Yogi,customer8426@example.com,Chennai,Tamil Nadu,India,2022-07-14,Premium
8427,Manan Gopal,customer8427@example.com,Hyderabad,Telangana,India,2023-09-23,Premium
8428,Nathaniel Roy,customer8428@example.com,Visakhapatnam,Andhra Pradesh,India,2024-10-30,Occasional
8429,Leela Bhattacharyya,customer8429@example.com,Warangal,Telangana,India,2021-03-22,Regular
8430,Yauvani Bahri,customer8430@example.com,Kochi,Kerala,India,2022-01-12,New
8431,Thomas Sarin,customer8431@example.com,Bengaluru,Karnataka,India,2022-01-01,Regular
8432,Arya Aggarwal,customer8432@example.com,Delhi,Delhi,India,2021-01-11,Regular
8433,Unni Bawa,customer8433@example.com,Jaipur,Rajasthan,India,2025-09-23,Regular
8434,Laban Tata,customer8434@example.com,Pune,Maharashtra,India,2021-06-02,Premium
8435,Arjun Padmanabhan,customer8435@example.com,Mumbai,Maharashtra,India,2024-06-16,Regular
8436,Udyati Swaminathan,customer8436@example.com,Chennai,Tamil Nadu,India,2025-06-16,Occasional
8437,Frado Mall,customer8437@example.com,Kolkata,West Bengal,India,2025-03-21,Regular
8438,Lekha Toor,customer8438@example.com,Jaipur,Rajasthan,India,2024-12-13,Premium
8439,Henry Nayak,customer8439@example.com,Hyderabad,Telangana,India,2022-02-07,Premium
8440,Damini Saraf,customer8440@example.com,Coimbatore,Tamil Nadu,India,2024-08-19,Regular
8441,Shivani Jain,customer8441@example.com,Kolkata,West Bengal,India,2021-03-29,Regular
8442,Madhavi Choudhury,customer8442@example.com,Pune,Maharashtra,India,2023-09-15,Occasional
8443,Balhaar Pandya,customer8443@example.com,Delhi,Delhi,India,2022-06-04,Regular
8444,Jyoti Rattan,customer8444@example.com,Visakhapatnam,Andhra Pradesh,India,2022-01-09,Regular
8445,Barkha Wali,customer8445@example.com,Pune,Maharashtra,India,2023-01-17,Regular
8446,Chaitanya Bava,customer8446@example.com,Pune,Maharashtra,India,2022-06-27,Regular
8447,Hitesh Samra,customer8447@example.com,Kochi,Kerala,India,2025-03-21,Premium
8448,Omaja Solanki,customer8448@example.com,Mumbai,Maharashtra,India,2024-12-21,Regular
8449,Jai De,customer8449@example.com,Kochi,Kerala,India,2022-08-11,Regular
8450,Watika Lala,customer8450@example.com,Bhopal,Madhya Pradesh,India,2021-12-18,Regular
8451,Baghyawati Tata,customer8451@example.com,Vijayawada,Andhra Pradesh,India,2025-05-03,Occasional
8452,Kashvi Nath,customer8452@example.com,Bengaluru,Karnataka,India,2024-11-02,Regular
8453,Tarak Yadav,customer8453@example.com,Bhopal,Madhya Pradesh,India,2025-09-05,Premium
8454,Libni Singh,customer8454@example.com,Bengaluru,Karnataka,India,2023-01-01,Premium
8455,Indali Dhillon,customer8455@example.com,Bengaluru,Karnataka,India,2022-01-21,New
8456,Ryan Bhatia,customer8456@example.com,Chennai,Tamil Nadu,India,2021-04-23,Premium
8457,Pooja Dasgupta,customer8457@example.com,Pune,Maharashtra,India,2024-03-26,New
8458,Vritti Choudhury,customer8458@example.com,Pune,Maharashtra,India,2022-04-08,Premium
8459,Osha Gulati,customer8459@example.com,Pune,Maharashtra,India,2025-11-29,Occasional
8460,William Barad,customer8460@example.com,Kolkata,West Bengal,India,2022-10-17,Regular
8461,Yatan Sridhar,customer8461@example.com,Hyderabad,Telangana,India,2022-10-24,Regular
8462,Balveer Nagi,customer8462@example.com,Visakhapatnam,Andhra Pradesh,India,2025-09-26,Occasional
8463,Yutika Sood,customer8463@example.com,Vijayawada,Andhra Pradesh,India,2024-05-06,Regular
8464,Warinder Narayan,customer8464@example.com,Coimbatore,Tamil Nadu,India,2024-03-07,Premium
8465,Pallavi Garg,customer8465@example.com,Chennai,Tamil Nadu,India,2023-10-27,Regular
8466,Aradhana Swaminathan,customer8466@example.com,Warangal,Telangana,India,2021-06-15,Occasional
8467,Yamini Dasgupta,customer8467@example.com,Coimbatore,Tamil Nadu,India,2023-02-27,Regular
8468,Nakul Rau,customer8468@example.com,Chennai,Tamil Nadu,India,2021-12-20,Premium
8469,Jyoti Das,customer8469@example.com,Visakhapatnam,Andhra Pradesh,India,2022-09-04,Regular
8470,Noah Datta,customer8470@example.com,Hyderabad,Telangana,India,2024-11-05,Regular
8471,Fitan Sastry,customer8471@example.com,Vijayawada,Andhra Pradesh,India,2022-03-04,Regular
8472,Gautami Anand,customer8472@example.com,Hyderabad,Telangana,India,2024-11-30,Premium
8473,Reva Prakash,customer8473@example.com,Kochi,Kerala,India,2023-01-29,Regular
8474,Eshana Subramaniam,customer8474@example.com,Bengaluru,Karnataka,India,2021-06-22,New
8475,Farhan Shanker,customer8475@example.com,Bengaluru,Karnataka,India,2025-03-18,Regular
8476,Ethan Dass,customer8476@example.com,Pune,Maharashtra,India,2023-07-24,Regular
8477,Chasmum Nagar,customer8477@example.com,Visakhapatnam,Andhra Pradesh,India,2023-07-26,Occasional
8478,Yug Thakkar,customer8478@example.com,Hyderabad,Telangana,India,2022-10-04,Regular
8479,Ganga Talwar,customer8479@example.com,Mumbai,Maharashtra,India,2021-08-26,Regular
8480,Lohit Sharaf,customer8480@example.com,Visakhapatnam,Andhra Pradesh,India,2023-12-29,Occasional
8481,Anita Varma,customer8481@example.com,Delhi,Delhi,India,2022-05-06,Regular
8482,Lajita Prakash,customer8482@example.com,Hyderabad,Telangana,India,2021-04-18,Regular
8483,Omisha Grewal,customer8483@example.com,Hyderabad,Telangana,India,2024-11-01,Regular
8484,Ryan Chaudhry,customer8484@example.com,Jaipur,Rajasthan,India,2023-03-09,Regular
8485,Triveni Agrawal,customer8485@example.com,Pune,Maharashtra,India,2024-06-18,Occasional
8486,Ekta Babu,customer8486@example.com,Jaipur,Rajasthan,India,2025-06-07,Occasional
8487,Vedant Mahajan,customer8487@example.com,Ahmedabad,Gujarat,India,2024-05-26,Occasional
8488,Darpan Bir,customer8488@example.com,Bengaluru,Karnataka,India,2023-04-07,Regular
8489,Madhav Sur,customer8489@example.com,Bengaluru,Karnataka,India,2021-02-18,Regular
8490,Reyansh Palla,customer8490@example.com,Bhopal,Madhya Pradesh,India,2025-01-12,Regular
8491,Ishwar Agarwal,customer8491@example.com,Jaipur,Rajasthan,India,2023-05-15,Regular
8492,Yashasvi Sagar,customer8492@example.com,Ahmedabad,Gujarat,India,2021-11-28,Regular
8493,Nachiket Korpal,customer8493@example.com,Delhi,Delhi,India,2021-12-20,Regular
8494,Ekani Kade,customer8494@example.com,Chennai,Tamil Nadu,India,2024-02-23,Occasional
8495,Yadavi Brahmbhatt,customer8495@example.com,Mumbai,Maharashtra,India,2025-07-01,Regular
8496,Ekta Tata,customer8496@example.com,Pune,Maharashtra,India,2021-11-10,Occasional
8497,Chandani Shanker,customer8497@example.com,Delhi,Delhi,India,2021-04-27,Premium
8498,Chatresh Chanda,customer8498@example.com,Mumbai,Maharashtra,India,2024-02-22,Regular
8499,Neel Rajagopalan,customer8499@example.com,Kolkata,West Bengal,India,2024-07-04,Regular
8500,Gaurika Naik,customer8500@example.com,Visakhapatnam,Andhra Pradesh,India,2022-08-06,Occasional
8501,Nicholas Aggarwal,customer8501@example.com,Kochi,Kerala,India,2023-06-01,Regular
8502,Vihaan Om,customer8502@example.com,Bengaluru,Karnataka,India,2022-07-07,Premium
8503,Omkaar Dhawan,customer8503@example.com,Delhi,Delhi,India,2023-02-18,Occasional
8504,Aayush Suri,customer8504@example.com,Vijayawada,Andhra Pradesh,India,2023-02-16,New
8505,Yatin Merchant,customer8505@example.com,Chennai,Tamil Nadu,India,2021-09-16,Regular
8506,Lekha Rajagopal,customer8506@example.com,Jaipur,Rajasthan,India,2022-12-13,Occasional
8507,Aashi Sodhi,customer8507@example.com,Mumbai,Maharashtra,India,2021-07-12,Occasional
8508,Omisha Bedi,customer8508@example.com,Visakhapatnam,Andhra Pradesh,India,2021-06-04,Regular
8509,Charan Sathe,customer8509@example.com,Jaipur,Rajasthan,India,2023-02-16,Occasional
8510,Hritik Raman,customer8510@example.com,Pune,Maharashtra,India,2025-12-02,Regular
8511,Kiaan Borde,customer8511@example.com,Visakhapatnam,Andhra Pradesh,India,2022-08-13,Regular
8512,Peter Acharya,customer8512@example.com,Jaipur,Rajasthan,India,2023-03-19,Occasional
8513,Bishakha Chhabra,customer8513@example.com,Coimbatore,Tamil Nadu,India,2022-06-14,Regular
8514,Mohini Bhavsar,customer8514@example.com,Ahmedabad,Gujarat,India,2025-02-23,Premium
8515,Geetika Sarin,customer8515@example.com,Hyderabad,Telangana,India,2024-04-04,Regular
8516,Gautami Madan,customer8516@example.com,Bengaluru,Karnataka,India,2023-02-26,Occasional
8517,Tejas Hegde,customer8517@example.com,Chennai,Tamil Nadu,India,2022-01-14,Regular
8518,Jagvi Arora,customer8518@example.com,Vijayawada,Andhra Pradesh,India,2024-09-12,Regular
8519,Ekalinga Narasimhan,customer8519@example.com,Pune,Maharashtra,India,2022-03-13,Regular
8520,Jackson Sarna,customer8520@example.com,Delhi,Delhi,India,2024-09-01,Regular
8521,Urvashi Garde,customer8521@example.com,Bengaluru,Karnataka,India,2021-11-04,New
8522,Forum Goel,customer8522@example.com,Kolkata,West Bengal,India,2025-10-24,Regular
8523,Onkar Chada,customer8523@example.com,Mumbai,Maharashtra,India,2023-08-03,Occasional
8524,Harshil Mandal,customer8524@example.com,Visakhapatnam,Andhra Pradesh,India,2025-12-23,Occasional
8525,Yahvi Chowdhury,customer8525@example.com,Chennai,Tamil Nadu,India,2022-05-13,Premium
8526,Bhavani Amble,customer8526@example.com,Warangal,Telangana,India,2023-06-21,Occasional
8527,Yochana Pathak,customer8527@example.com,Coimbatore,Tamil Nadu,India,2021-09-19,Premium
8528,Jai Mane,customer8528@example.com,Hyderabad,Telangana,India,2024-05-17,Occasional
8529,Ekanta Dube,customer8529@example.com,Mumbai,Maharashtra,India,2022-06-08,New
8530,Nicholas Balasubramanian,customer8530@example.com,Mumbai,Maharashtra,India,2021-01-18,Regular
8531,Chasmum Basak,customer8531@example.com,Vijayawada,Andhra Pradesh,India,2021-12-02,Regular
8532,Yashawini Mittal,customer8532@example.com,Bengaluru,Karnataka,India,2022-04-18,Premium
8533,Yahvi Varghese,customer8533@example.com,Pune,Maharashtra,India,2023-08-13,Regular
8534,Neha Patla,customer8534@example.com,Chennai,Tamil Nadu,India,2025-06-06,New
8535,Manan Sheth,customer8535@example.com,Vijayawada,Andhra Pradesh,India,2023-07-13,Occasional
8536,Yug Rajan,customer8536@example.com,Warangal,Telangana,India,2022-08-03,Regular
8537,Harsh Saha,customer8537@example.com,Visakhapatnam,Andhra Pradesh,India,2024-11-21,Premium
8538,Jatin Munshi,customer8538@example.com,Kochi,Kerala,India,2023-08-28,Premium
8539,Ishaan Bal,customer8539@example.com,Warangal,Telangana,India,2022-08-18,Regular
8540,Rayaan Bhatia,customer8540@example.com,Mumbai,Maharashtra,India,2021-10-23,Regular
8541,Laksh Kalla,customer8541@example.com,Bhopal,Madhya Pradesh,India,2025-05-27,Occasional
8542,Neha Walla,customer8542@example.com,Kochi,Kerala,India,2021-11-14,New
8543,Bimala Goswami,customer8543@example.com,Warangal,Telangana,India,2022-06-15,New
8544,Advik Dass,customer8544@example.com,Vijayawada,Andhra Pradesh,India,2025-08-15,New
8545,Megha Ghosh,customer8545@example.com,Kochi,Kerala,India,2022-04-04,Premium
8546,Finn Kibe,customer8546@example.com,Bhopal,Madhya Pradesh,India,2024-05-06,New
8547,Liam Munshi,customer8547@example.com,Bengaluru,Karnataka,India,2022-05-07,Premium
8548,Nathan Khurana,customer8548@example.com,Warangal,Telangana,India,2023-02-07,Occasional
8549,Ridhi Baral,customer8549@example.com,Kolkata,West Bengal,India,2025-07-27,Occasional
8550,Lekha Balan,customer8550@example.com,Jaipur,Rajasthan,India,2024-10-24,Occasional
8551,Rudra Wason,customer8551@example.com,Mumbai,Maharashtra,India,2023-08-25,Regular
8552,Megha Singhal,customer8552@example.com,Vijayawada,Andhra Pradesh,India,2025-03-14,Regular
8553,Xalak Sur,customer8553@example.com,Warangal,Telangana,India,2023-07-29,Occasional
8554,Balveer Sen,customer8554@example.com,Bengaluru,Karnataka,India,2022-02-21,Regular
8555,Brinda Ben,customer8555@example.com,Delhi,Delhi,India,2023-11-17,Occasional
8556,Tejas Banik,customer8556@example.com,Hyderabad,Telangana,India,2021-03-05,Premium
8557,Anirudh Tailor,customer8557@example.com,Delhi,Delhi,India,2024-02-25,Occasional
8558,Turvi Devan,customer8558@example.com,Delhi,Delhi,India,2022-03-26,Regular
8559,Qadim Sankaran,customer8559@example.com,Hyderabad,Telangana,India,2023-12-07,Regular
8560,Dhruv Sarkar,customer8560@example.com,Hyderabad,Telangana,India,2023-12-13,Occasional
8561,Pranav Sunder,customer8561@example.com,Kochi,Kerala,India,2025-07-11,Occasional
8562,Eiravati Goyal,customer8562@example.com,Vijayawada,Andhra Pradesh,India,2024-09-11,Regular
8563,Omkaar Vaidya,customer8563@example.com,Kolkata,West Bengal,India,2022-11-14,Regular
8564,Lakshmi Handa,customer8564@example.com,Mumbai,Maharashtra,India,2025-11-27,Premium
8565,Pooja Varty,customer8565@example.com,Mumbai,Maharashtra,India,2022-06-02,New
8566,Balveer Mahal,customer8566@example.com,Chennai,Tamil Nadu,India,2021-03-08,Regular
8567,Indira Shan,customer8567@example.com,Kolkata,West Bengal,India,2022-07-16,Occasional
8568,Jhalak Keer,customer8568@example.com,Visakhapatnam,Andhra Pradesh,India,2022-12-19,Premium
8569,Pooja Grover,customer8569@example.com,Jaipur,Rajasthan,India,2021-08-08,Occasional
8570,Eiravati Krish,customer8570@example.com,Delhi,Delhi,India,2021-09-09,Regular
8571,Dakshesh Pal,customer8571@example.com,Vijayawada,Andhra Pradesh,India,2023-08-29,Regular
8572,Aarush Tandon,customer8572@example.com,Chennai,Tamil Nadu,India,2021-01-22,Occasional
8573,Abeer Mishra,customer8573@example.com,Vijayawada,Andhra Pradesh,India,2025-01-29,Premium
8574,Mugdha Hora,customer8574@example.com,Pune,Maharashtra,India,2025-10-26,Premium
8575,Krishna Thaman,customer8575@example.com,Pune,Maharashtra,India,2023-12-13,Regular
8576,Jeremiah Bobal,customer8576@example.com,Kolkata,West Bengal,India,2024-07-16,Regular
8577,Eshana Parmer,customer8577@example.com,Pune,Maharashtra,India,2023-01-09,Occasional
8578,Ati Parmer,customer8578@example.com,Pune,Maharashtra,India,2021-08-15,Occasional
8579,Nicholas Prabhakar,customer8579@example.com,Ahmedabad,Gujarat,India,2023-05-14,Premium
8580,Gayathri Chaudhuri,customer8580@example.com,Vijayawada,Andhra Pradesh,India,2025-12-16,Regular
8581,Bakhshi Narang,customer8581@example.com,Delhi,Delhi,India,2022-09-02,Regular
8582,Chaitaly Char,customer8582@example.com,Delhi,Delhi,India,2021-07-29,Regular
8583,Sathvik Pandya,customer8583@example.com,Pune,Maharashtra,India,2025-12-13,Occasional
8584,Atharv Roy,customer8584@example.com,Bengaluru,Karnataka,India,2021-12-07,Occasional
8585,Hema Chhabra,customer8585@example.com,Kochi,Kerala,India,2025-03-27,Occasional
8586,Veer Ratti,customer8586@example.com,Visakhapatnam,Andhra Pradesh,India,2022-12-17,Regular
8587,Gautami Balasubramanian,customer8587@example.com,Pune,Maharashtra,India,2024-01-10,New
8588,Vyanjana Khanna,customer8588@example.com,Warangal,Telangana,India,2023-02-22,Regular
8589,Lohit Khalsa,customer8589@example.com,Bhopal,Madhya Pradesh,India,2025-03-23,Premium
8590,Oni Sur,customer8590@example.com,Bhopal,Madhya Pradesh,India,2023-03-22,Regular
8591,Balveer Issac,customer8591@example.com,Kolkata,West Bengal,India,2025-04-10,Regular
8592,Isaac Dey,customer8592@example.com,Ahmedabad,Gujarat,India,2022-06-20,Occasional
8593,Ridhi Bhatnagar,customer8593@example.com,Bengaluru,Karnataka,India,2025-05-23,Occasional
8594,Ira Mohanty,customer8594@example.com,Pune,Maharashtra,India,2025-06-24,Regular
8595,Liam Dar,customer8595@example.com,Coimbatore,Tamil Nadu,India,2024-10-08,New
8596,Ridhi Nadig,customer8596@example.com,Bengaluru,Karnataka,India,2021-08-08,Regular
8597,Yash Tank,customer8597@example.com,Ahmedabad,Gujarat,India,2025-12-12,Regular
8598,Gagan Mohan,customer8598@example.com,Vijayawada,Andhra Pradesh,India,2022-11-07,Regular
8599,Henry Babu,customer8599@example.com,Kochi,Kerala,India,2022-10-02,Regular
8600,Neel Khosla,customer8600@example.com,Coimbatore,Tamil Nadu,India,2025-07-21,Occasional
8601,Gaurika Lad,customer8601@example.com,Coimbatore,Tamil Nadu,India,2021-06-17,Occasional
8602,Wahab Walia,customer8602@example.com,Warangal,Telangana,India,2021-03-23,Occasional
8603,Yagnesh Sahni,customer8603@example.com,Bhopal,Madhya Pradesh,India,2021-10-24,Premium
8604,George Barad,customer8604@example.com,Ahmedabad,Gujarat,India,2023-07-15,Regular
8605,Ekansh Tella,customer8605@example.com,Ahmedabad,Gujarat,India,2021-05-19,Premium
8606,Faqid Krishnan,customer8606@example.com,Hyderabad,Telangana,India,2022-04-21,Regular
8607,Sara Bath,customer8607@example.com,Ahmedabad,Gujarat,India,2021-03-15,Occasional
8608,Pahal Bhatnagar,customer8608@example.com,Bengaluru,Karnataka,India,2022-02-23,Occasional
8609,Sanaya Handa,customer8609@example.com,Visakhapatnam,Andhra Pradesh,India,2024-08-12,Occasional
8610,Baghyawati Sridhar,customer8610@example.com,Pune,Maharashtra,India,2022-07-25,Regular
8611,Kabir Bail,customer8611@example.com,Pune,Maharashtra,India,2021-02-03,Occasional
8612,Deepa Tandon,customer8612@example.com,Kochi,Kerala,India,2023-05-21,Regular
8613,Samarth Mohanty,customer8613@example.com,Bhopal,Madhya Pradesh,India,2023-03-06,Regular
8614,Hemang Bassi,customer8614@example.com,Visakhapatnam,Andhra Pradesh,India,2023-08-07,Occasional
8615,Dominic Bath,customer8615@example.com,Chennai,Tamil Nadu,India,2024-07-02,Regular
8616,Megha Agarwal,customer8616@example.com,Vijayawada,Andhra Pradesh,India,2021-03-06,Regular
8617,Brinda Choudhry,customer8617@example.com,Kochi,Kerala,India,2021-07-23,New
8618,Wahab Nayar,customer8618@example.com,Chennai,Tamil Nadu,India,2022-09-12,Regular
8619,Tamanna Mitter,customer8619@example.com,Kolkata,West Bengal,India,2024-02-13,Regular
8620,Urmi Din,customer8620@example.com,Vijayawada,Andhra Pradesh,India,2022-02-18,Occasional
8621,Ishanvi Sampath,customer8621@example.com,Chennai,Tamil Nadu,India,2022-02-02,Occasional
8622,Frederick Suresh,customer8622@example.com,Bhopal,Madhya Pradesh,India,2024-12-13,Occasional
8623,Watika Setty,customer8623@example.com,Ahmedabad,Gujarat,India,2024-03-19,Occasional
8624,Vamakshi Sarma,customer8624@example.com,Kolkata,West Bengal,India,2025-03-06,Premium
8625,Teerth Tella,customer8625@example.com,Warangal,Telangana,India,2024-02-27,Occasional
8626,Faraj Dave,customer8626@example.com,Mumbai,Maharashtra,India,2025-02-01,Regular
8627,Udant Shan,customer8627@example.com,Delhi,Delhi,India,2022-10-25,Regular
8628,Arunima Toor,customer8628@example.com,Chennai,Tamil Nadu,India,2022-05-15,Regular
8629,Balvan Maharaj,customer8629@example.com,Warangal,Telangana,India,2025-01-20,New
8630,Zayyan Nagar,customer8630@example.com,Chennai,Tamil Nadu,India,2024-01-28,Premium
8631,Yashvi Chad,customer8631@example.com,Hyderabad,Telangana,India,2023-11-28,Regular
8632,Avni Comar,customer8632@example.com,Chennai,Tamil Nadu,India,2024-11-18,Regular
8633,Wishi Rau,customer8633@example.com,Kochi,Kerala,India,2025-08-01,Occasional
8634,Yug Chhabra,customer8634@example.com,Warangal,Telangana,India,2023-08-27,Regular
8635,Eiravati Uppal,customer8635@example.com,Warangal,Telangana,India,2023-12-17,Regular
8636,Hitesh Zacharia,customer8636@example.com,Pune,Maharashtra,India,2023-10-27,Occasional
8637,Mahika Dey,customer8637@example.com,Hyderabad,Telangana,India,2023-10-08,Occasional
8638,Arya Mohan,customer8638@example.com,Mumbai,Maharashtra,India,2021-04-13,Regular
8639,Qadim Sem,customer8639@example.com,Pune,Maharashtra,India,2022-08-18,Regular
8640,Zayan Balasubramanian,customer8640@example.com,Delhi,Delhi,India,2021-09-10,Regular
8641,Zaitra Murthy,customer8641@example.com,Bhopal,Madhya Pradesh,India,2024-06-29,Regular
8642,Abhiram Dey,customer8642@example.com,Jaipur,Rajasthan,India,2024-07-30,Regular
8643,Falan Pant,customer8643@example.com,Visakhapatnam,Andhra Pradesh,India,2021-06-19,Regular
8644,Arya Grewal,customer8644@example.com,Hyderabad,Telangana,India,2022-09-05,Regular
8645,Jagrati Pall,customer8645@example.com,Pune,Maharashtra,India,2021-06-21,Premium
8646,Ekaja Loke,customer8646@example.com,Vijayawada,Andhra Pradesh,India,2023-11-12,Regular
8647,Shivani Varty,customer8647@example.com,Kochi,Kerala,India,2023-05-28,Regular
8648,Upadhriti Thakur,customer8648@example.com,Ahmedabad,Gujarat,India,2024-07-07,Occasional
8649,Krishna Cherian,customer8649@example.com,Delhi,Delhi,India,2025-06-22,Occasional
8650,Tamanna Dey,customer8650@example.com,Jaipur,Rajasthan,India,2021-04-08,Occasional
8651,Anthony Mukherjee,customer8651@example.com,Visakhapatnam,Andhra Pradesh,India,2021-01-29,Regular
8652,Jeet Ghose,customer8652@example.com,Hyderabad,Telangana,India,2025-03-17,Regular
8653,Hitesh Sawhney,customer8653@example.com,Kolkata,West Bengal,India,2023-07-06,Occasional
8654,Alexander Mammen,customer8654@example.com,Warangal,Telangana,India,2024-02-15,Regular
8655,Deepa Sane,customer8655@example.com,Ahmedabad,Gujarat,India,2021-10-22,Premium
8656,Finn Vig,customer8656@example.com,Chennai,Tamil Nadu,India,2024-06-24,Occasional
8657,Anjali Dixit,customer8657@example.com,Vijayawada,Andhra Pradesh,India,2024-07-24,Regular
8658,Brinda Mital,customer8658@example.com,Warangal,Telangana,India,2024-09-08,Regular
8659,Aarna Sachdeva,customer8659@example.com,Vijayawada,Andhra Pradesh,India,2025-03-26,Regular
8660,Ishwar Babu,customer8660@example.com,Jaipur,Rajasthan,India,2024-12-31,New
8661,Unnati Atwal,customer8661@example.com,Hyderabad,Telangana,India,2021-12-31,Regular
8662,Naksh Narain,customer8662@example.com,Ahmedabad,Gujarat,India,2022-12-19,Occasional
8663,Bhavika Memon,customer8663@example.com,Coimbatore,Tamil Nadu,India,2024-12-10,Regular
8664,Ubika Konda,customer8664@example.com,Jaipur,Rajasthan,India,2022-11-28,Regular
8665,Krisha Sampath,customer8665@example.com,Hyderabad,Telangana,India,2022-02-23,Occasional
8666,Aahana Bhasin,customer8666@example.com,Jaipur,Rajasthan,India,2025-07-05,Occasional
8667,Advika Kari,customer8667@example.com,Kochi,Kerala,India,2022-10-27,Premium
8668,Ucchal Sathe,customer8668@example.com,Ahmedabad,Gujarat,India,2025-05-15,Regular
8669,Advika Raval,customer8669@example.com,Ahmedabad,Gujarat,India,2025-04-04,Regular
8670,Bhanumati Sibal,customer8670@example.com,Mumbai,Maharashtra,India,2025-11-18,Occasional
8671,Jairaj Cheema,customer8671@example.com,Delhi,Delhi,India,2021-03-11,Occasional
8672,Girik Vaidya,customer8672@example.com,Ahmedabad,Gujarat,India,2022-08-19,Occasional
8673,Yash Deshpande,customer8673@example.com,Hyderabad,Telangana,India,2024-08-16,Regular
8674,Aishani Parikh,customer8674@example.com,Warangal,Telangana,India,2023-02-08,Occasional
8675,Gunbir Uppal,customer8675@example.com,Kolkata,West Bengal,India,2024-03-23,Regular
8676,Ubika Pillai,customer8676@example.com,Kolkata,West Bengal,India,2022-01-23,Regular
8677,Dakshesh Bains,customer8677@example.com,Bengaluru,Karnataka,India,2021-09-08,Premium
8678,Wyatt Sharma,customer8678@example.com,Jaipur,Rajasthan,India,2023-02-03,Regular
8679,Mohammed Pandya,customer8679@example.com,Warangal,Telangana,India,2023-04-22,Occasional
8680,Chaman Balakrishnan,customer8680@example.com,Coimbatore,Tamil Nadu,India,2024-03-30,Premium
8681,Lajita Devi,customer8681@example.com,Kolkata,West Bengal,India,2023-10-25,Regular
8682,Mohammed Jha,customer8682@example.com,Hyderabad,Telangana,India,2023-09-07,Regular
8683,Gayathri Kuruvilla,customer8683@example.com,Vijayawada,Andhra Pradesh,India,2022-01-19,Occasional
8684,Ishaan Bala,customer8684@example.com,Bhopal,Madhya Pradesh,India,2021-12-06,Regular
8685,Ladli Apte,customer8685@example.com,Delhi,Delhi,India,2022-03-04,Premium
8686,Yug Ratti,customer8686@example.com,Bengaluru,Karnataka,India,2025-02-27,Regular
8687,Chatresh Bali,customer8687@example.com,Coimbatore,Tamil Nadu,India,2025-12-17,Occasional
8688,Patrick Borra,customer8688@example.com,Coimbatore,Tamil Nadu,India,2024-01-25,Regular
8689,Nihal Samra,customer8689@example.com,Vijayawada,Andhra Pradesh,India,2023-08-19,Regular
8690,Jasmit Iyengar,customer8690@example.com,Vijayawada,Andhra Pradesh,India,2024-09-22,New
8691,Laban Mutti,customer8691@example.com,Warangal,Telangana,India,2025-10-08,Premium
8692,Jatin Rout,customer8692@example.com,Bengaluru,Karnataka,India,2024-08-11,Premium
8693,Deepa Madan,customer8693@example.com,Jaipur,Rajasthan,India,2021-12-04,Regular
8694,Frederick Walla,customer8694@example.com,Kolkata,West Bengal,India,2022-03-17,Regular
8695,Divya Kadakia,customer8695@example.com,Kochi,Kerala,India,2023-05-06,Occasional
8696,Mitesh Ratti,customer8696@example.com,Hyderabad,Telangana,India,2024-09-24,Occasional
8697,Jyoti Bhasin,customer8697@example.com,Bhopal,Madhya Pradesh,India,2025-07-05,Occasional
8698,Anamika Mukhopadhyay,customer8698@example.com,Visakhapatnam,Andhra Pradesh,India,2025-07-17,Regular
8699,Rehaan Deol,customer8699@example.com,Delhi,Delhi,India,2021-04-08,Regular
8700,Kamala Karpe,customer8700@example.com,Mumbai,Maharashtra,India,2022-08-29,Regular
8701,Samuel Nath,customer8701@example.com,Vijayawada,Andhra Pradesh,India,2023-12-17,Regular
8702,Gayathri Bala,customer8702@example.com,Warangal,Telangana,India,2022-06-17,Premium
8703,Chakradev Tank,customer8703@example.com,Bhopal,Madhya Pradesh,India,2025-03-21,New
8704,Shravya Kakar,customer8704@example.com,Pune,Maharashtra,India,2025-04-29,Regular
8705,Chaitaly Deep,customer8705@example.com,Ahmedabad,Gujarat,India,2024-01-26,New
8706,Avni Solanki,customer8706@example.com,Bhopal,Madhya Pradesh,India,2024-01-18,New
8707,Vasudha Kulkarni,customer8707@example.com,Bengaluru,Karnataka,India,2025-03-10,Premium
8708,Madhavi Lalla,customer8708@example.com,Bengaluru,Karnataka,India,2023-06-06,Premium
8709,Bahadurjit Mohan,customer8709@example.com,Bengaluru,Karnataka,India,2025-12-30,Occasional
8710,Chatresh Bava,customer8710@example.com,Kolkata,West Bengal,India,2024-08-20,Occasional
8711,Libni Wali,customer8711@example.com,Ahmedabad,Gujarat,India,2024-09-12,Regular
8712,Madhavi Mishra,customer8712@example.com,Mumbai,Maharashtra,India,2025-05-07,Regular
8713,Jeremiah Shankar,customer8713@example.com,Kochi,Kerala,India,2025-08-25,Occasional
8714,Sarthak Taneja,customer8714@example.com,Jaipur,Rajasthan,India,2024-02-06,Regular
8715,Indira Mannan,customer8715@example.com,Ahmedabad,Gujarat,India,2024-12-08,Premium
8716,Harrison Dey,customer8716@example.com,Chennai,Tamil Nadu,India,2024-03-26,Premium
8717,Aachal Bajwa,customer8717@example.com,Bengaluru,Karnataka,India,2022-01-12,Occasional
8718,Jalsa Kulkarni,customer8718@example.com,Delhi,Delhi,India,2024-12-24,Premium
8719,Radhika Bassi,customer8719@example.com,Hyderabad,Telangana,India,2024-01-06,Regular
8720,Darpan Kapadia,customer8720@example.com,Hyderabad,Telangana,India,2021-10-15,Premium
8721,Upadhriti Balasubramanian,customer8721@example.com,Visakhapatnam,Andhra Pradesh,India,2022-03-16,Regular
8722,Mekhala Deshpande,customer8722@example.com,Ahmedabad,Gujarat,India,2024-09-30,Premium
8723,Vansha Minhas,customer8723@example.com,Bhopal,Madhya Pradesh,India,2024-01-26,Occasional
8724,Meera Bhandari,customer8724@example.com,Pune,Maharashtra,India,2022-09-18,New
8725,Kamya Bhargava,customer8725@example.com,Coimbatore,Tamil Nadu,India,2022-11-08,Regular
8726,Yatin Trivedi,customer8726@example.com,Chennai,Tamil Nadu,India,2022-12-20,Regular
8727,Amara Dubey,customer8727@example.com,Kolkata,West Bengal,India,2025-07-09,Regular
8728,Nachiket Kibe,customer8728@example.com,Chennai,Tamil Nadu,India,2024-11-29,Premium
8729,Xalak Lalla,customer8729@example.com,Delhi,Delhi,India,2024-08-20,Regular
8730,Adweta Nayar,customer8730@example.com,Visakhapatnam,Andhra Pradesh,India,2025-11-06,Regular
8731,Irya Shan,customer8731@example.com,Kochi,Kerala,India,2023-08-10,Premium
8732,Oscar Sen,customer8732@example.com,Visakhapatnam,Andhra Pradesh,India,2025-04-25,Premium
8733,Waida Mani,customer8733@example.com,Ahmedabad,Gujarat,India,2022-08-23,Premium
8734,Hredhaan Wadhwa,customer8734@example.com,Kochi,Kerala,India,2022-03-23,Premium
8735,Maanav Mammen,customer8735@example.com,Ahmedabad,Gujarat,India,2022-12-12,New
8736,Tanay Joshi,customer8736@example.com,Warangal,Telangana,India,2021-03-15,Regular
8737,Vamakshi Ram,customer8737@example.com,Chennai,Tamil Nadu,India,2024-05-09,Regular
8738,Nilima Madan,customer8738@example.com,Delhi,Delhi,India,2021-11-15,Occasional
8739,Banjeet Mall,customer8739@example.com,Pune,Maharashtra,India,2021-04-05,New
8740,Jeevika Chaudhary,customer8740@example.com,Coimbatore,Tamil Nadu,India,2024-04-24,Regular
8741,Krishna Kashyap,customer8741@example.com,Hyderabad,Telangana,India,2021-09-08,Occasional
8742,Jason Babu,customer8742@example.com,Hyderabad,Telangana,India,2025-04-17,Occasional
8743,Laban Deep,customer8743@example.com,Kochi,Kerala,India,2023-12-25,Regular
8744,Baljiwan Sood,customer8744@example.com,Chennai,Tamil Nadu,India,2025-07-11,Occasional
8745,Ishanvi Gara,customer8745@example.com,Bhopal,Madhya Pradesh,India,2023-06-27,Regular
8746,Riya Salvi,customer8746@example.com,Kolkata,West Bengal,India,2025-06-22,Regular
8747,Anjali Gopal,customer8747@example.com,Coimbatore,Tamil Nadu,India,2025-03-04,Regular
8748,Eesha Lanka,customer8748@example.com,Bhopal,Madhya Pradesh,India,2022-10-03,Premium
8749,Tanmayi Hari,customer8749@example.com,Jaipur,Rajasthan,India,2022-11-06,New
8750,Zinal Kalita,customer8750@example.com,Ahmedabad,Gujarat,India,2022-02-18,Occasional
8751,Fariq Padmanabhan,customer8751@example.com,Visakhapatnam,Andhra Pradesh,India,2024-07-23,Occasional
8752,Advik Devi,customer8752@example.com,Visakhapatnam,Andhra Pradesh,India,2022-01-07,Regular
8753,Vrishti Sastry,customer8753@example.com,Jaipur,Rajasthan,India,2024-03-24,Regular
8754,Aarini Hari,customer8754@example.com,Kolkata,West Bengal,India,2022-05-29,Occasional
8755,Lavanya Oza,customer8755@example.com,Delhi,Delhi,India,2023-02-21,Regular
8756,Ekansh Patel,customer8756@example.com,Delhi,Delhi,India,2022-11-04,Premium
8757,Yuvraj Choudhury,customer8757@example.com,Warangal,Telangana,India,2024-01-13,Occasional
8758,Pratyush Agrawal,customer8758@example.com,Kochi,Kerala,India,2021-03-23,Premium
8759,Dominic Setty,customer8759@example.com,Visakhapatnam,Andhra Pradesh,India,2025-10-07,Premium
8760,Janaki Behl,customer8760@example.com,Mumbai,Maharashtra,India,2022-11-21,Regular
8761,Viraj Sibal,customer8761@example.com,Kolkata,West Bengal,India,2025-01-19,Occasional
8762,Henry De,customer8762@example.com,Bhopal,Madhya Pradesh,India,2024-10-27,Regular
8763,Anvi Chada,customer8763@example.com,Coimbatore,Tamil Nadu,India,2025-01-19,Regular
8764,Charan Dutta,customer8764@example.com,Pune,Maharashtra,India,2023-08-26,New
8765,Avi Vora,customer8765@example.com,Coimbatore,Tamil Nadu,India,2024-11-11,New
8766,Andrew Acharya,customer8766@example.com,Ahmedabad,Gujarat,India,2022-04-10,Regular
8767,Matthew Gera,customer8767@example.com,Kochi,Kerala,India,2021-07-02,Occasional
8768,Frederick Dugar,customer8768@example.com,Vijayawada,Andhra Pradesh,India,2021-03-27,Regular
8769,Idika Gole,customer8769@example.com,Ahmedabad,Gujarat,India,2022-01-12,New
8770,Odika Barad,customer8770@example.com,Jaipur,Rajasthan,India,2023-02-02,Regular
8771,Shaurya Borra,customer8771@example.com,Kochi,Kerala,India,2022-02-13,Regular
8772,Indali Contractor,customer8772@example.com,Kolkata,West Bengal,India,2023-10-16,Regular
8773,Sanaya Balan,customer8773@example.com,Vijayawada,Andhra Pradesh,India,2024-11-30,Regular
8774,Ronith Atwal,customer8774@example.com,Pune,Maharashtra,India,2022-09-07,Regular
8775,Radha Aggarwal,customer8775@example.com,Jaipur,Rajasthan,India,2025-09-08,Regular
8776,Udyati Nayar,customer8776@example.com,Mumbai,Maharashtra,India,2023-05-30,Regular
8777,Ati Dara,customer8777@example.com,Bhopal,Madhya Pradesh,India,2021-02-06,Regular
8778,Champak Sawhney,customer8778@example.com,Mumbai,Maharashtra,India,2022-11-18,Regular
8779,Wakeeta Palla,customer8779@example.com,Chennai,Tamil Nadu,India,2025-05-14,Regular
8780,Ekta Oak,customer8780@example.com,Bhopal,Madhya Pradesh,India,2025-05-22,Regular
8781,Abdul Nigam,customer8781@example.com,Chennai,Tamil Nadu,India,2025-08-09,Regular
8782,Chavvi Nayak,customer8782@example.com,Pune,Maharashtra,India,2025-11-22,New
8783,Raksha Goda,customer8783@example.com,Chennai,Tamil Nadu,India,2021-05-14,Occasional
8784,Nitara Manne,customer8784@example.com,Ahmedabad,Gujarat,India,2023-02-10,Occasional
8785,Sanaya Gokhale,customer8785@example.com,Mumbai,Maharashtra,India,2024-05-07,Regular
8786,Harinakshi Chawla,customer8786@example.com,Delhi,Delhi,India,2025-04-08,Occasional
8787,Bhavna Desai,customer8787@example.com,Chennai,Tamil Nadu,India,2025-08-06,Occasional
8788,Upkaar Madan,customer8788@example.com,Bhopal,Madhya Pradesh,India,2021-05-03,Occasional
8789,Aashi Rattan,customer8789@example.com,Kochi,Kerala,India,2023-10-04,Occasional
8790,Vidhi Raju,customer8790@example.com,Mumbai,Maharashtra,India,2022-03-31,Regular
8791,Chakrika Jaggi,customer8791@example.com,Visakhapatnam,Andhra Pradesh,India,2023-03-22,Regular
8792,Hredhaan Sandal,customer8792@example.com,Ahmedabad,Gujarat,India,2025-11-19,Regular
8793,Aahana Bandi,customer8793@example.com,Chennai,Tamil Nadu,India,2024-03-19,Occasional
8794,Yasti Parsa,customer8794@example.com,Jaipur,Rajasthan,India,2024-10-04,Regular
8795,Sanya Madan,customer8795@example.com,Warangal,Telangana,India,2025-07-14,Occasional
8796,Chatura Rana,customer8796@example.com,Bhopal,Madhya Pradesh,India,2021-08-23,Regular
8797,Matthew Sanghvi,customer8797@example.com,Chennai,Tamil Nadu,India,2024-09-18,Regular
8798,Yamini Sem,customer8798@example.com,Kochi,Kerala,India,2023-06-20,Regular
8799,Edhitha Kalita,customer8799@example.com,Pune,Maharashtra,India,2023-01-04,Regular
8800,Charles Bora,customer8800@example.com,Visakhapatnam,Andhra Pradesh,India,2024-11-13,Occasional
8801,Simon Choudhary,customer8801@example.com,Pune,Maharashtra,India,2022-05-13,Regular
8802,Ishani Vig,customer8802@example.com,Kolkata,West Bengal,India,2024-09-01,Occasional
8803,Yatin Sarna,customer8803@example.com,Bhopal,Madhya Pradesh,India,2022-04-03,Regular
8804,Anamika Sarraf,customer8804@example.com,Ahmedabad,Gujarat,India,2025-08-26,Regular
8805,Balveer Subramanian,customer8805@example.com,Mumbai,Maharashtra,India,2021-01-09,Regular
8806,Hemangini Bir,customer8806@example.com,Mumbai,Maharashtra,India,2022-09-17,Premium
8807,Kashvi Ramesh,customer8807@example.com,Delhi,Delhi,India,2025-05-01,Occasional
8808,Rachana Dewan,customer8808@example.com,Delhi,Delhi,India,2025-12-07,Premium
8809,Nathan Singh,customer8809@example.com,Chennai,Tamil Nadu,India,2021-06-05,Occasional
8810,Watika Dalal,customer8810@example.com,Mumbai,Maharashtra,India,2022-10-10,New
8811,Lopa Sule,customer8811@example.com,Kolkata,West Bengal,India,2022-03-15,New
8812,Mohammed Krish,customer8812@example.com,Ahmedabad,Gujarat,India,2022-07-28,Regular
8813,Harita Shankar,customer8813@example.com,Mumbai,Maharashtra,India,2021-01-16,Regular
8814,Ishwar Pillai,customer8814@example.com,Delhi,Delhi,India,2025-04-21,Regular
8815,Dalaja Golla,customer8815@example.com,Hyderabad,Telangana,India,2022-12-29,New
8816,Lajita Bahri,customer8816@example.com,Visakhapatnam,Andhra Pradesh,India,2023-11-24,New
8817,Gauri Swaminathan,customer8817@example.com,Jaipur,Rajasthan,India,2021-01-22,Premium
8818,Nikita Batra,customer8818@example.com,Delhi,Delhi,India,2025-07-29,Regular
8819,Samaksh Luthra,customer8819@example.com,Warangal,Telangana,India,2022-10-01,Premium
8820,Nidra Nigam,customer8820@example.com,Warangal,Telangana,India,2021-08-16,Regular
8821,Yutika Naidu,customer8821@example.com,Kochi,Kerala,India,2022-08-11,New
8822,Sachi Sastry,customer8822@example.com,Hyderabad,Telangana,India,2024-09-09,Occasional
8823,Caleb Sandhu,customer8823@example.com,Mumbai,Maharashtra,India,2021-03-27,Premium
8824,Wishi Magar,customer8824@example.com,Ahmedabad,Gujarat,India,2021-05-17,Regular
8825,Arunima Khatri,customer8825@example.com,Kochi,Kerala,India,2024-03-18,Premium
8826,Azad Behl,customer8826@example.com,Vijayawada,Andhra Pradesh,India,2023-02-09,Occasional
8827,Vinaya More,customer8827@example.com,Chennai,Tamil Nadu,India,2023-05-14,Premium
8828,Lila Sarma,customer8828@example.com,Visakhapatnam,Andhra Pradesh,India,2023-06-01,Regular
8829,William Thakur,customer8829@example.com,Hyderabad,Telangana,India,2021-09-14,Premium
8830,Quincy Buch,customer8830@example.com,Jaipur,Rajasthan,India,2024-11-25,Occasional
8831,Vrishti Mitra,customer8831@example.com,Mumbai,Maharashtra,India,2024-01-17,Regular
8832,Aadhya Prasad,customer8832@example.com,Chennai,Tamil Nadu,India,2021-01-20,Regular
8833,Pushti Dara,customer8833@example.com,Jaipur,Rajasthan,India,2025-04-08,Regular
8834,Bina Zacharia,customer8834@example.com,Mumbai,Maharashtra,India,2025-06-15,New
8835,Ekalinga Mahal,customer8835@example.com,Pune,Maharashtra,India,2025-04-01,Occasional
8836,Yashawini Pathak,customer8836@example.com,Bengaluru,Karnataka,India,2022-06-14,Premium
8837,Zashil Chopra,customer8837@example.com,Jaipur,Rajasthan,India,2022-12-28,Regular
8838,Oscar Sahota,customer8838@example.com,Chennai,Tamil Nadu,India,2025-04-13,Regular
8839,Orinder Butala,customer8839@example.com,Coimbatore,Tamil Nadu,India,2022-10-06,Regular
8840,Samarth Kanda,customer8840@example.com,Ahmedabad,Gujarat,India,2022-05-16,Regular
8841,Jason Murthy,customer8841@example.com,Bengaluru,Karnataka,India,2025-11-26,Premium
8842,Akshay Shenoy,customer8842@example.com,Vijayawada,Andhra Pradesh,India,2025-10-16,Regular
8843,Lakshit Ahuja,customer8843@example.com,Mumbai,Maharashtra,India,2022-01-17,Occasional
8844,Yasti Kuruvilla,customer8844@example.com,Warangal,Telangana,India,2023-06-19,Premium
8845,Sudiksha Subramanian,customer8845@example.com,Coimbatore,Tamil Nadu,India,2023-12-27,Regular
8846,Amaira Choudhry,customer8846@example.com,Chennai,Tamil Nadu,India,2021-08-09,Regular
8847,Madhavi Amble,customer8847@example.com,Bengaluru,Karnataka,India,2024-12-14,Occasional
8848,Omisha Kashyap,customer8848@example.com,Bhopal,Madhya Pradesh,India,2023-07-11,Regular
8849,Hardik Ratti,customer8849@example.com,Warangal,Telangana,India,2025-11-27,Premium
8850,Ria Rattan,customer8850@example.com,Visakhapatnam,Andhra Pradesh,India,2023-08-22,Regular
8851,Mugdha Pradhan,customer8851@example.com,Jaipur,Rajasthan,India,2025-03-08,Occasional
8852,Lekha Rattan,customer8852@example.com,Coimbatore,Tamil Nadu,India,2025-01-12,Regular
8853,Meera Batra,customer8853@example.com,Chennai,Tamil Nadu,India,2023-02-22,Regular
8854,Jeremiah Anand,customer8854@example.com,Coimbatore,Tamil Nadu,India,2025-10-13,Premium
8855,Logan Sarin,customer8855@example.com,Vijayawada,Andhra Pradesh,India,2025-04-03,Regular
8856,Ekani Goyal,customer8856@example.com,Bengaluru,Karnataka,India,2023-08-24,Occasional
8857,Januja Bhatia,customer8857@example.com,Delhi,Delhi,India,2021-08-08,Occasional
8858,Krish Thaker,customer8858@example.com,Kochi,Kerala,India,2023-06-13,Regular
8859,Upadhriti Patel,customer8859@example.com,Ahmedabad,Gujarat,India,2025-02-24,Occasional
8860,Lucky Ganesan,customer8860@example.com,Chennai,Tamil Nadu,India,2023-07-19,Occasional
8861,Faraj Pathak,customer8861@example.com,Kolkata,West Bengal,India,2021-01-16,Regular
8862,Onkar Yadav,customer8862@example.com,Bhopal,Madhya Pradesh,India,2021-05-07,Regular
8863,Rachana Majumdar,customer8863@example.com,Pune,Maharashtra,India,2024-12-23,Premium
8864,Lajita Srinivas,customer8864@example.com,Ahmedabad,Gujarat,India,2021-04-18,Regular
8865,Oeshi Sankaran,customer8865@example.com,Coimbatore,Tamil Nadu,India,2022-03-11,Regular
8866,Yatan Gaba,customer8866@example.com,Chennai,Tamil Nadu,India,2022-09-21,Regular
8867,Yug Bhakta,customer8867@example.com,Vijayawada,Andhra Pradesh,India,2021-09-30,Premium
8868,Ranveer Khare,customer8868@example.com,Coimbatore,Tamil Nadu,India,2022-08-26,Occasional
8869,Farhan Chopra,customer8869@example.com,Delhi,Delhi,India,2023-01-22,Regular
8870,Ansh Rattan,customer8870@example.com,Delhi,Delhi,India,2021-12-15,Regular
8871,Yachana Wali,customer8871@example.com,Pune,Maharashtra,India,2024-01-04,Regular
8872,Wishi Nagarajan,customer8872@example.com,Mumbai,Maharashtra,India,2023-10-02,Regular
8873,Bimala Parekh,customer8873@example.com,Mumbai,Maharashtra,India,2024-02-29,Occasional
8874,Hemang Oza,customer8874@example.com,Delhi,Delhi,India,2022-04-22,Regular
8875,Reyansh Sabharwal,customer8875@example.com,Kolkata,West Bengal,India,2021-08-21,New
8876,Hiral Sha,customer8876@example.com,Visakhapatnam,Andhra Pradesh,India,2024-11-22,New
8877,Edhitha Bora,customer8877@example.com,Chennai,Tamil Nadu,India,2025-06-14,Regular
8878,Yachana Shan,customer8878@example.com,Warangal,Telangana,India,2024-11-08,Regular
8879,Falguni Palla,customer8879@example.com,Kochi,Kerala,India,2021-10-04,Premium
8880,Rachana Kota,customer8880@example.com,Jaipur,Rajasthan,India,2024-05-19,Regular
8881,Rajeshri Krishna,customer8881@example.com,Delhi,Delhi,India,2022-09-24,Premium
8882,Lohit Narain,customer8882@example.com,Delhi,Delhi,India,2021-08-01,Occasional
8883,Jason Choudhry,customer8883@example.com,Bhopal,Madhya Pradesh,India,2024-04-17,Regular
8884,Aishani Samra,customer8884@example.com,Delhi,Delhi,India,2024-09-04,Regular
8885,Oviya Ganguly,customer8885@example.com,Chennai,Tamil Nadu,India,2023-08-11,Regular
8886,Bhanumati Devan,customer8886@example.com,Bhopal,Madhya Pradesh,India,2022-09-01,New
8887,Jackson Sundaram,customer8887@example.com,Kolkata,West Bengal,India,2024-09-02,Regular
8888,Radha Srivastava,customer8888@example.com,Chennai,Tamil Nadu,India,2024-11-22,Occasional
8889,Gautam Agrawal,customer8889@example.com,Visakhapatnam,Andhra Pradesh,India,2025-10-21,Regular
8890,Faraj Bhardwaj,customer8890@example.com,Ahmedabad,Gujarat,India,2022-02-12,Occasional
8891,Aditya Guha,customer8891@example.com,Coimbatore,Tamil Nadu,India,2023-08-30,Premium
8892,Nathan Chaudhuri,customer8892@example.com,Delhi,Delhi,India,2025-08-05,Regular
8893,Jasmit Borra,customer8893@example.com,Kochi,Kerala,India,2022-02-04,Regular
8894,Anusha Pandey,customer8894@example.com,Vijayawada,Andhra Pradesh,India,2025-11-13,New
8895,Dalaja Madan,customer8895@example.com,Warangal,Telangana,India,2024-04-03,Regular
8896,Matthew Banik,customer8896@example.com,Ahmedabad,Gujarat,India,2024-07-19,Premium
8897,Gayathri Sandal,customer8897@example.com,Warangal,Telangana,India,2021-10-19,Regular
8898,Warinder Kala,customer8898@example.com,Mumbai,Maharashtra,India,2024-06-21,Regular
8899,Nachiket Mani,customer8899@example.com,Mumbai,Maharashtra,India,2024-01-02,Premium
8900,Leela Dave,customer8900@example.com,Delhi,Delhi,India,2022-08-09,Regular
8901,Gavin Malhotra,customer8901@example.com,Bhopal,Madhya Pradesh,India,2023-10-01,Regular
8902,Chatresh Talwar,customer8902@example.com,Delhi,Delhi,India,2021-02-15,Regular
8903,Bhanumati Bhatti,customer8903@example.com,Ahmedabad,Gujarat,India,2023-09-03,Premium
8904,Darsh Dhaliwal,customer8904@example.com,Coimbatore,Tamil Nadu,India,2023-05-01,Premium
8905,Ranveer Pal,customer8905@example.com,Hyderabad,Telangana,India,2023-05-30,Regular
8906,Ati Pillay,customer8906@example.com,Kochi,Kerala,India,2021-06-03,Occasional
8907,Yatin Gour,customer8907@example.com,Coimbatore,Tamil Nadu,India,2021-02-14,New
8908,Udyati Bakshi,customer8908@example.com,Bengaluru,Karnataka,India,2025-05-21,Regular
8909,Anamika Agrawal,customer8909@example.com,Kolkata,West Bengal,India,2022-03-11,New
8910,Gabriel Bajwa,customer8910@example.com,Bhopal,Madhya Pradesh,India,2023-07-29,Regular
8911,Veda Char,customer8911@example.com,Hyderabad,Telangana,India,2021-02-07,Occasional
8912,Warinder Narasimhan,customer8912@example.com,Chennai,Tamil Nadu,India,2025-09-28,Regular
8913,Vrinda Soman,customer8913@example.com,Warangal,Telangana,India,2023-01-21,Premium
8914,Rajata Pant,customer8914@example.com,Warangal,Telangana,India,2022-11-17,Regular
8915,Ridhi Rao,customer8915@example.com,Kochi,Kerala,India,2023-12-03,Regular
8916,Joshua Sawhney,customer8916@example.com,Warangal,Telangana,India,2021-07-21,Occasional
8917,Umang Nazareth,customer8917@example.com,Ahmedabad,Gujarat,India,2024-01-15,Occasional
8918,Hredhaan Mani,customer8918@example.com,Vijayawada,Andhra Pradesh,India,2023-09-23,Regular
8919,Pranit Ramachandran,customer8919@example.com,Ahmedabad,Gujarat,India,2024-12-25,New
8920,Hitesh Nori,customer8920@example.com,Chennai,Tamil Nadu,India,2024-06-16,Occasional
8921,Joshua Lata,customer8921@example.com,Pune,Maharashtra,India,2023-02-07,Occasional
8922,Charan Dewan,customer8922@example.com,Kochi,Kerala,India,2022-07-11,Regular
8923,Daniel Chaudhari,customer8923@example.com,Coimbatore,Tamil Nadu,India,2021-08-03,Premium
8924,Tristan Krish,customer8924@example.com,Ahmedabad,Gujarat,India,2022-10-08,Occasional
8925,Rajeshri Dugar,customer8925@example.com,Delhi,Delhi,India,2025-11-05,Premium
8926,Yamini Golla,customer8926@example.com,Hyderabad,Telangana,India,2025-01-08,Regular
8927,Urvashi Gulati,customer8927@example.com,Coimbatore,Tamil Nadu,India,2023-06-14,Premium
8928,Karan Bassi,customer8928@example.com,Coimbatore,Tamil Nadu,India,2022-10-31,Regular
8929,Isaac Choudhary,customer8929@example.com,Pune,Maharashtra,India,2022-11-18,Regular
8930,Hiral Kibe,customer8930@example.com,Mumbai,Maharashtra,India,2022-04-05,Regular
8931,Divya Shere,customer8931@example.com,Kolkata,West Bengal,India,2025-10-29,Regular
8932,Pratyush Chad,customer8932@example.com,Warangal,Telangana,India,2021-09-29,Occasional
8933,Rachit Goel,customer8933@example.com,Bengaluru,Karnataka,India,2021-10-06,Regular
8934,Eshana Chakrabarti,customer8934@example.com,Kochi,Kerala,India,2021-04-15,Premium
8935,Anya Krishnamurthy,customer8935@example.com,Delhi,Delhi,India,2021-05-23,Premium
8936,Zayan Kale,customer8936@example.com,Mumbai,Maharashtra,India,2022-08-13,Regular
8937,Bina Krishnamurthy,customer8937@example.com,Kochi,Kerala,India,2024-05-03,Regular
8938,Omya Chander,customer8938@example.com,Kochi,Kerala,India,2022-10-16,Regular
8939,Naksh Amble,customer8939@example.com,Ahmedabad,Gujarat,India,2023-02-25,Occasional
8940,Mason Gandhi,customer8940@example.com,Bhopal,Madhya Pradesh,India,2021-06-25,Regular
8941,Xiti Khare,customer8941@example.com,Visakhapatnam,Andhra Pradesh,India,2024-10-03,New
8942,Triya Trivedi,customer8942@example.com,Pune,Maharashtra,India,2023-09-19,Occasional
8943,Ekaja Subramaniam,customer8943@example.com,Jaipur,Rajasthan,India,2021-05-26,Occasional
8944,Tejas Guha,customer8944@example.com,Vijayawada,Andhra Pradesh,India,2021-11-27,Regular
8945,Tejas Baral,customer8945@example.com,Mumbai,Maharashtra,India,2025-08-06,Regular
8946,Caleb Bhasin,customer8946@example.com,Delhi,Delhi,India,2021-02-14,Regular
8947,Logan Oommen,customer8947@example.com,Coimbatore,Tamil Nadu,India,2024-08-07,Regular
8948,Vamakshi Sehgal,customer8948@example.com,Kochi,Kerala,India,2025-05-18,Premium
8949,Neha Pingle,customer8949@example.com,Warangal,Telangana,India,2023-10-25,Regular
8950,Jai Srinivas,customer8950@example.com,Pune,Maharashtra,India,2025-09-10,Occasional
8951,Turvi Bala,customer8951@example.com,Warangal,Telangana,India,2022-05-30,Regular
8952,Anusha Sama,customer8952@example.com,Delhi,Delhi,India,2023-01-20,Regular
8953,Qarin Mangat,customer8953@example.com,Mumbai,Maharashtra,India,2022-11-04,Regular
8954,Odika Wadhwa,customer8954@example.com,Pune,Maharashtra,India,2024-03-22,Regular
8955,Gaurika Minhas,customer8955@example.com,Kochi,Kerala,India,2023-06-05,Premium
8956,Gaurangi Dara,customer8956@example.com,Delhi,Delhi,India,2024-06-30,Occasional
8957,Warda Jani,customer8957@example.com,Kochi,Kerala,India,2024-12-17,Premium
8958,Yutika Peri,customer8958@example.com,Coimbatore,Tamil Nadu,India,2023-09-02,Regular
8959,Meghana Raju,customer8959@example.com,Kochi,Kerala,India,2021-12-03,Occasional
8960,Nilima Narang,customer8960@example.com,Visakhapatnam,Andhra Pradesh,India,2024-01-21,Occasional
8961,Benjamin Karnik,customer8961@example.com,Delhi,Delhi,India,2024-07-03,Regular
8962,Divya Dube,customer8962@example.com,Hyderabad,Telangana,India,2022-11-12,New
8963,Anita Varty,customer8963@example.com,Bhopal,Madhya Pradesh,India,2022-07-21,Regular
8964,Gaurang Anand,customer8964@example.com,Kolkata,West Bengal,India,2023-03-08,Regular
8965,Qarin Datta,customer8965@example.com,Vijayawada,Andhra Pradesh,India,2025-10-19,Regular
8966,Alka Nigam,customer8966@example.com,Bhopal,Madhya Pradesh,India,2023-10-11,Regular
8967,Jyoti Hora,customer8967@example.com,Bengaluru,Karnataka,India,2024-01-03,Regular
8968,Victor Sundaram,customer8968@example.com,Hyderabad,Telangana,India,2024-11-08,Regular
8969,Chakradev Mahajan,customer8969@example.com,Bengaluru,Karnataka,India,2024-05-16,Occasional
8970,Maanas Sanghvi,customer8970@example.com,Bhopal,Madhya Pradesh,India,2021-08-06,Premium
8971,Dakshesh Goyal,customer8971@example.com,Pune,Maharashtra,India,2023-08-12,Premium
8972,Faras Kannan,customer8972@example.com,Kolkata,West Bengal,India,2025-01-06,New
8973,Praneel Dhar,customer8973@example.com,Bhopal,Madhya Pradesh,India,2025-02-21,Occasional
8974,Sai Pathak,customer8974@example.com,Delhi,Delhi,India,2022-01-14,Premium
8975,Ranveer Dua,customer8975@example.com,Mumbai,Maharashtra,India,2022-04-07,Regular
8976,Bachittar Chahal,customer8976@example.com,Ahmedabad,Gujarat,India,2022-06-01,Regular
8977,Kiaan Lad,customer8977@example.com,Hyderabad,Telangana,India,2023-08-08,New
8978,Rachana Narasimhan,customer8978@example.com,Coimbatore,Tamil Nadu,India,2021-03-21,Occasional
8979,Upadhriti Yohannan,customer8979@example.com,Warangal,Telangana,India,2022-09-08,Regular
8980,Wishi Rau,customer8980@example.com,Chennai,Tamil Nadu,India,2022-10-22,Regular
8981,Chandresh Sarma,customer8981@example.com,Ahmedabad,Gujarat,India,2024-11-23,Regular
8982,Deepa Mitter,customer8982@example.com,Warangal,Telangana,India,2025-04-21,Premium
8983,Manya Purohit,customer8983@example.com,Vijayawada,Andhra Pradesh,India,2024-05-25,Regular
8984,Raagini Agrawal,customer8984@example.com,Hyderabad,Telangana,India,2023-08-17,Premium
8985,Shivansh Vasa,customer8985@example.com,Chennai,Tamil Nadu,India,2025-10-22,Regular
8986,Ishani Babu,customer8986@example.com,Pune,Maharashtra,India,2024-06-23,Premium
8987,Gautami Golla,customer8987@example.com,Delhi,Delhi,India,2025-07-03,Regular
8988,Noah Sood,customer8988@example.com,Jaipur,Rajasthan,India,2023-11-05,Regular
8989,Lajita Dhingra,customer8989@example.com,Jaipur,Rajasthan,India,2022-07-27,Regular
8990,Falak Sem,customer8990@example.com,Pune,Maharashtra,India,2022-10-17,Premium
8991,Yash Modi,customer8991@example.com,Ahmedabad,Gujarat,India,2022-05-09,Regular
8992,Urvashi Bhakta,customer8992@example.com,Bhopal,Madhya Pradesh,India,2024-07-06,Regular
8993,Peter Hans,customer8993@example.com,Kolkata,West Bengal,India,2023-04-21,Regular
8994,Zayan Sani,customer8994@example.com,Ahmedabad,Gujarat,India,2023-01-19,Premium
8995,Henry Batra,customer8995@example.com,Kochi,Kerala,India,2024-07-17,Regular
8996,Chanchal Raju,customer8996@example.com,Vijayawada,Andhra Pradesh,India,2024-01-04,Regular
8997,Kritika Varghese,customer8997@example.com,Warangal,Telangana,India,2021-09-28,New
8998,Yadavi Raju,customer8998@example.com,Bengaluru,Karnataka,India,2024-05-14,New
8999,Omkaar Magar,customer8999@example.com,Delhi,Delhi,India,2025-06-04,Regular
9000,Anirudh Korpal,customer9000@example.com,Vijayawada,Andhra Pradesh,India,2023-02-18,Regular
9001,Zinal Sane,customer9001@example.com,Vijayawada,Andhra Pradesh,India,2024-01-25,Regular
9002,Gabriel Karpe,customer9002@example.com,Bengaluru,Karnataka,India,2023-10-04,Premium
9003,Champak Zachariah,customer9003@example.com,Bhopal,Madhya Pradesh,India,2023-07-21,Regular
9004,Harrison Kota,customer9004@example.com,Jaipur,Rajasthan,India,2022-12-09,Regular
9005,Jairaj Rana,customer9005@example.com,Delhi,Delhi,India,2025-08-19,Regular
9006,Amrita Singh,customer9006@example.com,Hyderabad,Telangana,India,2025-12-05,Regular
9007,Krishna Jani,customer9007@example.com,Bengaluru,Karnataka,India,2024-07-31,Regular
9008,Yug Agate,customer9008@example.com,Jaipur,Rajasthan,India,2025-03-15,Regular
9009,Nathaniel Bala,customer9009@example.com,Kochi,Kerala,India,2021-10-10,Occasional
9010,Tanveer Char,customer9010@example.com,Bengaluru,Karnataka,India,2021-08-27,Regular
9011,Pranit Balasubramanian,customer9011@example.com,Jaipur,Rajasthan,India,2025-04-07,Regular
9012,Wridesh Chaudhary,customer9012@example.com,Bhopal,Madhya Pradesh,India,2021-01-19,Regular
9013,Tarak Bora,customer9013@example.com,Warangal,Telangana,India,2024-02-05,Regular
9014,Megha Kalla,customer9014@example.com,Hyderabad,Telangana,India,2022-08-29,Regular
9015,Aayush Goel,customer9015@example.com,Kolkata,West Bengal,India,2021-07-26,Occasional
9016,Vedhika Bath,customer9016@example.com,Chennai,Tamil Nadu,India,2021-09-05,Regular
9017,Jason Sandhu,customer9017@example.com,Bengaluru,Karnataka,India,2022-07-25,New
9018,Bakhshi Chowdhury,customer9018@example.com,Kolkata,West Bengal,India,2025-02-12,Premium
9019,Andrew Konda,customer9019@example.com,Visakhapatnam,Andhra Pradesh,India,2022-07-23,Regular
9020,Vedika Nagarajan,customer9020@example.com,Bhopal,Madhya Pradesh,India,2021-10-31,Regular
9021,Abhimanyu Ahluwalia,customer9021@example.com,Vijayawada,Andhra Pradesh,India,2024-05-24,New
9022,Ubika Puri,customer9022@example.com,Coimbatore,Tamil Nadu,India,2021-11-23,Regular
9023,Owen Menon,customer9023@example.com,Mumbai,Maharashtra,India,2023-12-01,Regular
9024,Aarini Kamdar,customer9024@example.com,Ahmedabad,Gujarat,India,2023-08-18,Occasional
9025,Ishaan Pradhan,customer9025@example.com,Coimbatore,Tamil Nadu,India,2025-05-05,Occasional
9026,Bhavani Tailor,customer9026@example.com,Visakhapatnam,Andhra Pradesh,India,2021-08-14,Occasional
9027,Jack Comar,customer9027@example.com,Ahmedabad,Gujarat,India,2023-08-04,Regular
9028,Sneha Apte,customer9028@example.com,Visakhapatnam,Andhra Pradesh,India,2024-12-16,Occasional
9029,Lohit Walia,customer9029@example.com,Jaipur,Rajasthan,India,2022-02-19,Regular
9030,Aachal Bera,customer9030@example.com,Mumbai,Maharashtra,India,2022-08-03,Occasional
9031,Zinal Andra,customer9031@example.com,Kochi,Kerala,India,2021-05-25,Occasional
9032,Barkha Comar,customer9032@example.com,Chennai,Tamil Nadu,India,2025-08-22,Occasional
9033,Oliver Chowdhury,customer9033@example.com,Delhi,Delhi,India,2022-07-10,Regular
9034,Aryan Prasad,customer9034@example.com,Pune,Maharashtra,India,2024-03-27,New
9035,Alka Borra,customer9035@example.com,Mumbai,Maharashtra,India,2022-10-30,Regular
9036,Liam Palla,customer9036@example.com,Vijayawada,Andhra Pradesh,India,2025-08-25,New
9037,Leena Dyal,customer9037@example.com,Hyderabad,Telangana,India,2022-08-04,New
9038,Brijesh Gade,customer9038@example.com,Mumbai,Maharashtra,India,2024-01-27,Occasional
9039,Isaac Chaudhary,customer9039@example.com,Mumbai,Maharashtra,India,2021-10-02,Premium
9040,Hiral Mannan,customer9040@example.com,Bengaluru,Karnataka,India,2024-09-18,Regular
9041,Oliver Raju,customer9041@example.com,Coimbatore,Tamil Nadu,India,2022-05-30,Occasional
9042,Harrison Chacko,customer9042@example.com,Bhopal,Madhya Pradesh,India,2025-03-16,New
9043,Yashasvi Choudhry,customer9043@example.com,Kolkata,West Bengal,India,2024-05-30,New
9044,Upadhriti Yadav,customer9044@example.com,Bhopal,Madhya Pradesh,India,2021-12-17,Premium
9045,Abhimanyu Gola,customer9045@example.com,Ahmedabad,Gujarat,India,2024-07-02,Regular
9046,Gauri Gulati,customer9046@example.com,Delhi,Delhi,India,2023-09-21,Occasional
9047,Aahana Gara,customer9047@example.com,Delhi,Delhi,India,2025-04-25,Regular
9048,Vivaan Babu,customer9048@example.com,Mumbai,Maharashtra,India,2024-09-05,Premium
9049,Banjeet Mistry,customer9049@example.com,Bengaluru,Karnataka,India,2022-06-15,Regular
9050,Hamsini Joshi,customer9050@example.com,Bhopal,Madhya Pradesh,India,2021-09-17,Occasional
9051,Advik Patel,customer9051@example.com,Kochi,Kerala,India,2021-03-13,Regular
9052,Avni Borde,customer9052@example.com,Bhopal,Madhya Pradesh,India,2022-09-06,Premium
9053,Ayaan Sem,customer9053@example.com,Delhi,Delhi,India,2021-07-08,Occasional
9054,Aarnav Wable,customer9054@example.com,Bengaluru,Karnataka,India,2023-09-29,Regular
9055,Nihal Manne,customer9055@example.com,Hyderabad,Telangana,India,2023-03-18,Regular
9056,Sanya Bhatia,customer9056@example.com,Pune,Maharashtra,India,2024-07-06,Premium
9057,Yamini Krishna,customer9057@example.com,Chennai,Tamil Nadu,India,2022-12-24,Regular
9058,Vyanjana Bawa,customer9058@example.com,Kolkata,West Bengal,India,2024-09-17,New
9059,Arjun Sengupta,customer9059@example.com,Delhi,Delhi,India,2021-01-22,Regular
9060,Chaitaly Baria,customer9060@example.com,Delhi,Delhi,India,2024-05-05,Regular
9061,Ekanta Narang,customer9061@example.com,Chennai,Tamil Nadu,India,2023-11-22,Regular
9062,Widisha Gade,customer9062@example.com,Jaipur,Rajasthan,India,2021-01-25,Occasional
9063,Suhani Savant,customer9063@example.com,Pune,Maharashtra,India,2024-10-04,Regular
9064,Rachit Bal,customer9064@example.com,Pune,Maharashtra,India,2023-01-24,Regular
9065,Kalpit Apte,customer9065@example.com,Coimbatore,Tamil Nadu,India,2022-01-02,Premium
9066,Gautam Dugar,customer9066@example.com,Warangal,Telangana,India,2024-01-27,Premium
9067,Aadhya Bala,customer9067@example.com,Vijayawada,Andhra Pradesh,India,2021-07-16,Premium
9068,Leela Walla,customer9068@example.com,Ahmedabad,Gujarat,India,2024-08-20,Regular
9069,Balveer Patla,customer9069@example.com,Bhopal,Madhya Pradesh,India,2021-04-07,Premium
9070,Chavvi Barman,customer9070@example.com,Kochi,Kerala,India,2021-04-02,Occasional
9071,Devansh Bhatti,customer9071@example.com,Visakhapatnam,Andhra Pradesh,India,2024-05-31,Regular
9072,Vaishnavi Brahmbhatt,customer9072@example.com,Hyderabad,Telangana,India,2024-12-28,Premium
9073,Chandran Ramaswamy,customer9073@example.com,Bengaluru,Karnataka,India,2021-10-03,Premium
9074,Ria Sarin,customer9074@example.com,Mumbai,Maharashtra,India,2023-04-24,New
9075,Robert Chakraborty,customer9075@example.com,Pune,Maharashtra,India,2025-05-05,Occasional
9076,Daksh Sem,customer9076@example.com,Bhopal,Madhya Pradesh,India,2022-05-24,Occasional
9077,Chameli Buch,customer9077@example.com,Pune,Maharashtra,India,2021-03-20,Occasional
9078,David Dash,customer9078@example.com,Warangal,Telangana,India,2023-02-05,Premium
9079,Gautami Ray,customer9079@example.com,Bhopal,Madhya Pradesh,India,2021-11-07,Regular
9080,Ucchal Sarna,customer9080@example.com,Warangal,Telangana,India,2025-04-02,Premium
9081,Hamsini Dayal,customer9081@example.com,Jaipur,Rajasthan,India,2024-07-16,Premium
9082,Ayush Char,customer9082@example.com,Hyderabad,Telangana,India,2023-04-13,Regular
9083,Michael Chandra,customer9083@example.com,Coimbatore,Tamil Nadu,India,2025-02-12,New
9084,Damini Narula,customer9084@example.com,Kochi,Kerala,India,2024-10-29,Regular
9085,Unnati Baria,customer9085@example.com,Delhi,Delhi,India,2021-08-22,Occasional
9086,Samesh Agrawal,customer9086@example.com,Kolkata,West Bengal,India,2022-02-05,Premium
9087,Victor Mody,customer9087@example.com,Jaipur,Rajasthan,India,2023-02-21,Regular
9088,Ria Sharma,customer9088@example.com,Coimbatore,Tamil Nadu,India,2024-11-05,Regular
9089,Ranveer Dixit,customer9089@example.com,Coimbatore,Tamil Nadu,India,2022-02-27,Regular
9090,Qabil Wali,customer9090@example.com,Bengaluru,Karnataka,India,2021-07-04,Premium
9091,Warinder Patel,customer9091@example.com,Jaipur,Rajasthan,India,2023-04-12,Occasional
9092,Owen Shanker,customer9092@example.com,Bengaluru,Karnataka,India,2025-04-09,Regular
9093,Tanveer Nori,customer9093@example.com,Vijayawada,Andhra Pradesh,India,2022-06-17,Regular
9094,Nihal Kumer,customer9094@example.com,Kolkata,West Bengal,India,2025-01-08,Regular
9095,Yahvi Rattan,customer9095@example.com,Vijayawada,Andhra Pradesh,India,2021-04-04,Regular
9096,Darika Rajagopalan,customer9096@example.com,Delhi,Delhi,India,2024-08-09,Occasional
9097,Amaira Deshmukh,customer9097@example.com,Visakhapatnam,Andhra Pradesh,India,2023-06-09,Regular
9098,Viraj Nagar,customer9098@example.com,Kolkata,West Bengal,India,2024-11-14,Occasional
9099,Karan Khatri,customer9099@example.com,Pune,Maharashtra,India,2024-05-05,New
9100,Sudiksha Ravel,customer9100@example.com,Mumbai,Maharashtra,India,2021-08-29,Regular
9101,Urvashi Kothari,customer9101@example.com,Vijayawada,Andhra Pradesh,India,2022-05-31,Occasional
9102,Wahab Muni,customer9102@example.com,Delhi,Delhi,India,2023-11-03,Occasional
9103,Nakul Bhalla,customer9103@example.com,Chennai,Tamil Nadu,India,2021-01-10,Occasional
9104,Panini Hayer,customer9104@example.com,Coimbatore,Tamil Nadu,India,2021-11-21,Regular
9105,Daniel Dada,customer9105@example.com,Pune,Maharashtra,India,2023-02-03,Regular
9106,George Prasad,customer9106@example.com,Kolkata,West Bengal,India,2023-03-25,Premium
9107,Aadhya Oza,customer9107@example.com,Bengaluru,Karnataka,India,2024-05-22,Premium
9108,Siddharth Rattan,customer9108@example.com,Hyderabad,Telangana,India,2022-07-05,Regular
9109,Qabil Kalla,customer9109@example.com,Warangal,Telangana,India,2022-06-17,Premium
9110,Tripti Balay,customer9110@example.com,Kolkata,West Bengal,India,2022-08-29,Premium
9111,Amaira Patla,customer9111@example.com,Vijayawada,Andhra Pradesh,India,2023-05-31,Premium
9112,Damini Jani,customer9112@example.com,Kochi,Kerala,India,2024-02-03,Regular
9113,Manan Chad,customer9113@example.com,Pune,Maharashtra,India,2023-04-22,Regular
9114,Unni Nori,customer9114@example.com,Vijayawada,Andhra Pradesh,India,2021-08-29,Regular
9115,Chaaya Natarajan,customer9115@example.com,Delhi,Delhi,India,2023-04-04,Premium
9116,Ojas Buch,customer9116@example.com,Visakhapatnam,Andhra Pradesh,India,2025-01-25,Occasional
9117,Praneel Mital,customer9117@example.com,Visakhapatnam,Andhra Pradesh,India,2025-09-18,Regular
9118,Yashasvi Choudhary,customer9118@example.com,Jaipur,Rajasthan,India,2024-03-22,Regular
9119,Neel Choudhry,customer9119@example.com,Vijayawada,Andhra Pradesh,India,2024-02-15,Regular
9120,Anjali Swaminathan,customer9120@example.com,Kolkata,West Bengal,India,2022-01-18,Occasional
9121,Lila Mani,customer9121@example.com,Pune,Maharashtra,India,2022-06-24,Regular
9122,Oscar Kulkarni,customer9122@example.com,Chennai,Tamil Nadu,India,2022-07-08,Regular
9123,Ekantika Kala,customer9123@example.com,Hyderabad,Telangana,India,2024-10-01,Premium
9124,Kavya Dani,customer9124@example.com,Coimbatore,Tamil Nadu,India,2025-06-30,Occasional
9125,Aarnav Bhat,customer9125@example.com,Delhi,Delhi,India,2024-01-24,Regular
9126,Jagdish Lal,customer9126@example.com,Kolkata,West Bengal,India,2024-12-14,Regular
9127,Thomas Mall,customer9127@example.com,Delhi,Delhi,India,2024-02-20,Occasional
9128,Wahab Bava,customer9128@example.com,Coimbatore,Tamil Nadu,India,2025-01-31,Regular
9129,Onveer Lad,customer9129@example.com,Bengaluru,Karnataka,India,2023-11-22,Occasional
9130,Faraj Bal,customer9130@example.com,Vijayawada,Andhra Pradesh,India,2023-10-05,New
9131,Logan Krishnamurthy,customer9131@example.com,Delhi,Delhi,India,2025-04-13,Occasional
9132,William Sridhar,customer9132@example.com,Bhopal,Madhya Pradesh,India,2024-06-10,Occasional
9133,Om Morar,customer9133@example.com,Coimbatore,Tamil Nadu,India,2025-07-21,Occasional
9134,Ekavir Luthra,customer9134@example.com,Hyderabad,Telangana,India,2022-10-01,Occasional
9135,Pavani Salvi,customer9135@example.com,Bengaluru,Karnataka,India,2024-07-15,New
9136,Avi Purohit,customer9136@example.com,Delhi,Delhi,India,2024-04-24,Premium
9137,Sanaya More,customer9137@example.com,Bhopal,Madhya Pradesh,India,2024-07-07,New
9138,Devansh Venkataraman,customer9138@example.com,Bengaluru,Karnataka,India,2021-11-15,Premium
9139,Libni Nigam,customer9139@example.com,Bengaluru,Karnataka,India,2025-03-06,Regular
9140,Faras Lata,customer9140@example.com,Jaipur,Rajasthan,India,2021-01-28,Regular
9141,Inaya Andra,customer9141@example.com,Mumbai,Maharashtra,India,2024-09-22,New
9142,Nitesh Nagar,customer9142@example.com,Vijayawada,Andhra Pradesh,India,2021-11-15,Regular
9143,Rayaan Bumb,customer9143@example.com,Hyderabad,Telangana,India,2021-01-07,Occasional
9144,Aarav Kumar,customer9144@example.com,Visakhapatnam,Andhra Pradesh,India,2024-07-14,Regular
9145,Vasana Gandhi,customer9145@example.com,Pune,Maharashtra,India,2021-06-13,Occasional
9146,Yasti Karan,customer9146@example.com,Pune,Maharashtra,India,2025-09-30,Regular
9147,Orinder Bhasin,customer9147@example.com,Warangal,Telangana,India,2022-02-20,Regular
9148,Fariq Lalla,customer9148@example.com,Coimbatore,Tamil Nadu,India,2025-09-18,New
9149,Lohit Prabhu,customer9149@example.com,Chennai,Tamil Nadu,India,2025-08-30,Regular
9150,Megha Rai,customer9150@example.com,Pune,Maharashtra,India,2021-04-24,Occasional
9151,Nihal Bali,customer9151@example.com,Coimbatore,Tamil Nadu,India,2024-11-07,Occasional
9152,Bhavika Chad,customer9152@example.com,Ahmedabad,Gujarat,India,2021-07-11,Regular
9153,Laban Kurian,customer9153@example.com,Delhi,Delhi,India,2023-05-15,Occasional
9154,Vamakshi Kapoor,customer9154@example.com,Jaipur,Rajasthan,India,2024-05-03,Regular
9155,Yatin Walla,customer9155@example.com,Jaipur,Rajasthan,India,2025-02-26,Regular
9156,Irya Pillay,customer9156@example.com,Kochi,Kerala,India,2024-08-07,New
9157,Anjali Shan,customer9157@example.com,Kochi,Kerala,India,2022-06-12,Premium
9158,Rajeshri Kala,customer9158@example.com,Vijayawada,Andhra Pradesh,India,2023-10-03,Regular
9159,Victor Balakrishnan,customer9159@example.com,Mumbai,Maharashtra,India,2025-03-02,Regular
9160,Wishi Sridhar,customer9160@example.com,Kochi,Kerala,India,2023-11-23,Regular
9161,Sathvik Ramakrishnan,customer9161@example.com,Mumbai,Maharashtra,India,2025-11-21,Regular
9162,Amol Singh,customer9162@example.com,Delhi,Delhi,India,2024-10-10,Regular
9163,Banjeet Pillay,customer9163@example.com,Kochi,Kerala,India,2023-08-27,Premium
9164,Anjali Wason,customer9164@example.com,Coimbatore,Tamil Nadu,India,2025-12-28,Occasional
9165,Aayush Mand,customer9165@example.com,Bhopal,Madhya Pradesh,India,2021-11-18,Regular
9166,Warjas Om,customer9166@example.com,Bhopal,Madhya Pradesh,India,2022-12-16,Regular
9167,Kiaan Wali,customer9167@example.com,Chennai,Tamil Nadu,India,2024-09-09,New
9168,Leela Sandal,customer9168@example.com,Coimbatore,Tamil Nadu,India,2024-01-10,Regular
9169,Siddharth Parikh,customer9169@example.com,Kolkata,West Bengal,India,2021-02-16,Regular
9170,Maya Badal,customer9170@example.com,Bhopal,Madhya Pradesh,India,2023-08-13,Occasional
9171,Finn Garg,customer9171@example.com,Hyderabad,Telangana,India,2025-02-19,Occasional
9172,Gaurang Tella,customer9172@example.com,Visakhapatnam,Andhra Pradesh,India,2021-09-28,New
9173,Lopa Gandhi,customer9173@example.com,Mumbai,Maharashtra,India,2023-06-23,Regular
9174,Deepa Mangal,customer9174@example.com,Hyderabad,Telangana,India,2022-03-01,Regular
9175,Kalpit Mall,customer9175@example.com,Hyderabad,Telangana,India,2021-11-19,Regular
9176,Darsh Thaker,customer9176@example.com,Coimbatore,Tamil Nadu,India,2023-12-09,Regular
9177,Ekanta Ravi,customer9177@example.com,Delhi,Delhi,India,2023-12-21,Premium
9178,Gayathri Dugar,customer9178@example.com,Hyderabad,Telangana,India,2024-03-06,New
9179,Upma Setty,customer9179@example.com,Kochi,Kerala,India,2023-05-09,Occasional
9180,Sanya Sahni,customer9180@example.com,Ahmedabad,Gujarat,India,2023-10-25,Occasional
9181,Tara Kapoor,customer9181@example.com,Ahmedabad,Gujarat,India,2024-02-01,New
9182,Ira Dubey,customer9182@example.com,Hyderabad,Telangana,India,2025-02-18,Regular
9183,Onkar Garde,customer9183@example.com,Vijayawada,Andhra Pradesh,India,2023-10-24,Occasional
9184,Oni Shankar,customer9184@example.com,Visakhapatnam,Andhra Pradesh,India,2023-10-26,Occasional
9185,Vyanjana Nair,customer9185@example.com,Kochi,Kerala,India,2021-06-09,Regular
9186,Varsha Gill,customer9186@example.com,Hyderabad,Telangana,India,2022-06-12,Regular
9187,Falak Edwin,customer9187@example.com,Jaipur,Rajasthan,India,2023-05-01,Regular
9188,Watika Kumar,customer9188@example.com,Visakhapatnam,Andhra Pradesh,India,2022-10-12,Regular
9189,Lucky Bhasin,customer9189@example.com,Kochi,Kerala,India,2025-12-22,Premium
9190,Amruta Barad,customer9190@example.com,Chennai,Tamil Nadu,India,2022-11-28,New
9191,Daniel Lala,customer9191@example.com,Delhi,Delhi,India,2024-09-21,Regular
9192,Fitan Dave,customer9192@example.com,Pune,Maharashtra,India,2021-10-06,Regular
9193,Oeshi Nagarajan,customer9193@example.com,Visakhapatnam,Andhra Pradesh,India,2023-05-29,Regular
9194,Timothy Oak,customer9194@example.com,Visakhapatnam,Andhra Pradesh,India,2024-12-30,Regular
9195,Vasatika Prashad,customer9195@example.com,Pune,Maharashtra,India,2021-08-03,Regular
9196,Naveen Mane,customer9196@example.com,Kolkata,West Bengal,India,2023-02-09,Premium
9197,Devika De,customer9197@example.com,Bengaluru,Karnataka,India,2024-07-20,New
9198,Anthony Madan,customer9198@example.com,Vijayawada,Andhra Pradesh,India,2024-09-11,Regular
9199,Lohit Bains,customer9199@example.com,Visakhapatnam,Andhra Pradesh,India,2021-07-05,Regular
9200,Samarth Lall,customer9200@example.com,Mumbai,Maharashtra,India,2024-05-21,Regular
9201,Ekapad Vyas,customer9201@example.com,Bhopal,Madhya Pradesh,India,2024-06-20,Regular
9202,Ranbir Sen,customer9202@example.com,Vijayawada,Andhra Pradesh,India,2025-03-28,Regular
9203,Lavanya Palla,customer9203@example.com,Warangal,Telangana,India,2022-03-24,Occasional
9204,Yashica Barman,customer9204@example.com,Mumbai,Maharashtra,India,2022-08-09,Regular
9205,Dominic Srivastava,customer9205@example.com,Ahmedabad,Gujarat,India,2023-06-11,Occasional
9206,Chanakya Korpal,customer9206@example.com,Visakhapatnam,Andhra Pradesh,India,2021-09-22,Premium
9207,Darsh Thaman,customer9207@example.com,Bengaluru,Karnataka,India,2022-09-21,Occasional
9208,Baghyawati Chadha,customer9208@example.com,Coimbatore,Tamil Nadu,India,2024-03-07,New
9209,Zaid Saini,customer9209@example.com,Chennai,Tamil Nadu,India,2025-07-02,Premium
9210,Pratyush Babu,customer9210@example.com,Kochi,Kerala,India,2024-08-28,Occasional
9211,Tristan Sinha,customer9211@example.com,Mumbai,Maharashtra,India,2022-09-11,New
9212,Nathan Bhavsar,customer9212@example.com,Warangal,Telangana,India,2025-09-16,Occasional
9213,Ojasvi Sunder,customer9213@example.com,Pune,Maharashtra,India,2021-04-08,Premium
9214,Tanvi Sheth,customer9214@example.com,Kochi,Kerala,India,2024-07-07,Occasional
9215,Omaja Oommen,customer9215@example.com,Ahmedabad,Gujarat,India,2024-11-14,Regular
9216,Deepa Parikh,customer9216@example.com,Warangal,Telangana,India,2024-11-18,Regular
9217,Ganga Bhardwaj,customer9217@example.com,Jaipur,Rajasthan,India,2023-12-20,Regular
9218,Yamini Choudhry,customer9218@example.com,Warangal,Telangana,India,2022-10-09,Regular
9219,Saksham Parmar,customer9219@example.com,Warangal,Telangana,India,2023-10-25,Regular
9220,Chandresh Dey,customer9220@example.com,Delhi,Delhi,India,2021-12-11,Occasional
9221,Divya Prabhu,customer9221@example.com,Ahmedabad,Gujarat,India,2024-04-01,New
9222,Chandran Yogi,customer9222@example.com,Vijayawada,Andhra Pradesh,India,2022-10-01,Premium
9223,Zaid Gulati,customer9223@example.com,Bhopal,Madhya Pradesh,India,2022-02-25,Regular
9224,Janya Boase,customer9224@example.com,Kochi,Kerala,India,2021-09-13,Occasional
9225,Gayathri Balakrishnan,customer9225@example.com,Warangal,Telangana,India,2023-08-26,Regular
9226,Luke Puri,customer9226@example.com,Pune,Maharashtra,India,2024-12-14,Regular
9227,Rachana Devi,customer9227@example.com,Coimbatore,Tamil Nadu,India,2023-02-17,Occasional
9228,Lekha Sarraf,customer9228@example.com,Chennai,Tamil Nadu,India,2024-08-05,Regular
9229,Ekaja Dasgupta,customer9229@example.com,Bhopal,Madhya Pradesh,India,2023-05-25,Occasional
9230,Yashica Sood,customer9230@example.com,Pune,Maharashtra,India,2023-07-12,Premium
9231,Hredhaan Salvi,customer9231@example.com,Coimbatore,Tamil Nadu,India,2024-09-19,Regular
9232,Aadhya Deshpande,customer9232@example.com,Kochi,Kerala,India,2023-06-07,Regular
9233,Zaid Bhagat,customer9233@example.com,Kochi,Kerala,India,2024-11-08,Regular
9234,Chatresh Sarkar,customer9234@example.com,Kochi,Kerala,India,2022-06-26,Regular
9235,Vanya Ganguly,customer9235@example.com,Bengaluru,Karnataka,India,2025-10-27,Regular
9236,Bahadurjit Dugar,customer9236@example.com,Visakhapatnam,Andhra Pradesh,India,2023-12-08,Regular
9237,Yashica Jhaveri,customer9237@example.com,Jaipur,Rajasthan,India,2022-12-13,Occasional
9238,Isaac Dyal,customer9238@example.com,Warangal,Telangana,India,2024-11-11,New
9239,Aishani Wali,customer9239@example.com,Vijayawada,Andhra Pradesh,India,2024-03-08,Regular
9240,Charita Parmar,customer9240@example.com,Visakhapatnam,Andhra Pradesh,India,2025-10-04,New
9241,Gauri Bhavsar,customer9241@example.com,Kochi,Kerala,India,2021-09-14,Regular
9242,Dipta Ramesh,customer9242@example.com,Kochi,Kerala,India,2025-12-20,Regular
9243,Rachana Krishnamurthy,customer9243@example.com,Pune,Maharashtra,India,2023-06-30,Regular
9244,Wazir Ahuja,customer9244@example.com,Chennai,Tamil Nadu,India,2023-09-26,Occasional
9245,Elijah Prabhakar,customer9245@example.com,Hyderabad,Telangana,India,2021-04-04,Regular
9246,Nachiket Vora,customer9246@example.com,Hyderabad,Telangana,India,2022-06-12,Regular
9247,Jasmit Narayanan,customer9247@example.com,Hyderabad,Telangana,India,2024-03-13,New
9248,Aditya Biswas,customer9248@example.com,Bhopal,Madhya Pradesh,India,2023-03-06,Regular
9249,Vinaya Pal,customer9249@example.com,Pune,Maharashtra,India,2025-04-09,Regular
9250,Charvi Prashad,customer9250@example.com,Coimbatore,Tamil Nadu,India,2021-05-20,Premium
9251,Vedant Sampath,customer9251@example.com,Pune,Maharashtra,India,2024-11-03,Occasional
9252,Hemal Basu,customer9252@example.com,Warangal,Telangana,India,2025-03-03,Premium
9253,Dakshesh Mukherjee,customer9253@example.com,Warangal,Telangana,India,2022-02-03,Regular
9254,Veda Bali,customer9254@example.com,Ahmedabad,Gujarat,India,2021-08-27,Occasional
9255,Anamika Sampath,customer9255@example.com,Jaipur,Rajasthan,India,2025-03-19,Premium
9256,Hitesh Sachdev,customer9256@example.com,Kolkata,West Bengal,India,2021-05-14,Regular
9257,Chanchal Arora,customer9257@example.com,Ahmedabad,Gujarat,India,2021-10-31,Occasional
9258,Gagan Rajan,customer9258@example.com,Pune,Maharashtra,India,2025-02-23,Premium
9259,Vasana Naik,customer9259@example.com,Kochi,Kerala,India,2023-04-14,Premium
9260,Hemani Mani,customer9260@example.com,Coimbatore,Tamil Nadu,India,2022-07-06,Regular
9261,Jeremiah Ratta,customer9261@example.com,Chennai,Tamil Nadu,India,2022-07-11,Regular
9262,Gautam Pant,customer9262@example.com,Coimbatore,Tamil Nadu,India,2025-03-03,Regular
9263,Mahika Verma,customer9263@example.com,Hyderabad,Telangana,India,2021-06-12,Occasional
9264,Idika Parmer,customer9264@example.com,Hyderabad,Telangana,India,2025-04-28,New
9265,Ekta Patla,customer9265@example.com,Visakhapatnam,Andhra Pradesh,India,2024-12-25,New
9266,Faris Sama,customer9266@example.com,Bengaluru,Karnataka,India,2024-07-16,Occasional
9267,Caleb Khatri,customer9267@example.com,Coimbatore,Tamil Nadu,India,2024-07-12,Regular
9268,Lipika Krishna,customer9268@example.com,Bengaluru,Karnataka,India,2024-07-30,Regular
9269,Harita Prabhakar,customer9269@example.com,Coimbatore,Tamil Nadu,India,2024-06-19,Regular
9270,Odika Dada,customer9270@example.com,Warangal,Telangana,India,2023-09-02,New
9271,Sarthak Natt,customer9271@example.com,Pune,Maharashtra,India,2021-08-11,Premium
9272,Rachit Deep,customer9272@example.com,Mumbai,Maharashtra,India,2024-07-14,Occasional
9273,Falan Vaidya,customer9273@example.com,Delhi,Delhi,India,2023-03-22,Premium
9274,Megha Raval,customer9274@example.com,Mumbai,Maharashtra,India,2022-04-07,Regular
9275,Finn Dhillon,customer9275@example.com,Vijayawada,Andhra Pradesh,India,2021-07-29,Premium
9276,Devika Rama,customer9276@example.com,Bengaluru,Karnataka,India,2024-08-27,New
9277,Daksha Vora,customer9277@example.com,Jaipur,Rajasthan,India,2025-12-07,Regular
9278,Rudra Chada,customer9278@example.com,Warangal,Telangana,India,2025-02-05,Regular
9279,Udarsh Bhardwaj,customer9279@example.com,Warangal,Telangana,India,2025-11-12,New
9280,Warda Behl,customer9280@example.com,Kochi,Kerala,India,2023-12-16,Regular
9281,Lopa Goswami,customer9281@example.com,Bhopal,Madhya Pradesh,India,2023-03-19,Premium
9282,Farhan Sami,customer9282@example.com,Jaipur,Rajasthan,India,2022-07-15,Regular
9283,Wahab Agrawal,customer9283@example.com,Kochi,Kerala,India,2023-02-18,Premium
9284,Vasudha Manda,customer9284@example.com,Hyderabad,Telangana,India,2022-01-10,Regular
9285,Indrajit Sura,customer9285@example.com,Coimbatore,Tamil Nadu,India,2024-06-13,Occasional
9286,Hritik Chana,customer9286@example.com,Kochi,Kerala,India,2024-04-28,Regular
9287,Yagnesh Shukla,customer9287@example.com,Coimbatore,Tamil Nadu,India,2025-11-09,Premium
9288,Hiral Kara,customer9288@example.com,Vijayawada,Andhra Pradesh,India,2021-02-22,Regular
9289,Osha Doctor,customer9289@example.com,Jaipur,Rajasthan,India,2024-04-21,Occasional
9290,Advik Sachdev,customer9290@example.com,Ahmedabad,Gujarat,India,2022-06-24,Regular
9291,Omisha Singhal,customer9291@example.com,Ahmedabad,Gujarat,India,2022-08-09,Occasional
9292,Vritti Sha,customer9292@example.com,Warangal,Telangana,India,2022-10-03,Occasional
9293,Bimala Ganesan,customer9293@example.com,Kochi,Kerala,India,2024-03-07,New
9294,Dhruv Agarwal,customer9294@example.com,Mumbai,Maharashtra,India,2025-06-07,New
9295,Balendra Kalla,customer9295@example.com,Delhi,Delhi,India,2023-07-15,Premium
9296,Samar Badami,customer9296@example.com,Pune,Maharashtra,India,2022-05-11,Regular
9297,Darika Viswanathan,customer9297@example.com,Hyderabad,Telangana,India,2022-11-09,Premium
9298,Daksha Raj,customer9298@example.com,Warangal,Telangana,India,2022-06-25,New
9299,Joshua Karnik,customer9299@example.com,Jaipur,Rajasthan,India,2022-10-06,Premium
9300,Faris D’Alia,customer9300@example.com,Bhopal,Madhya Pradesh,India,2023-11-28,Regular
9301,Agastya Kibe,customer9301@example.com,Kolkata,West Bengal,India,2025-09-26,Occasional
9302,Pushti Narayan,customer9302@example.com,Delhi,Delhi,India,2025-08-05,Regular
9303,Liam Bhavsar,customer9303@example.com,Mumbai,Maharashtra,India,2025-04-20,Regular
9304,Ryan Bhatt,customer9304@example.com,Ahmedabad,Gujarat,India,2025-10-13,Occasional
9305,Nihal Thakkar,customer9305@example.com,Chennai,Tamil Nadu,India,2021-11-16,Premium
9306,Vedhika Balan,customer9306@example.com,Bengaluru,Karnataka,India,2021-09-02,Regular
9307,Panini Rajan,customer9307@example.com,Bhopal,Madhya Pradesh,India,2022-10-12,Regular
9308,Manya Modi,customer9308@example.com,Coimbatore,Tamil Nadu,India,2024-05-06,Premium
9309,Yashica Borah,customer9309@example.com,Kochi,Kerala,India,2025-01-31,Premium
9310,Oeshi Narain,customer9310@example.com,Chennai,Tamil Nadu,India,2023-02-05,Occasional
9311,Gayathri Anne,customer9311@example.com,Bengaluru,Karnataka,India,2025-12-12,Regular
9312,Vyanjana Bawa,customer9312@example.com,Coimbatore,Tamil Nadu,India,2022-08-22,Occasional
9313,Azaan Kar,customer9313@example.com,Ahmedabad,Gujarat,India,2022-06-22,Regular
9314,Tejas Pai,customer9314@example.com,Delhi,Delhi,India,2025-03-05,Premium
9315,Sai Dugal,customer9315@example.com,Ahmedabad,Gujarat,India,2022-09-07,Occasional
9316,Jonathan Sem,customer9316@example.com,Jaipur,Rajasthan,India,2023-02-19,Occasional
9317,Siya Chaudhari,customer9317@example.com,Kochi,Kerala,India,2023-10-23,Occasional
9318,Champak Krish,customer9318@example.com,Kolkata,West Bengal,India,2025-12-14,Regular
9319,Neha Thaker,customer9319@example.com,Hyderabad,Telangana,India,2021-06-19,Regular
9320,Tanmayi Bhavsar,customer9320@example.com,Jaipur,Rajasthan,India,2024-11-13,Occasional
9321,Forum Doshi,customer9321@example.com,Chennai,Tamil Nadu,India,2022-01-26,Occasional
9322,Ekbal Tella,customer9322@example.com,Mumbai,Maharashtra,India,2023-06-02,Regular
9323,Yashasvi Khanna,customer9323@example.com,Delhi,Delhi,India,2024-01-10,New
9324,Aayush Borah,customer9324@example.com,Delhi,Delhi,India,2025-04-27,New
9325,Aradhana Sibal,customer9325@example.com,Mumbai,Maharashtra,India,2023-10-17,Regular
9326,Odika Loyal,customer9326@example.com,Jaipur,Rajasthan,India,2024-10-04,Occasional
9327,Yatan Ratta,customer9327@example.com,Warangal,Telangana,India,2025-11-20,Occasional
9328,Indira Sastry,customer9328@example.com,Mumbai,Maharashtra,India,2021-09-21,Regular
9329,Laksh Trivedi,customer9329@example.com,Kolkata,West Bengal,India,2024-07-10,Premium
9330,Lila Chopra,customer9330@example.com,Warangal,Telangana,India,2022-06-02,Regular
9331,Amruta Bajwa,customer9331@example.com,Chennai,Tamil Nadu,India,2025-10-30,Occasional
9332,Adya Minhas,customer9332@example.com,Vijayawada,Andhra Pradesh,India,2022-02-12,Premium
9333,Ekaja Shanker,customer9333@example.com,Bengaluru,Karnataka,India,2022-08-13,Occasional
9334,Megha Bose,customer9334@example.com,Jaipur,Rajasthan,India,2025-02-01,Premium
9335,Hemal Oak,customer9335@example.com,Visakhapatnam,Andhra Pradesh,India,2023-01-09,Regular
9336,Gautam Pillai,customer9336@example.com,Vijayawada,Andhra Pradesh,India,2021-02-21,Premium
9337,Sachi Varma,customer9337@example.com,Chennai,Tamil Nadu,India,2023-12-14,Occasional
9338,Sathvik Patla,customer9338@example.com,Vijayawada,Andhra Pradesh,India,2022-08-06,Premium
9339,Alexander Dada,customer9339@example.com,Delhi,Delhi,India,2022-08-08,Premium
9340,Gagan Dube,customer9340@example.com,Chennai,Tamil Nadu,India,2025-12-05,Regular
9341,Ojasvi Rajagopal,customer9341@example.com,Warangal,Telangana,India,2024-11-29,Regular
9342,Victor Rout,customer9342@example.com,Visakhapatnam,Andhra Pradesh,India,2021-11-26,Regular
9343,Benjamin Sarma,customer9343@example.com,Warangal,Telangana,India,2021-04-17,Occasional
9344,Logan Balakrishnan,customer9344@example.com,Hyderabad,Telangana,India,2022-02-26,Regular
9345,Harish Bhavsar,customer9345@example.com,Pune,Maharashtra,India,2022-11-26,Regular
9346,Prisha Randhawa,customer9346@example.com,Bengaluru,Karnataka,India,2022-05-06,Premium
9347,Thomas Savant,customer9347@example.com,Visakhapatnam,Andhra Pradesh,India,2025-01-21,Occasional
9348,Ryan Sawhney,customer9348@example.com,Coimbatore,Tamil Nadu,India,2022-05-25,Regular
9349,Zashil Thakur,customer9349@example.com,Delhi,Delhi,India,2022-11-26,Regular
9350,Janaki Salvi,customer9350@example.com,Ahmedabad,Gujarat,India,2022-11-27,Occasional
9351,Triveni Chaudhuri,customer9351@example.com,Kolkata,West Bengal,India,2025-02-09,Occasional
9352,Idika Ravi,customer9352@example.com,Coimbatore,Tamil Nadu,India,2025-12-05,Regular
9353,Bhavini Hari,customer9353@example.com,Chennai,Tamil Nadu,India,2023-10-10,Regular
9354,Vanya Bandi,customer9354@example.com,Chennai,Tamil Nadu,India,2024-06-21,Occasional
9355,Mahika Seshadri,customer9355@example.com,Coimbatore,Tamil Nadu,India,2023-09-14,New
9356,Faqid Ramanathan,customer9356@example.com,Chennai,Tamil Nadu,India,2022-09-18,Regular
9357,Harita Madan,customer9357@example.com,Mumbai,Maharashtra,India,2023-02-20,Regular
9358,Wridesh Bedi,customer9358@example.com,Mumbai,Maharashtra,India,2024-08-15,Premium
9359,Jeet Bhardwaj,customer9359@example.com,Kolkata,West Bengal,India,2024-01-05,Regular
9360,Simon Chandra,customer9360@example.com,Kochi,Kerala,India,2022-05-15,Occasional
9361,Pahal Saini,customer9361@example.com,Hyderabad,Telangana,India,2022-03-01,Occasional
9362,Anita Tandon,customer9362@example.com,Ahmedabad,Gujarat,India,2022-02-01,Regular
9363,Bachittar Narang,customer9363@example.com,Delhi,Delhi,India,2025-04-29,Premium
9364,Damini Atwal,customer9364@example.com,Mumbai,Maharashtra,India,2025-05-22,Premium
9365,Libni Das,customer9365@example.com,Mumbai,Maharashtra,India,2021-10-09,Regular
9366,Agastya Baria,customer9366@example.com,Kochi,Kerala,India,2023-09-08,Premium
9367,Christopher Banerjee,customer9367@example.com,Kochi,Kerala,India,2021-03-21,Occasional
9368,Zilmil Toor,customer9368@example.com,Warangal,Telangana,India,2024-11-01,Regular
9369,Manya Sastry,customer9369@example.com,Pune,Maharashtra,India,2023-09-22,Regular
9370,Watika Mandal,customer9370@example.com,Chennai,Tamil Nadu,India,2022-12-22,Regular
9371,Vincent Bali,customer9371@example.com,Vijayawada,Andhra Pradesh,India,2023-01-29,Occasional
9372,Henry Kade,customer9372@example.com,Coimbatore,Tamil Nadu,India,2025-09-19,Regular
9373,Kritika Tank,customer9373@example.com,Delhi,Delhi,India,2021-11-30,Regular
9374,Luke Chopra,customer9374@example.com,Kolkata,West Bengal,India,2021-07-30,Regular
9375,Inaya Memon,customer9375@example.com,Bhopal,Madhya Pradesh,India,2022-09-17,Premium
9376,Parth Parmer,customer9376@example.com,Kochi,Kerala,India,2022-01-27,Regular
9377,Gabriel Barman,customer9377@example.com,Kolkata,West Bengal,India,2021-07-30,Regular
9378,Charita Atwal,customer9378@example.com,Ahmedabad,Gujarat,India,2022-09-02,Regular
9379,Ojas Mandal,customer9379@example.com,Bhopal,Madhya Pradesh,India,2025-12-01,Premium
9380,Dipta Sen,customer9380@example.com,Mumbai,Maharashtra,India,2021-07-15,Occasional
9381,Liam Koshy,customer9381@example.com,Ahmedabad,Gujarat,India,2021-04-23,Regular
9382,Omya Sidhu,customer9382@example.com,Warangal,Telangana,India,2025-09-30,Regular
9383,Balhaar Ram,customer9383@example.com,Visakhapatnam,Andhra Pradesh,India,2024-04-24,Regular
9384,Ekavir Jaggi,customer9384@example.com,Mumbai,Maharashtra,India,2022-05-29,Occasional
9385,Simon Singhal,customer9385@example.com,Hyderabad,Telangana,India,2023-08-21,Premium
9386,Triya Mangat,customer9386@example.com,Bhopal,Madhya Pradesh,India,2025-09-06,Premium
9387,Ansh Wable,customer9387@example.com,Bhopal,Madhya Pradesh,India,2023-06-21,Regular
9388,Nikita Khare,customer9388@example.com,Kochi,Kerala,India,2021-11-07,Regular
9389,Sara Anand,customer9389@example.com,Visakhapatnam,Andhra Pradesh,India,2022-05-16,New
9390,Lavanya Kibe,customer9390@example.com,Coimbatore,Tamil Nadu,India,2022-07-15,Regular
9391,Aayush Sodhi,customer9391@example.com,Kochi,Kerala,India,2025-05-03,New
9392,Dayamai Buch,customer9392@example.com,Bhopal,Madhya Pradesh,India,2022-01-16,Regular
9393,Jacob Kapadia,customer9393@example.com,Kolkata,West Bengal,India,2025-09-08,New
9394,Faras Singhal,customer9394@example.com,Hyderabad,Telangana,India,2022-11-25,Premium
9395,Daksh Om,customer9395@example.com,Hyderabad,Telangana,India,2025-05-02,Regular
9396,Nidra Sethi,customer9396@example.com,Vijayawada,Andhra Pradesh,India,2024-09-21,Occasional
9397,Laban Deshmukh,customer9397@example.com,Delhi,Delhi,India,2025-03-13,Regular
9398,Daniel Dugal,customer9398@example.com,Hyderabad,Telangana,India,2021-04-14,Regular
9399,Ekaja Sarma,customer9399@example.com,Bengaluru,Karnataka,India,2025-07-07,Premium
9400,Ishita Thakur,customer9400@example.com,Mumbai,Maharashtra,India,2023-04-19,Occasional
9401,Agastya Kadakia,customer9401@example.com,Delhi,Delhi,India,2022-07-31,Regular
9402,Kritika Sarma,customer9402@example.com,Kochi,Kerala,India,2024-07-21,Regular
9403,Indrajit Gara,customer9403@example.com,Chennai,Tamil Nadu,India,2025-02-27,Regular
9404,Parth Radhakrishnan,customer9404@example.com,Visakhapatnam,Andhra Pradesh,India,2023-04-08,Occasional
9405,Udyati Bhatt,customer9405@example.com,Jaipur,Rajasthan,India,2023-10-03,Regular
9406,Baghyawati Sachdeva,customer9406@example.com,Pune,Maharashtra,India,2022-08-12,Premium
9407,Januja Chandran,customer9407@example.com,Kolkata,West Bengal,India,2025-01-20,Regular
9408,Veer Sethi,customer9408@example.com,Bhopal,Madhya Pradesh,India,2023-08-19,Regular
9409,Isha Sawhney,customer9409@example.com,Hyderabad,Telangana,India,2024-01-13,Occasional
9410,Zarna Wali,customer9410@example.com,Pune,Maharashtra,India,2023-07-23,Regular
9411,Liam Saini,customer9411@example.com,Chennai,Tamil Nadu,India,2022-03-31,Regular
9412,Isaiah Verma,customer9412@example.com,Kolkata,West Bengal,India,2025-11-17,Regular
9413,Harshil Choudhury,customer9413@example.com,Ahmedabad,Gujarat,India,2024-02-09,Premium
9414,Vamakshi Krish,customer9414@example.com,Warangal,Telangana,India,2023-09-05,Premium
9415,Falan Nagarajan,customer9415@example.com,Bhopal,Madhya Pradesh,India,2022-12-23,Premium
9416,Bhavini Salvi,customer9416@example.com,Delhi,Delhi,India,2024-11-30,Occasional
9417,Jyoti Bhasin,customer9417@example.com,Chennai,Tamil Nadu,India,2025-03-17,Regular
9418,Samaksh Thaman,customer9418@example.com,Ahmedabad,Gujarat,India,2024-07-09,New
9419,Udant Lad,customer9419@example.com,Warangal,Telangana,India,2022-10-13,Premium
9420,Darpan Goel,customer9420@example.com,Ahmedabad,Gujarat,India,2024-09-10,Regular
9421,Yashodhara Sangha,customer9421@example.com,Bengaluru,Karnataka,India,2025-02-15,Regular
9422,Chandani Padmanabhan,customer9422@example.com,Chennai,Tamil Nadu,India,2021-06-10,Regular
9423,Wridesh Jhaveri,customer9423@example.com,Warangal,Telangana,India,2024-03-16,Premium
9424,Yash Mital,customer9424@example.com,Hyderabad,Telangana,India,2025-08-07,New
9425,Arya Nagi,customer9425@example.com,Delhi,Delhi,India,2024-01-23,Premium
9426,Harinakshi Bose,customer9426@example.com,Mumbai,Maharashtra,India,2024-11-05,Regular
9427,Upma Wali,customer9427@example.com,Bhopal,Madhya Pradesh,India,2023-09-12,Regular
9428,Rehaan Wason,customer9428@example.com,Chennai,Tamil Nadu,India,2022-02-19,Premium
9429,Samaksh Ganesan,customer9429@example.com,Bhopal,Madhya Pradesh,India,2025-08-17,Regular
9430,Ucchal Chakrabarti,customer9430@example.com,Warangal,Telangana,India,2023-04-17,Premium
9431,Madhavi Dyal,customer9431@example.com,Mumbai,Maharashtra,India,2024-03-18,Occasional
9432,Turvi Krishna,customer9432@example.com,Ahmedabad,Gujarat,India,2025-05-08,Occasional
9433,Pranit Kale,customer9433@example.com,Kochi,Kerala,India,2025-02-04,Regular
9434,Shaurya Padmanabhan,customer9434@example.com,Kolkata,West Bengal,India,2024-12-29,Occasional
9435,Sachi Goyal,customer9435@example.com,Ahmedabad,Gujarat,India,2023-05-18,Regular
9436,Ranbir Das,customer9436@example.com,Kochi,Kerala,India,2024-07-07,Occasional
9437,Avni Chana,customer9437@example.com,Hyderabad,Telangana,India,2022-04-27,New
9438,Liam Uppal,customer9438@example.com,Kolkata,West Bengal,India,2022-06-30,Occasional
9439,Qasim Pall,customer9439@example.com,Chennai,Tamil Nadu,India,2021-01-04,Occasional
9440,Girish Thaker,customer9440@example.com,Bhopal,Madhya Pradesh,India,2023-01-18,Regular
9441,Harita Pillai,customer9441@example.com,Warangal,Telangana,India,2024-01-26,Regular
9442,Nitesh Nadkarni,customer9442@example.com,Chennai,Tamil Nadu,India,2023-05-15,New
9443,Frederick Lal,customer9443@example.com,Mumbai,Maharashtra,India,2025-08-01,Premium
9444,Vincent Palan,customer9444@example.com,Vijayawada,Andhra Pradesh,India,2021-01-12,Regular
9445,Ayaan Jain,customer9445@example.com,Pune,Maharashtra,India,2024-06-04,Occasional
9446,Raagini Soman,customer9446@example.com,Ahmedabad,Gujarat,India,2022-05-08,Occasional
9447,Chavvi Andra,customer9447@example.com,Hyderabad,Telangana,India,2022-08-16,Occasional
9448,Lajita Parsa,customer9448@example.com,Visakhapatnam,Andhra Pradesh,India,2023-08-17,Regular
9449,Pooja Thakur,customer9449@example.com,Visakhapatnam,Andhra Pradesh,India,2024-10-08,Regular
9450,Liam Chanda,customer9450@example.com,Bengaluru,Karnataka,India,2025-12-21,Occasional
9451,Jeevika Bhasin,customer9451@example.com,Chennai,Tamil Nadu,India,2022-08-28,Occasional
9452,Orinder Zacharia,customer9452@example.com,Vijayawada,Andhra Pradesh,India,2025-06-18,Regular
9453,Libni Master,customer9453@example.com,Coimbatore,Tamil Nadu,India,2024-06-20,Regular
9454,Raksha Raju,customer9454@example.com,Bengaluru,Karnataka,India,2022-10-16,Regular
9455,Shivansh Bahri,customer9455@example.com,Hyderabad,Telangana,India,2021-06-07,Occasional
9456,Janaki Sarna,customer9456@example.com,Chennai,Tamil Nadu,India,2025-11-27,Regular
9457,Megha Sibal,customer9457@example.com,Hyderabad,Telangana,India,2022-07-05,Premium
9458,Shaurya Brahmbhatt,customer9458@example.com,Bhopal,Madhya Pradesh,India,2022-10-26,Occasional
9459,Yagnesh Babu,customer9459@example.com,Pune,Maharashtra,India,2024-05-17,Regular
9460,Lila Barman,customer9460@example.com,Bhopal,Madhya Pradesh,India,2025-09-18,Occasional
9461,Nakul Ramesh,customer9461@example.com,Coimbatore,Tamil Nadu,India,2021-11-17,Occasional
9462,Warinder Johal,customer9462@example.com,Bengaluru,Karnataka,India,2022-04-19,Occasional
9463,Chandran Varma,customer9463@example.com,Coimbatore,Tamil Nadu,India,2024-06-12,New
9464,Baghyawati Buch,customer9464@example.com,Kolkata,West Bengal,India,2023-06-02,Regular
9465,Wriddhish Kumar,customer9465@example.com,Bengaluru,Karnataka,India,2021-10-08,Regular
9466,Veer Chandran,customer9466@example.com,Ahmedabad,Gujarat,India,2022-11-23,Regular
9467,Lipika Sabharwal,customer9467@example.com,Coimbatore,Tamil Nadu,India,2021-07-09,Occasional
9468,Raagini Gola,customer9468@example.com,Warangal,Telangana,India,2022-12-31,Premium
9469,Janani Nadkarni,customer9469@example.com,Bengaluru,Karnataka,India,2022-03-23,Regular
9470,Bina Agate,customer9470@example.com,Bengaluru,Karnataka,India,2023-08-09,Regular
9471,Sudiksha Radhakrishnan,customer9471@example.com,Delhi,Delhi,India,2025-07-16,Regular
9472,Indira Borra,customer9472@example.com,Coimbatore,Tamil Nadu,India,2022-04-19,Regular
9473,Yasti Muni,customer9473@example.com,Vijayawada,Andhra Pradesh,India,2021-11-20,Regular
9474,Fariq Bansal,customer9474@example.com,Ahmedabad,Gujarat,India,2025-06-26,Occasional
9475,Caleb Bhasin,customer9475@example.com,Ahmedabad,Gujarat,India,2024-04-03,New
9476,Abeer Minhas,customer9476@example.com,Bhopal,Madhya Pradesh,India,2022-07-22,Regular
9477,Hemang Sathe,customer9477@example.com,Bhopal,Madhya Pradesh,India,2024-07-25,Regular
9478,Ryan Vaidya,customer9478@example.com,Pune,Maharashtra,India,2023-03-25,Occasional
9479,Krish Muni,customer9479@example.com,Bengaluru,Karnataka,India,2021-11-26,Occasional
9480,Arjun Saha,customer9480@example.com,Jaipur,Rajasthan,India,2023-05-13,Regular
9481,Bhavna Nagarajan,customer9481@example.com,Jaipur,Rajasthan,India,2024-04-23,Regular
9482,Manbir Borra,customer9482@example.com,Kolkata,West Bengal,India,2025-01-02,Regular
9483,Daksh Goel,customer9483@example.com,Jaipur,Rajasthan,India,2024-08-30,Occasional
9484,Siddharth Vohra,customer9484@example.com,Kolkata,West Bengal,India,2023-05-01,Regular
9485,Hiral Lata,customer9485@example.com,Mumbai,Maharashtra,India,2025-11-13,Regular
9486,Triveni Bose,customer9486@example.com,Bhopal,Madhya Pradesh,India,2023-03-01,Occasional
9487,Ucchal Garg,customer9487@example.com,Kochi,Kerala,India,2021-07-30,Occasional
9488,Arjun Ganguly,customer9488@example.com,Chennai,Tamil Nadu,India,2025-05-22,Regular
9489,Hiral Balasubramanian,customer9489@example.com,Delhi,Delhi,India,2023-01-28,Occasional
9490,Sai Chandra,customer9490@example.com,Kolkata,West Bengal,India,2024-08-15,New
9491,Vivaan Kapadia,customer9491@example.com,Coimbatore,Tamil Nadu,India,2023-02-24,Regular
9492,Xalak Buch,customer9492@example.com,Kochi,Kerala,India,2022-09-11,Occasional
9493,Edhitha Parikh,customer9493@example.com,Bhopal,Madhya Pradesh,India,2023-03-03,Premium
9494,Onkar Gandhi,customer9494@example.com,Vijayawada,Andhra Pradesh,India,2023-03-05,Occasional
9495,Naksh Ahluwalia,customer9495@example.com,Coimbatore,Tamil Nadu,India,2023-06-29,Premium
9496,Ishanvi Golla,customer9496@example.com,Kolkata,West Bengal,India,2022-07-13,Regular
9497,Liam Choudhry,customer9497@example.com,Visakhapatnam,Andhra Pradesh,India,2021-05-28,Regular
9498,Aarush Dara,customer9498@example.com,Vijayawada,Andhra Pradesh,India,2024-09-30,Occasional
9499,Qushi Ganesan,customer9499@example.com,Hyderabad,Telangana,India,2022-05-06,Regular
9500,Falak Bhandari,customer9500@example.com,Ahmedabad,Gujarat,India,2023-11-05,Occasional
9501,Laban Mallick,customer9501@example.com,Kochi,Kerala,India,2025-01-22,Premium
9502,Chakrika Khare,customer9502@example.com,Bhopal,Madhya Pradesh,India,2021-07-16,Premium
9503,Om Pau,customer9503@example.com,Coimbatore,Tamil Nadu,India,2021-06-18,Regular
9504,Vidhi Krishna,customer9504@example.com,Bhopal,Madhya Pradesh,India,2021-05-23,Premium
9505,Wriddhish Karpe,customer9505@example.com,Ahmedabad,Gujarat,India,2024-05-19,Regular
9506,Chakrika Batta,customer9506@example.com,Pune,Maharashtra,India,2025-04-21,Regular
9507,Maya Pant,customer9507@example.com,Warangal,Telangana,India,2022-12-22,Regular
9508,Amaira Dubey,customer9508@example.com,Pune,Maharashtra,India,2023-03-10,Regular
9509,Anirudh Halder,customer9509@example.com,Coimbatore,Tamil Nadu,India,2025-10-13,Regular
9510,Nirja Kumar,customer9510@example.com,Delhi,Delhi,India,2022-11-30,Regular
9511,Nisha Korpal,customer9511@example.com,Coimbatore,Tamil Nadu,India,2021-10-26,Regular
9512,Yutika Nagar,customer9512@example.com,Kochi,Kerala,India,2022-02-02,Occasional
9513,Dakshesh Magar,customer9513@example.com,Vijayawada,Andhra Pradesh,India,2021-03-05,Regular
9514,Hitesh Natt,customer9514@example.com,Ahmedabad,Gujarat,India,2025-05-08,Premium
9515,Divya Dalal,customer9515@example.com,Kolkata,West Bengal,India,2025-12-22,Premium
9516,Siddharth Shukla,customer9516@example.com,Vijayawada,Andhra Pradesh,India,2025-09-27,Regular
9517,Henry Bhargava,customer9517@example.com,Warangal,Telangana,India,2025-02-25,Occasional
9518,Zehaan Mani,customer9518@example.com,Pune,Maharashtra,India,2021-06-11,Regular
9519,Vincent Chhabra,customer9519@example.com,Visakhapatnam,Andhra Pradesh,India,2023-03-10,Regular
9520,Jeet Sundaram,customer9520@example.com,Coimbatore,Tamil Nadu,India,2021-08-11,Regular
9521,Ayushman Iyer,customer9521@example.com,Hyderabad,Telangana,India,2023-02-21,Occasional
9522,Meera Wable,customer9522@example.com,Kochi,Kerala,India,2023-03-07,Premium
9523,Meghana Narayan,customer9523@example.com,Visakhapatnam,Andhra Pradesh,India,2025-04-16,Occasional
9524,Varenya Memon,customer9524@example.com,Coimbatore,Tamil Nadu,India,2025-02-21,Occasional
9525,Nidhi Purohit,customer9525@example.com,Hyderabad,Telangana,India,2023-05-15,Premium
9526,Krishna Kanda,customer9526@example.com,Bengaluru,Karnataka,India,2021-01-16,Occasional
9527,Dalbir Master,customer9527@example.com,Kochi,Kerala,India,2024-05-08,Regular
9528,Hemang Divan,customer9528@example.com,Warangal,Telangana,India,2024-12-31,Premium
9529,Aarav Hans,customer9529@example.com,Chennai,Tamil Nadu,India,2021-01-21,Regular
9530,Yachana Dube,customer9530@example.com,Kochi,Kerala,India,2024-09-17,Premium
9531,Baghyawati Agrawal,customer9531@example.com,Kochi,Kerala,India,2024-01-10,Occasional
9532,Yatin Patla,customer9532@example.com,Visakhapatnam,Andhra Pradesh,India,2023-08-10,Regular
9533,Andrew Devan,customer9533@example.com,Kochi,Kerala,India,2021-12-30,Regular
9534,Vasudha Sastry,customer9534@example.com,Jaipur,Rajasthan,India,2024-05-15,Premium
9535,Qushi Sahota,customer9535@example.com,Bengaluru,Karnataka,India,2024-03-06,New
9536,Charan Kalla,customer9536@example.com,Pune,Maharashtra,India,2025-10-08,Regular
9537,Ronith Ratta,customer9537@example.com,Warangal,Telangana,India,2021-11-03,Occasional
9538,Tripti Murty,customer9538@example.com,Ahmedabad,Gujarat,India,2024-12-30,Regular
9539,Ekalinga Kothari,customer9539@example.com,Kochi,Kerala,India,2022-04-10,Regular
9540,Vinaya Rajan,customer9540@example.com,Bengaluru,Karnataka,India,2023-11-18,Premium
9541,Yutika Karpe,customer9541@example.com,Coimbatore,Tamil Nadu,India,2023-04-12,Premium
9542,Shaurya Parmar,customer9542@example.com,Visakhapatnam,Andhra Pradesh,India,2022-11-16,Regular
9543,Krishna Ranganathan,customer9543@example.com,Kolkata,West Bengal,India,2023-01-17,Regular
9544,Raghav Golla,customer9544@example.com,Ahmedabad,Gujarat,India,2021-05-10,New
9545,Warjas Mannan,customer9545@example.com,Warangal,Telangana,India,2025-10-03,Regular
9546,Frado Kumar,customer9546@example.com,Coimbatore,Tamil Nadu,India,2021-04-04,Occasional
9547,Tamanna Narasimhan,customer9547@example.com,Ahmedabad,Gujarat,India,2025-02-27,Regular
9548,Saksham Sengupta,customer9548@example.com,Hyderabad,Telangana,India,2023-04-27,Regular
9549,Anya Baral,customer9549@example.com,Kolkata,West Bengal,India,2024-12-10,Premium
9550,Tara Walla,customer9550@example.com,Delhi,Delhi,India,2025-11-25,Regular
9551,Janya Ramachandran,customer9551@example.com,Hyderabad,Telangana,India,2021-07-30,Regular
9552,Shravya Kaul,customer9552@example.com,Hyderabad,Telangana,India,2023-11-12,Occasional
9553,Azad Iyer,customer9553@example.com,Bhopal,Madhya Pradesh,India,2024-04-10,Regular
9554,Hemal Singhal,customer9554@example.com,Pune,Maharashtra,India,2023-02-19,Regular
9555,Gopal Behl,customer9555@example.com,Warangal,Telangana,India,2022-10-01,Regular
9556,Chaaya Choudhary,customer9556@example.com,Ahmedabad,Gujarat,India,2025-06-01,Regular
9557,Pushti Mall,customer9557@example.com,Bengaluru,Karnataka,India,2025-03-24,Regular
9558,Urvi Edwin,customer9558@example.com,Jaipur,Rajasthan,India,2022-10-29,Premium
9559,Sudiksha Bir,customer9559@example.com,Delhi,Delhi,India,2021-11-20,Premium
9560,Lila Nagarajan,customer9560@example.com,Mumbai,Maharashtra,India,2024-08-11,Regular
9561,Pratyush Kata,customer9561@example.com,Pune,Maharashtra,India,2025-04-23,Regular
9562,Darika Boase,customer9562@example.com,Hyderabad,Telangana,India,2024-06-28,Regular
9563,Aishani Yogi,customer9563@example.com,Coimbatore,Tamil Nadu,India,2022-01-04,Regular
9564,Oni Sengupta,customer9564@example.com,Jaipur,Rajasthan,India,2023-10-28,Regular
9565,Lekha Narang,customer9565@example.com,Hyderabad,Telangana,India,2021-12-09,Regular
9566,Ekalinga Dhawan,customer9566@example.com,Hyderabad,Telangana,India,2025-01-22,Regular
9567,Ojas Swaminathan,customer9567@example.com,Hyderabad,Telangana,India,2025-12-29,Regular
9568,Nitesh Kuruvilla,customer9568@example.com,Chennai,Tamil Nadu,India,2025-10-13,Regular
9569,Nidhi Bal,customer9569@example.com,Coimbatore,Tamil Nadu,India,2025-11-30,Regular
9570,Harish Pall,customer9570@example.com,Kolkata,West Bengal,India,2025-07-05,Regular
9571,Jhalak Hans,customer9571@example.com,Kochi,Kerala,India,2025-10-07,New
9572,David Mall,customer9572@example.com,Kochi,Kerala,India,2024-12-16,Regular
9573,Omaja Jani,customer9573@example.com,Visakhapatnam,Andhra Pradesh,India,2022-10-29,New
9574,Jyoti Raval,customer9574@example.com,Coimbatore,Tamil Nadu,India,2022-01-21,New
9575,Waida Dasgupta,customer9575@example.com,Bengaluru,Karnataka,India,2025-03-15,Premium
9576,Aadhya Chandran,customer9576@example.com,Hyderabad,Telangana,India,2024-09-14,Regular
9577,Aarnav Agrawal,customer9577@example.com,Hyderabad,Telangana,India,2023-04-22,New
9578,Balhaar Saxena,customer9578@example.com,Coimbatore,Tamil Nadu,India,2021-07-03,Regular
9579,Chakradev Dixit,customer9579@example.com,Coimbatore,Tamil Nadu,India,2024-02-23,Regular
9580,Charan Sami,customer9580@example.com,Bhopal,Madhya Pradesh,India,2023-01-11,Regular
9581,Sai Sunder,customer9581@example.com,Ahmedabad,Gujarat,India,2023-08-29,Occasional
9582,Neel Goda,customer9582@example.com,Mumbai,Maharashtra,India,2022-05-09,Regular
9583,Dalaja Dube,customer9583@example.com,Mumbai,Maharashtra,India,2025-10-12,New
9584,Amara Kuruvilla,customer9584@example.com,Visakhapatnam,Andhra Pradesh,India,2024-11-09,Regular
9585,Kavya Contractor,customer9585@example.com,Kolkata,West Bengal,India,2025-02-17,Regular
9586,Nirja Reddy,customer9586@example.com,Bhopal,Madhya Pradesh,India,2025-02-01,Regular
9587,Sanaya Peri,customer9587@example.com,Chennai,Tamil Nadu,India,2023-09-27,Regular
9588,Yagnesh Sule,customer9588@example.com,Kochi,Kerala,India,2025-04-30,Regular
9589,Ekantika Guha,customer9589@example.com,Visakhapatnam,Andhra Pradesh,India,2021-07-27,Premium
9590,Isha Bhakta,customer9590@example.com,Mumbai,Maharashtra,India,2025-12-29,Regular
9591,Tripti Dara,customer9591@example.com,Visakhapatnam,Andhra Pradesh,India,2024-08-29,Premium
9592,Robert Rattan,customer9592@example.com,Vijayawada,Andhra Pradesh,India,2025-10-01,Regular
9593,Vaishnavi Mann,customer9593@example.com,Visakhapatnam,Andhra Pradesh,India,2021-01-07,Regular
9594,Aarini Bhat,customer9594@example.com,Bengaluru,Karnataka,India,2022-11-29,Regular
9595,Krishna Bhargava,customer9595@example.com,Visakhapatnam,Andhra Pradesh,India,2022-05-06,Occasional
9596,Jai Iyer,customer9596@example.com,Vijayawada,Andhra Pradesh,India,2021-05-26,Regular
9597,Mekhala Talwar,customer9597@example.com,Mumbai,Maharashtra,India,2021-11-06,Regular
9598,Manbir Srinivasan,customer9598@example.com,Chennai,Tamil Nadu,India,2024-12-15,Occasional
9599,Indrajit Dugal,customer9599@example.com,Kochi,Kerala,India,2021-01-02,Occasional
9600,Harshil Sarna,customer9600@example.com,Pune,Maharashtra,India,2024-10-23,Occasional
9601,Eshana Andra,customer9601@example.com,Coimbatore,Tamil Nadu,India,2024-08-28,Regular
9602,Pranav Shanker,customer9602@example.com,Chennai,Tamil Nadu,India,2024-06-29,Premium
9603,Chaitaly Kade,customer9603@example.com,Kochi,Kerala,India,2022-05-04,Regular
9604,Vidhi Ray,customer9604@example.com,Kolkata,West Bengal,India,2025-05-09,Occasional
9605,Krishna Ganesh,customer9605@example.com,Coimbatore,Tamil Nadu,India,2024-12-05,Regular
9606,Maanas Pall,customer9606@example.com,Visakhapatnam,Andhra Pradesh,India,2024-09-24,Regular
9607,Ekbal Randhawa,customer9607@example.com,Pune,Maharashtra,India,2023-08-28,New
9608,Eiravati Uppal,customer9608@example.com,Pune,Maharashtra,India,2022-12-23,Occasional
9609,Anjali Subramanian,customer9609@example.com,Coimbatore,Tamil Nadu,India,2023-08-18,Occasional
9610,Omya Bhagat,customer9610@example.com,Bengaluru,Karnataka,India,2022-01-27,Regular
9611,Unni Vala,customer9611@example.com,Chennai,Tamil Nadu,India,2023-05-29,Occasional
9612,Samarth Sarin,customer9612@example.com,Pune,Maharashtra,India,2022-05-05,Regular
9613,Hritik Nagarajan,customer9613@example.com,Visakhapatnam,Andhra Pradesh,India,2021-03-08,Regular
9614,Qasim Ramaswamy,customer9614@example.com,Chennai,Tamil Nadu,India,2023-12-27,New
9615,Aarini Balan,customer9615@example.com,Bhopal,Madhya Pradesh,India,2021-07-20,Occasional
9616,Girik Deshmukh,customer9616@example.com,Visakhapatnam,Andhra Pradesh,India,2025-01-04,Premium
9617,Rachana Rajagopalan,customer9617@example.com,Delhi,Delhi,India,2022-04-26,Regular
9618,Nidra Naidu,customer9618@example.com,Kochi,Kerala,India,2024-09-26,Regular
9619,Ekta Kaur,customer9619@example.com,Mumbai,Maharashtra,India,2023-06-10,Regular
9620,Naksh Comar,customer9620@example.com,Coimbatore,Tamil Nadu,India,2022-07-10,Regular
9621,Timothy Natt,customer9621@example.com,Bhopal,Madhya Pradesh,India,2024-07-03,New
9622,Xiti Saraf,customer9622@example.com,Kochi,Kerala,India,2022-11-26,Regular
9623,Advik Pau,customer9623@example.com,Warangal,Telangana,India,2021-08-16,Regular
9624,Wriddhish Venkataraman,customer9624@example.com,Ahmedabad,Gujarat,India,2025-09-18,Occasional
9625,Sneha Kapur,customer9625@example.com,Ahmedabad,Gujarat,India,2021-04-10,Regular
9626,Udant Radhakrishnan,customer9626@example.com,Mumbai,Maharashtra,India,2022-08-04,Regular
9627,Chaman Parikh,customer9627@example.com,Bengaluru,Karnataka,India,2024-10-10,Regular
9628,Kiaan Rege,customer9628@example.com,Coimbatore,Tamil Nadu,India,2023-10-30,Occasional
9629,Jagdish Balan,customer9629@example.com,Visakhapatnam,Andhra Pradesh,India,2021-12-09,Occasional
9630,Ijaya Pau,customer9630@example.com,Hyderabad,Telangana,India,2024-09-30,Regular
9631,Januja Dugar,customer9631@example.com,Visakhapatnam,Andhra Pradesh,India,2025-03-27,Premium
9632,Mohini Wali,customer9632@example.com,Coimbatore,Tamil Nadu,India,2024-03-06,Regular
9633,Bimala Chanda,customer9633@example.com,Chennai,Tamil Nadu,India,2025-03-11,New
9634,Hemal Saraf,customer9634@example.com,Chennai,Tamil Nadu,India,2022-01-29,New
9635,Mekhala Dora,customer9635@example.com,Coimbatore,Tamil Nadu,India,2022-06-23,Regular
9636,Dipta Sankar,customer9636@example.com,Coimbatore,Tamil Nadu,India,2024-05-25,Regular
9637,Leela Grover,customer9637@example.com,Jaipur,Rajasthan,India,2021-03-19,Regular
9638,Dev Pau,customer9638@example.com,Vijayawada,Andhra Pradesh,India,2023-11-06,Premium
9639,Sanya Patil,customer9639@example.com,Vijayawada,Andhra Pradesh,India,2021-09-29,Regular
9640,Vaishnavi Verma,customer9640@example.com,Bengaluru,Karnataka,India,2021-08-23,Occasional
9641,Tejas Bhavsar,customer9641@example.com,Warangal,Telangana,India,2023-02-18,Premium
9642,Rudra Loke,customer9642@example.com,Jaipur,Rajasthan,India,2022-06-21,Regular
9643,Anmol Bhatti,customer9643@example.com,Kolkata,West Bengal,India,2023-02-20,Occasional
9644,Nathaniel Choudhury,customer9644@example.com,Kochi,Kerala,India,2025-03-11,Premium
9645,Omaja Chakraborty,customer9645@example.com,Hyderabad,Telangana,India,2022-09-06,Regular
9646,Krisha Bose,customer9646@example.com,Chennai,Tamil Nadu,India,2024-05-17,Regular
9647,Raagini Nayak,customer9647@example.com,Warangal,Telangana,India,2023-09-21,Regular
9648,Lohit Datta,customer9648@example.com,Chennai,Tamil Nadu,India,2023-02-11,Regular
9649,Balveer Uppal,customer9649@example.com,Bengaluru,Karnataka,India,2023-03-25,Regular
9650,Hredhaan Madan,customer9650@example.com,Pune,Maharashtra,India,2021-10-22,New
9651,Oliver Savant,customer9651@example.com,Hyderabad,Telangana,India,2025-06-29,Occasional
9652,Caleb Krishnamurthy,customer9652@example.com,Coimbatore,Tamil Nadu,India,2021-08-13,Premium
9653,Chasmum Dar,customer9653@example.com,Warangal,Telangana,India,2023-02-05,New
9654,Yutika Choudhary,customer9654@example.com,Bhopal,Madhya Pradesh,India,2022-02-26,Occasional
9655,Abhiram Atwal,customer9655@example.com,Kochi,Kerala,India,2025-02-23,Regular
9656,Ekiya Varma,customer9656@example.com,Kochi,Kerala,India,2025-06-08,New
9657,Forum Trivedi,customer9657@example.com,Delhi,Delhi,India,2025-08-11,Premium
9658,Amrita Babu,customer9658@example.com,Ahmedabad,Gujarat,India,2021-05-10,Occasional
9659,Barkha Bakshi,customer9659@example.com,Kochi,Kerala,India,2022-08-22,Regular
9660,Isaiah Bava,customer9660@example.com,Coimbatore,Tamil Nadu,India,2023-11-23,Regular
9661,Timothy Om,customer9661@example.com,Hyderabad,Telangana,India,2023-11-20,Premium
9662,Baljiwan Gour,customer9662@example.com,Bengaluru,Karnataka,India,2025-05-30,Regular
9663,Ekapad Chatterjee,customer9663@example.com,Hyderabad,Telangana,India,2021-11-25,New
9664,Chavvi Sahota,customer9664@example.com,Hyderabad,Telangana,India,2024-06-30,Regular
9665,Falan Dyal,customer9665@example.com,Pune,Maharashtra,India,2021-03-10,Occasional
9666,Sara Sami,customer9666@example.com,Warangal,Telangana,India,2023-06-22,Regular
9667,Yashasvi Contractor,customer9667@example.com,Coimbatore,Tamil Nadu,India,2023-03-14,Regular
9668,Ranveer Ranganathan,customer9668@example.com,Bhopal,Madhya Pradesh,India,2022-04-09,Premium
9669,Tanvi Loke,customer9669@example.com,Vijayawada,Andhra Pradesh,India,2022-05-09,Regular
9670,Ekani Borde,customer9670@example.com,Kolkata,West Bengal,India,2025-05-02,Regular
9671,Aayush Dixit,customer9671@example.com,Kolkata,West Bengal,India,2022-06-19,Regular
9672,Udarsh Brar,customer9672@example.com,Mumbai,Maharashtra,India,2021-01-02,Occasional
9673,Kala Sahni,customer9673@example.com,Jaipur,Rajasthan,India,2023-03-18,Premium
9674,Jagdish Saini,customer9674@example.com,Vijayawada,Andhra Pradesh,India,2024-01-05,New
9675,Vritti Vala,customer9675@example.com,Bhopal,Madhya Pradesh,India,2024-04-28,Premium
9676,Arin Mangal,customer9676@example.com,Jaipur,Rajasthan,India,2021-10-27,Occasional
9677,Dakshesh Mitter,customer9677@example.com,Delhi,Delhi,India,2025-11-21,Regular
9678,Bina Chaudhry,customer9678@example.com,Kochi,Kerala,India,2023-01-01,Regular
9679,Indira Baral,customer9679@example.com,Bhopal,Madhya Pradesh,India,2024-05-21,Premium
9680,Maanas Naidu,customer9680@example.com,Mumbai,Maharashtra,India,2025-06-30,Regular
9681,Joshua Kara,customer9681@example.com,Kochi,Kerala,India,2022-08-14,Premium
9682,Manbir Madan,customer9682@example.com,Ahmedabad,Gujarat,India,2021-03-13,Regular
9683,Lekha Kumar,customer9683@example.com,Jaipur,Rajasthan,India,2025-09-13,Regular
9684,Odika Chaudhary,customer9684@example.com,Ahmedabad,Gujarat,India,2021-10-20,Regular
9685,Janani Suri,customer9685@example.com,Chennai,Tamil Nadu,India,2022-11-07,Regular
9686,Mekhala Dani,customer9686@example.com,Kolkata,West Bengal,India,2023-02-20,Regular
9687,Ekantika Thaman,customer9687@example.com,Hyderabad,Telangana,India,2025-04-15,Regular
9688,Devika Bansal,customer9688@example.com,Kochi,Kerala,India,2022-09-14,New
9689,Jyoti Madan,customer9689@example.com,Chennai,Tamil Nadu,India,2025-05-29,Regular
9690,Urvi Varma,customer9690@example.com,Vijayawada,Andhra Pradesh,India,2023-05-18,Regular
9691,Yashvi Dash,customer9691@example.com,Chennai,Tamil Nadu,India,2025-07-06,Regular
9692,Rachita Rajagopal,customer9692@example.com,Ahmedabad,Gujarat,India,2022-06-19,Premium
9693,Rohan Gokhale,customer9693@example.com,Chennai,Tamil Nadu,India,2024-03-04,Regular
9694,Lucky Shanker,customer9694@example.com,Pune,Maharashtra,India,2024-02-25,Regular
9695,Liam Khatri,customer9695@example.com,Warangal,Telangana,India,2024-09-15,Premium
9696,Fitan Ghosh,customer9696@example.com,Bhopal,Madhya Pradesh,India,2024-07-11,Premium
9697,Vihaan Kumar,customer9697@example.com,Vijayawada,Andhra Pradesh,India,2024-12-31,Occasional
9698,Hemangini Nori,customer9698@example.com,Mumbai,Maharashtra,India,2022-01-17,Premium
9699,Naveen Desai,customer9699@example.com,Ahmedabad,Gujarat,India,2025-01-01,Regular
9700,Gaurang Sha,customer9700@example.com,Vijayawada,Andhra Pradesh,India,2025-05-16,Premium
9701,Avi Salvi,customer9701@example.com,Pune,Maharashtra,India,2025-03-25,Regular
9702,Janani Badami,customer9702@example.com,Kochi,Kerala,India,2022-02-08,Occasional
9703,Bhavini Loke,customer9703@example.com,Chennai,Tamil Nadu,India,2022-02-19,Regular
9704,Janya Kala,customer9704@example.com,Delhi,Delhi,India,2024-11-14,Regular
9705,Baghyawati Koshy,customer9705@example.com,Kochi,Kerala,India,2023-05-13,Occasional
9706,Teerth Grewal,customer9706@example.com,Ahmedabad,Gujarat,India,2021-08-16,Occasional
9707,Raagini Sane,customer9707@example.com,Warangal,Telangana,India,2023-01-11,Occasional
9708,Panini Sami,customer9708@example.com,Delhi,Delhi,India,2024-12-27,Occasional
9709,Upma Subramaniam,customer9709@example.com,Hyderabad,Telangana,India,2025-02-20,New
9710,Gunbir Buch,customer9710@example.com,Chennai,Tamil Nadu,India,2022-02-26,Occasional
9711,Aarav Karpe,customer9711@example.com,Hyderabad,Telangana,India,2021-07-11,Regular
9712,Yatin Sidhu,customer9712@example.com,Chennai,Tamil Nadu,India,2025-05-02,Regular
9713,Meera Badami,customer9713@example.com,Delhi,Delhi,India,2025-09-30,Occasional
9714,Upasna Soni,customer9714@example.com,Warangal,Telangana,India,2021-09-21,Occasional
9715,Raghav Mandal,customer9715@example.com,Kochi,Kerala,India,2023-12-11,Premium
9716,Ekta Kakar,customer9716@example.com,Bengaluru,Karnataka,India,2022-03-19,Occasional
9717,Krish Lalla,customer9717@example.com,Warangal,Telangana,India,2022-12-04,Regular
9718,Waida Sood,customer9718@example.com,Vijayawada,Andhra Pradesh,India,2022-02-03,Regular
9719,Tamanna Shan,customer9719@example.com,Bengaluru,Karnataka,India,2024-11-02,Occasional
9720,Sanaya Nori,customer9720@example.com,Mumbai,Maharashtra,India,2023-02-23,Occasional
9721,Hredhaan Verma,customer9721@example.com,Pune,Maharashtra,India,2021-05-29,Premium
9722,Rachit Chander,customer9722@example.com,Delhi,Delhi,India,2025-06-21,Regular
9723,Dayamai Sankaran,customer9723@example.com,Bengaluru,Karnataka,India,2021-11-07,Regular
9724,Kritika Gupta,customer9724@example.com,Warangal,Telangana,India,2021-04-19,Regular
9725,Meghana Warrior,customer9725@example.com,Coimbatore,Tamil Nadu,India,2025-07-09,Regular
9726,Patrick Babu,customer9726@example.com,Kochi,Kerala,India,2025-02-28,Regular
9727,Garima Koshy,customer9727@example.com,Bhopal,Madhya Pradesh,India,2023-06-06,Premium
9728,Sanya Soman,customer9728@example.com,Chennai,Tamil Nadu,India,2024-02-19,New
9729,Yash Goel,customer9729@example.com,Coimbatore,Tamil Nadu,India,2021-06-23,Regular
9730,Wyatt De,customer9730@example.com,Vijayawada,Andhra Pradesh,India,2025-06-23,New
9731,Edhitha Mukherjee,customer9731@example.com,Warangal,Telangana,India,2021-06-19,Regular
9732,Oni Som,customer9732@example.com,Bhopal,Madhya Pradesh,India,2024-06-19,Regular
9733,Sai Sethi,customer9733@example.com,Kochi,Kerala,India,2023-06-20,Regular
9734,Zinal Varughese,customer9734@example.com,Kolkata,West Bengal,India,2025-06-21,Occasional
9735,Oeshi Brar,customer9735@example.com,Pune,Maharashtra,India,2024-09-12,Regular
9736,Bina Narang,customer9736@example.com,Kolkata,West Bengal,India,2022-11-30,Occasional
9737,Dhruv Contractor,customer9737@example.com,Bhopal,Madhya Pradesh,India,2025-12-25,Regular
9738,Raksha Ghose,customer9738@example.com,Bhopal,Madhya Pradesh,India,2025-10-07,Regular
9739,Charan Chahal,customer9739@example.com,Delhi,Delhi,India,2022-12-15,Premium
9740,Tanay Talwar,customer9740@example.com,Chennai,Tamil Nadu,India,2023-05-23,Regular
9741,Laksh Rattan,customer9741@example.com,Jaipur,Rajasthan,India,2025-02-23,Occasional
9742,Ira Master,customer9742@example.com,Hyderabad,Telangana,India,2022-09-04,Premium
9743,Ucchal Chada,customer9743@example.com,Pune,Maharashtra,India,2025-10-15,Regular
9744,Krishna Bahri,customer9744@example.com,Vijayawada,Andhra Pradesh,India,2025-01-27,Premium
9745,Arin Balan,customer9745@example.com,Coimbatore,Tamil Nadu,India,2021-05-17,Premium
9746,Pranav Thaman,customer9746@example.com,Pune,Maharashtra,India,2021-10-30,New
9747,Dalbir Rana,customer9747@example.com,Jaipur,Rajasthan,India,2024-06-20,Occasional
9748,Frederick Nagy,customer9748@example.com,Kochi,Kerala,India,2022-07-21,Regular
9749,Harini Chokshi,customer9749@example.com,Jaipur,Rajasthan,India,2025-02-26,Regular
9750,Mitali Saxena,customer9750@example.com,Hyderabad,Telangana,India,2023-02-27,Occasional
9751,Yasti Anand,customer9751@example.com,Kolkata,West Bengal,India,2021-11-01,New
9752,Ira Varma,customer9752@example.com,Jaipur,Rajasthan,India,2021-01-05,Occasional
9753,Anjali Dugar,customer9753@example.com,Delhi,Delhi,India,2025-02-11,Occasional
9754,Chaaya Ramesh,customer9754@example.com,Vijayawada,Andhra Pradesh,India,2022-06-27,Regular
9755,Kabir Mishra,customer9755@example.com,Visakhapatnam,Andhra Pradesh,India,2024-08-08,Regular
9756,Chaitanya Pai,customer9756@example.com,Jaipur,Rajasthan,India,2025-05-24,Regular
9757,Jeet Shetty,customer9757@example.com,Delhi,Delhi,India,2021-12-24,Occasional
9758,Devansh Gole,customer9758@example.com,Visakhapatnam,Andhra Pradesh,India,2022-04-28,Regular
9759,Samesh Keer,customer9759@example.com,Ahmedabad,Gujarat,India,2022-11-06,Regular
9760,Rachana Sheth,customer9760@example.com,Kochi,Kerala,India,2023-10-15,Regular
9761,Veda Tank,customer9761@example.com,Vijayawada,Andhra Pradesh,India,2024-03-05,Occasional
9762,Zashil De,customer9762@example.com,Kochi,Kerala,India,2024-10-12,New
9763,Vasatika Naidu,customer9763@example.com,Kolkata,West Bengal,India,2024-04-20,Premium
9764,Ekaraj Andra,customer9764@example.com,Ahmedabad,Gujarat,India,2021-05-30,Regular
9765,George Kunda,customer9765@example.com,Ahmedabad,Gujarat,India,2023-07-20,Occasional
9766,Vansha Borde,customer9766@example.com,Jaipur,Rajasthan,India,2021-01-04,Regular
9767,Nitara Chada,customer9767@example.com,Jaipur,Rajasthan,India,2022-07-21,Regular
9768,Vasana Lalla,customer9768@example.com,Pune,Maharashtra,India,2025-11-26,Regular
9769,Nitara Tank,customer9769@example.com,Mumbai,Maharashtra,India,2024-05-10,Premium
9770,Max Chana,customer9770@example.com,Ahmedabad,Gujarat,India,2023-04-29,Occasional
9771,Onkar Mann,customer9771@example.com,Jaipur,Rajasthan,India,2024-11-28,Regular
9772,Madhavi Sampath,customer9772@example.com,Coimbatore,Tamil Nadu,India,2022-12-17,Regular
9773,Chandresh Kamdar,customer9773@example.com,Bengaluru,Karnataka,India,2025-04-04,Occasional
9774,Ronith Ram,customer9774@example.com,Warangal,Telangana,India,2022-04-23,Regular
9775,Maanas Patil,customer9775@example.com,Kochi,Kerala,India,2025-11-15,Occasional
9776,Ladli Suri,customer9776@example.com,Chennai,Tamil Nadu,India,2023-10-10,Regular
9777,Advaith Som,customer9777@example.com,Bengaluru,Karnataka,India,2022-10-05,Occasional
9778,Christopher Tata,customer9778@example.com,Delhi,Delhi,India,2025-10-07,Regular
9779,Chameli Shenoy,customer9779@example.com,Ahmedabad,Gujarat,India,2022-07-01,New
9780,Ojasvi Bora,customer9780@example.com,Hyderabad,Telangana,India,2024-04-14,Regular
9781,Gaurang Lad,customer9781@example.com,Vijayawada,Andhra Pradesh,India,2022-07-24,Premium
9782,Warjas Chhabra,customer9782@example.com,Ahmedabad,Gujarat,India,2022-09-28,Regular
9783,Patrick Sastry,customer9783@example.com,Delhi,Delhi,India,2025-11-16,Regular
9784,Chanchal Kumer,customer9784@example.com,Kolkata,West Bengal,India,2023-11-03,Occasional
9785,Eiravati Bhatt,customer9785@example.com,Bhopal,Madhya Pradesh,India,2022-11-24,Premium
9786,Nandini Kalla,customer9786@example.com,Kolkata,West Bengal,India,2023-11-13,Regular
9787,Meera Iyer,customer9787@example.com,Chennai,Tamil Nadu,India,2021-02-21,Regular
9788,Jacob Bhagat,customer9788@example.com,Vijayawada,Andhra Pradesh,India,2024-04-26,Regular
9789,Lopa Lad,customer9789@example.com,Jaipur,Rajasthan,India,2024-01-20,Regular
9790,Yashvi Shere,customer9790@example.com,Visakhapatnam,Andhra Pradesh,India,2021-06-25,Occasional
9791,Yachana Chokshi,customer9791@example.com,Bhopal,Madhya Pradesh,India,2021-06-22,Regular
9792,Januja Hayre,customer9792@example.com,Chennai,Tamil Nadu,India,2021-10-08,Occasional
9793,Ojasvi Patla,customer9793@example.com,Ahmedabad,Gujarat,India,2025-01-20,Premium
9794,Nihal Nadig,customer9794@example.com,Bhopal,Madhya Pradesh,India,2022-05-13,Regular
9795,Ridhi Sharma,customer9795@example.com,Hyderabad,Telangana,India,2025-12-10,Occasional
9796,Gaurika Patel,customer9796@example.com,Mumbai,Maharashtra,India,2024-12-27,Occasional
9797,Urvi Chakraborty,customer9797@example.com,Bhopal,Madhya Pradesh,India,2023-07-16,Regular
9798,Gopal Nanda,customer9798@example.com,Delhi,Delhi,India,2022-07-20,Occasional
9799,Vanya Andra,customer9799@example.com,Warangal,Telangana,India,2023-06-28,New
9800,Yug Kalla,customer9800@example.com,Bhopal,Madhya Pradesh,India,2021-06-04,Occasional
9801,Kabir Raman,customer9801@example.com,Jaipur,Rajasthan,India,2021-11-22,Regular
9802,Urishilla Lala,customer9802@example.com,Hyderabad,Telangana,India,2025-05-02,Regular
9803,Naksh Bhatt,customer9803@example.com,Coimbatore,Tamil Nadu,India,2024-07-31,Occasional
9804,Bhavna Borra,customer9804@example.com,Delhi,Delhi,India,2023-02-15,Regular
9805,Vasatika Chacko,customer9805@example.com,Pune,Maharashtra,India,2024-01-23,Regular
9806,Amaira Gera,customer9806@example.com,Bengaluru,Karnataka,India,2022-02-25,Regular
9807,Ira Sachdev,customer9807@example.com,Mumbai,Maharashtra,India,2024-03-09,Premium
9808,Rajata Patla,customer9808@example.com,Ahmedabad,Gujarat,India,2021-09-22,Regular
9809,Mohammed Kannan,customer9809@example.com,Delhi,Delhi,India,2023-11-10,Regular
9810,Kai Naidu,customer9810@example.com,Visakhapatnam,Andhra Pradesh,India,2024-02-20,Premium
9811,Atharv Sarkar,customer9811@example.com,Coimbatore,Tamil Nadu,India,2025-09-25,Regular
9812,Matthew Divan,customer9812@example.com,Ahmedabad,Gujarat,India,2022-08-29,Regular
9813,Udant Keer,customer9813@example.com,Delhi,Delhi,India,2025-08-27,Premium
9814,Reva Vyas,customer9814@example.com,Coimbatore,Tamil Nadu,India,2024-01-14,Occasional
9815,Kavya Hari,customer9815@example.com,Bengaluru,Karnataka,India,2025-03-27,Occasional
9816,Charita Sundaram,customer9816@example.com,Kochi,Kerala,India,2023-12-26,Regular
9817,Dayita Tara,customer9817@example.com,Jaipur,Rajasthan,India,2022-05-02,Regular
9818,Aradhana Parsa,customer9818@example.com,Bhopal,Madhya Pradesh,India,2023-04-07,Occasional
9819,Suhani Dora,customer9819@example.com,Mumbai,Maharashtra,India,2023-09-25,Occasional
9820,Harshil Anne,customer9820@example.com,Kochi,Kerala,India,2025-06-04,Regular
9821,Chandran Vora,customer9821@example.com,Ahmedabad,Gujarat,India,2022-01-17,Premium
9822,Varsha Mutti,customer9822@example.com,Jaipur,Rajasthan,India,2025-08-25,Occasional
9823,Indali Bal,customer9823@example.com,Mumbai,Maharashtra,India,2024-06-06,Occasional
9824,Advik Nagarajan,customer9824@example.com,Mumbai,Maharashtra,India,2023-11-18,Regular
9825,Ikbal Agarwal,customer9825@example.com,Hyderabad,Telangana,India,2025-07-04,Occasional
9826,Vidhi Swamy,customer9826@example.com,Coimbatore,Tamil Nadu,India,2025-10-13,New
9827,Xalak Saran,customer9827@example.com,Kolkata,West Bengal,India,2023-03-19,Occasional
9828,Sanya Wali,customer9828@example.com,Hyderabad,Telangana,India,2021-09-04,Premium
9829,Krisha Hari,customer9829@example.com,Coimbatore,Tamil Nadu,India,2025-08-30,Regular
9830,Lipika Narayanan,customer9830@example.com,Jaipur,Rajasthan,India,2024-04-08,Regular
9831,Vivaan Mital,customer9831@example.com,Bhopal,Madhya Pradesh,India,2023-01-23,Regular
9832,Aradhana Rege,customer9832@example.com,Hyderabad,Telangana,India,2024-10-12,Premium
9833,Varsha Divan,customer9833@example.com,Kochi,Kerala,India,2022-12-13,Regular
9834,Onkar Thakkar,customer9834@example.com,Chennai,Tamil Nadu,India,2022-05-01,Premium
9835,Hemani Acharya,customer9835@example.com,Visakhapatnam,Andhra Pradesh,India,2021-12-22,Regular
9836,Vedhika Mannan,customer9836@example.com,Jaipur,Rajasthan,India,2022-07-18,Regular
9837,Yash Mani,customer9837@example.com,Coimbatore,Tamil Nadu,India,2022-10-05,Occasional
9838,Ekantika Gala,customer9838@example.com,Hyderabad,Telangana,India,2023-09-01,New
9839,Abhiram Nagarajan,customer9839@example.com,Delhi,Delhi,India,2021-12-25,Regular
9840,Urvashi De,customer9840@example.com,Jaipur,Rajasthan,India,2021-01-13,Regular
9841,Vanya Sane,customer9841@example.com,Warangal,Telangana,India,2024-07-18,Regular
9842,Anamika Pant,customer9842@example.com,Jaipur,Rajasthan,India,2022-05-25,Premium
9843,Warinder Rout,customer9843@example.com,Vijayawada,Andhra Pradesh,India,2025-02-21,Regular
9844,Edhitha Contractor,customer9844@example.com,Kolkata,West Bengal,India,2024-03-19,Regular
9845,Reva Misra,customer9845@example.com,Bengaluru,Karnataka,India,2025-09-26,Occasional
9846,Lopa Sarin,customer9846@example.com,Ahmedabad,Gujarat,India,2025-02-14,Regular
9847,Ridhi Wadhwa,customer9847@example.com,Jaipur,Rajasthan,India,2024-02-08,New
9848,Shravya Mistry,customer9848@example.com,Visakhapatnam,Andhra Pradesh,India,2025-06-26,Regular
9849,Janaki Sethi,customer9849@example.com,Bengaluru,Karnataka,India,2025-04-21,Premium
9850,Isaiah Wason,customer9850@example.com,Pune,Maharashtra,India,2021-12-28,Regular
9851,Aishani Ramakrishnan,customer9851@example.com,Mumbai,Maharashtra,India,2023-02-26,Regular
9852,Xavier Nagarajan,customer9852@example.com,Bhopal,Madhya Pradesh,India,2021-07-20,Regular
9853,Varenya Krishna,customer9853@example.com,Kolkata,West Bengal,India,2022-07-17,Regular
9854,Vasudha Mall,customer9854@example.com,Delhi,Delhi,India,2025-01-23,Regular
9855,Nakul Buch,customer9855@example.com,Vijayawada,Andhra Pradesh,India,2023-01-07,New
9856,Yashica Mahal,customer9856@example.com,Bhopal,Madhya Pradesh,India,2022-03-16,Premium
9857,Sai Pingle,customer9857@example.com,Delhi,Delhi,India,2025-05-20,Occasional
9858,Finn Venkataraman,customer9858@example.com,Delhi,Delhi,India,2024-04-06,Occasional
9859,Kashvi Tailor,customer9859@example.com,Jaipur,Rajasthan,India,2024-12-28,Premium
9860,Jonathan Grover,customer9860@example.com,Hyderabad,Telangana,India,2025-07-30,Regular
9861,Darpan Naik,customer9861@example.com,Warangal,Telangana,India,2021-05-06,Occasional
9862,Bhavini Panchal,customer9862@example.com,Kolkata,West Bengal,India,2021-02-08,Occasional
9863,Victor Raghavan,customer9863@example.com,Coimbatore,Tamil Nadu,India,2021-12-19,Regular
9864,Bhavani Bali,customer9864@example.com,Delhi,Delhi,India,2023-09-28,New
9865,Udarsh Malhotra,customer9865@example.com,Bengaluru,Karnataka,India,2023-09-30,Regular
9866,Bina Rege,customer9866@example.com,Bhopal,Madhya Pradesh,India,2023-07-31,Regular
9867,Harshil Desai,customer9867@example.com,Kochi,Kerala,India,2022-01-26,Occasional
9868,Yatin Bhakta,customer9868@example.com,Hyderabad,Telangana,India,2022-08-09,Regular
9869,Warjas Jain,customer9869@example.com,Ahmedabad,Gujarat,India,2024-06-16,Occasional
9870,Jyoti Sodhi,customer9870@example.com,Mumbai,Maharashtra,India,2024-03-01,Premium
9871,Meghana Dugar,customer9871@example.com,Chennai,Tamil Nadu,India,2023-09-02,Regular
9872,Jagdish Raval,customer9872@example.com,Kolkata,West Bengal,India,2025-04-15,Regular
9873,Vrinda Nanda,customer9873@example.com,Bhopal,Madhya Pradesh,India,2021-01-01,Premium
9874,Vamakshi Gupta,customer9874@example.com,Bhopal,Madhya Pradesh,India,2025-01-02,Regular
9875,Yug Batta,customer9875@example.com,Vijayawada,Andhra Pradesh,India,2024-12-15,New
9876,Theodore Varma,customer9876@example.com,Chennai,Tamil Nadu,India,2024-12-27,Regular
9877,Lekha Sabharwal,customer9877@example.com,Delhi,Delhi,India,2023-02-08,Premium
9878,Wishi Thakur,customer9878@example.com,Ahmedabad,Gujarat,India,2021-03-26,New
9879,Advay Bhakta,customer9879@example.com,Kolkata,West Bengal,India,2023-10-10,Premium
9880,Januja Batra,customer9880@example.com,Coimbatore,Tamil Nadu,India,2023-06-28,New
9881,Mugdha Dugar,customer9881@example.com,Bhopal,Madhya Pradesh,India,2024-10-10,Regular
9882,Anay Sathe,customer9882@example.com,Warangal,Telangana,India,2021-03-26,Premium
9883,Manbir Ravel,customer9883@example.com,Bengaluru,Karnataka,India,2022-12-20,Premium
9884,Saumya Varughese,customer9884@example.com,Warangal,Telangana,India,2024-01-11,Regular
9885,Bimala Raju,customer9885@example.com,Delhi,Delhi,India,2022-05-07,Regular
9886,Gaurangi Modi,customer9886@example.com,Ahmedabad,Gujarat,India,2023-01-09,New
9887,Pavani Tata,customer9887@example.com,Pune,Maharashtra,India,2021-09-01,Premium
9888,Tara Sathe,customer9888@example.com,Kolkata,West Bengal,India,2022-01-12,Regular
9889,Riya Gala,customer9889@example.com,Pune,Maharashtra,India,2023-09-20,Regular
9890,Gautam Sharma,customer9890@example.com,Chennai,Tamil Nadu,India,2023-05-14,Regular
9891,Abhimanyu Talwar,customer9891@example.com,Warangal,Telangana,India,2021-04-17,Occasional
9892,Sai Agate,customer9892@example.com,Ahmedabad,Gujarat,India,2023-10-21,Regular
9893,Manya Nigam,customer9893@example.com,Mumbai,Maharashtra,India,2024-02-07,Regular
9894,Rajeshri Vig,customer9894@example.com,Vijayawada,Andhra Pradesh,India,2025-01-22,New
9895,Bahadurjit Setty,customer9895@example.com,Coimbatore,Tamil Nadu,India,2022-11-05,Regular
9896,Fitan Gupta,customer9896@example.com,Hyderabad,Telangana,India,2021-03-16,Premium
9897,Ojasvi Sen,customer9897@example.com,Delhi,Delhi,India,2021-05-22,Regular
9898,Kabir Warrior,customer9898@example.com,Hyderabad,Telangana,India,2022-07-19,New
9899,Lipika Kibe,customer9899@example.com,Warangal,Telangana,India,2021-11-28,Regular
9900,Ayaan Goswami,customer9900@example.com,Mumbai,Maharashtra,India,2025-09-14,New
9901,Udarsh Sengupta,customer9901@example.com,Chennai,Tamil Nadu,India,2025-02-11,Regular
9902,Isaac Mani,customer9902@example.com,Visakhapatnam,Andhra Pradesh,India,2025-11-04,Regular
9903,Dayita Chad,customer9903@example.com,Warangal,Telangana,India,2025-11-17,Regular
9904,Harshil Srinivas,customer9904@example.com,Ahmedabad,Gujarat,India,2022-11-23,Premium
9905,Pooja Handa,customer9905@example.com,Bengaluru,Karnataka,India,2023-01-20,New
9906,Kamya Wali,customer9906@example.com,Vijayawada,Andhra Pradesh,India,2025-10-26,Occasional
9907,Nikita Lal,customer9907@example.com,Visakhapatnam,Andhra Pradesh,India,2022-11-02,Regular
9908,Pavani Varty,customer9908@example.com,Bhopal,Madhya Pradesh,India,2025-04-09,Regular
9909,Saanvi Edwin,customer9909@example.com,Hyderabad,Telangana,India,2022-01-20,Occasional
9910,Pavani Nayar,customer9910@example.com,Visakhapatnam,Andhra Pradesh,India,2022-09-11,Premium
9911,Mohini Soman,customer9911@example.com,Kolkata,West Bengal,India,2024-07-09,Occasional
9912,Inaya Parekh,customer9912@example.com,Jaipur,Rajasthan,India,2025-02-02,Regular
9913,Eta Mannan,customer9913@example.com,Bengaluru,Karnataka,India,2024-10-26,Premium
9914,Eiravati Sathe,customer9914@example.com,Chennai,Tamil Nadu,India,2021-11-09,Regular
9915,Irya Arora,customer9915@example.com,Bhopal,Madhya Pradesh,India,2025-02-04,New
9916,Praneel Narasimhan,customer9916@example.com,Bengaluru,Karnataka,India,2023-07-02,Regular
9917,Atharv Zachariah,customer9917@example.com,Pune,Maharashtra,India,2025-07-15,Occasional
9918,Sara Dora,customer9918@example.com,Kolkata,West Bengal,India,2023-09-22,Occasional
9919,Vedhika Thakur,customer9919@example.com,Visakhapatnam,Andhra Pradesh,India,2022-10-19,Regular
9920,Urmi Dixit,customer9920@example.com,Chennai,Tamil Nadu,India,2023-06-27,Occasional
9921,Michael Mani,customer9921@example.com,Coimbatore,Tamil Nadu,India,2021-05-25,Occasional
9922,Bhavini Chada,customer9922@example.com,Coimbatore,Tamil Nadu,India,2021-12-21,Occasional
9923,Unni Mitter,customer9923@example.com,Chennai,Tamil Nadu,India,2024-02-24,Occasional
9924,Jackson Ravi,customer9924@example.com,Coimbatore,Tamil Nadu,India,2025-12-07,Regular
9925,Jagat Sangha,customer9925@example.com,Ahmedabad,Gujarat,India,2024-03-23,Occasional
9926,Hemal Peri,customer9926@example.com,Pune,Maharashtra,India,2021-12-22,Regular
9927,Gaurav Kashyap,customer9927@example.com,Pune,Maharashtra,India,2024-04-03,Regular
9928,Anya Sastry,customer9928@example.com,Kochi,Kerala,India,2023-06-04,Regular
9929,Brijesh Barman,customer9929@example.com,Vijayawada,Andhra Pradesh,India,2024-01-12,Premium
9930,Charvi Bandi,customer9930@example.com,Kochi,Kerala,India,2023-08-28,Occasional
9931,Kalpit Sridhar,customer9931@example.com,Ahmedabad,Gujarat,India,2025-09-17,Occasional
9932,Baljiwan Rajagopalan,customer9932@example.com,Delhi,Delhi,India,2021-03-13,Regular
9933,Wyatt Natarajan,customer9933@example.com,Bhopal,Madhya Pradesh,India,2023-08-22,New
9934,Yashawini Baria,customer9934@example.com,Kolkata,West Bengal,India,2024-09-20,Regular
9935,Siddharth Kalla,customer9935@example.com,Hyderabad,Telangana,India,2022-12-01,Regular
9936,Vidhi Dey,customer9936@example.com,Kolkata,West Bengal,India,2024-06-07,Regular
9937,Janani Nanda,customer9937@example.com,Delhi,Delhi,India,2022-05-27,Regular
9938,Vedhika Barad,customer9938@example.com,Kochi,Kerala,India,2025-05-04,Premium
9939,Warinder Palla,customer9939@example.com,Kochi,Kerala,India,2025-06-16,Premium
9940,Qarin Lad,customer9940@example.com,Kochi,Kerala,India,2021-07-20,Premium
9941,Neelima Kota,customer9941@example.com,Ahmedabad,Gujarat,India,2023-04-26,Premium
9942,Bakhshi Lad,customer9942@example.com,Visakhapatnam,Andhra Pradesh,India,2021-04-20,Occasional
9943,Andrew Mahajan,customer9943@example.com,Bengaluru,Karnataka,India,2024-01-15,Regular
9944,Warhi Gandhi,customer9944@example.com,Pune,Maharashtra,India,2025-09-06,Regular
9945,Charvi Anne,customer9945@example.com,Bengaluru,Karnataka,India,2023-09-10,Premium
9946,Imaran Sarma,customer9946@example.com,Delhi,Delhi,India,2025-11-23,Occasional
9947,Shivansh Borah,customer9947@example.com,Visakhapatnam,Andhra Pradesh,India,2021-06-08,Regular
9948,Yachana D’Alia,customer9948@example.com,Kochi,Kerala,India,2025-03-27,Regular
9949,Harshil Kapoor,customer9949@example.com,Kolkata,West Bengal,India,2024-05-21,New
9950,Chaitaly Raghavan,customer9950@example.com,Visakhapatnam,Andhra Pradesh,India,2021-02-25,Regular
9951,Gopal Patla,customer9951@example.com,Jaipur,Rajasthan,India,2021-12-04,Regular
9952,Lakshmi Krishnan,customer9952@example.com,Warangal,Telangana,India,2021-06-19,Regular
9953,Nilima Rajan,customer9953@example.com,Kochi,Kerala,India,2023-10-09,New
9954,Reva Kata,customer9954@example.com,Warangal,Telangana,India,2022-04-22,New
9955,Ikshita Kanda,customer9955@example.com,Bengaluru,Karnataka,India,2021-12-14,Regular
9956,Joshua Sastry,customer9956@example.com,Delhi,Delhi,India,2024-08-03,New
9957,Megha Gera,customer9957@example.com,Kochi,Kerala,India,2024-06-04,Regular
9958,Wishi More,customer9958@example.com,Hyderabad,Telangana,India,2022-05-18,Regular
9959,Januja Barad,customer9959@example.com,Ahmedabad,Gujarat,India,2025-02-26,Occasional
9960,Yashasvi Seth,customer9960@example.com,Mumbai,Maharashtra,India,2025-09-22,Regular
9961,Vincent Kannan,customer9961@example.com,Jaipur,Rajasthan,India,2022-01-07,Regular
9962,Warhi Chandra,customer9962@example.com,Mumbai,Maharashtra,India,2021-10-06,Occasional
9963,Arunima Gera,customer9963@example.com,Coimbatore,Tamil Nadu,India,2024-08-11,Premium
9964,Alka Krishnan,customer9964@example.com,Bengaluru,Karnataka,India,2024-04-03,Premium
9965,Omisha Natarajan,customer9965@example.com,Bhopal,Madhya Pradesh,India,2024-10-23,Premium
9966,Adweta Cheema,customer9966@example.com,Pune,Maharashtra,India,2021-04-25,Occasional
9967,Qushi Lal,customer9967@example.com,Jaipur,Rajasthan,India,2024-02-24,Occasional
9968,Xiti Dhar,customer9968@example.com,Chennai,Tamil Nadu,India,2023-06-02,Occasional
9969,Jyoti Kurian,customer9969@example.com,Ahmedabad,Gujarat,India,2024-07-10,Regular
9970,Theodore Sheth,customer9970@example.com,Vijayawada,Andhra Pradesh,India,2021-09-26,Regular
9971,Aachal Toor,customer9971@example.com,Vijayawada,Andhra Pradesh,India,2025-09-29,Regular
9972,Krishna Bail,customer9972@example.com,Mumbai,Maharashtra,India,2025-02-16,Regular
9973,Sachi Koshy,customer9973@example.com,Mumbai,Maharashtra,India,2022-08-12,Occasional
9974,Nitesh Muni,customer9974@example.com,Pune,Maharashtra,India,2024-05-03,Occasional
9975,Omaja Agate,customer9975@example.com,Jaipur,Rajasthan,India,2022-06-24,Regular
9976,Jai Mukhopadhyay,customer9976@example.com,Visakhapatnam,Andhra Pradesh,India,2025-02-18,Premium
9977,Anamika Aggarwal,customer9977@example.com,Warangal,Telangana,India,2024-09-18,Regular
9978,Jatin Gupta,customer9978@example.com,Kolkata,West Bengal,India,2022-06-14,Regular
9979,Barkha Dubey,customer9979@example.com,Ahmedabad,Gujarat,India,2023-12-31,Regular
9980,Harita Rajan,customer9980@example.com,Kochi,Kerala,India,2023-10-09,Occasional
9981,Luke Sani,customer9981@example.com,Hyderabad,Telangana,India,2021-09-26,Occasional
9982,Sarthak Walla,customer9982@example.com,Kolkata,West Bengal,India,2022-04-19,Premium
9983,Jagvi Padmanabhan,customer9983@example.com,Bhopal,Madhya Pradesh,India,2023-03-06,Regular
9984,Indira Mahajan,customer9984@example.com,Bhopal,Madhya Pradesh,India,2021-08-13,Regular
9985,Lohit Srivastava,customer9985@example.com,Kolkata,West Bengal,India,2022-02-16,Regular
9986,Jhalak Ratti,customer9986@example.com,Chennai,Tamil Nadu,India,2023-11-21,Regular
9987,Yashvi Mahal,customer9987@example.com,Visakhapatnam,Andhra Pradesh,India,2025-08-09,Regular
9988,Agastya Sarna,customer9988@example.com,Bhopal,Madhya Pradesh,India,2025-06-21,Regular
9989,Ekbal Dora,customer9989@example.com,Mumbai,Maharashtra,India,2022-05-01,Regular
9990,Samesh Mohanty,customer9990@example.com,Warangal,Telangana,India,2024-04-30,New
9991,Siddharth Suresh,customer9991@example.com,Warangal,Telangana,India,2021-04-12,Occasional
9992,Yuvraj Doshi,customer9992@example.com,Visakhapatnam,Andhra Pradesh,India,2025-07-04,New
9993,Nathan Seth,customer9993@example.com,Kolkata,West Bengal,India,2024-06-17,Regular
9994,Mohammed Rout,customer9994@example.com,Kolkata,West Bengal,India,2023-02-08,Regular
9995,Sanya Sanghvi,customer9995@example.com,Bengaluru,Karnataka,India,2022-01-25,Occasional
9996,Radha Nayak,customer9996@example.com,Jaipur,Rajasthan,India,2024-09-25,New
9997,Brinda Rajan,customer9997@example.com,Ahmedabad,Gujarat,India,2025-04-23,Regular
9998,Tanvi Menon,customer9998@example.com,Coimbatore,Tamil Nadu,India,2025-07-28,Regular
9999,Bimala Loyal,customer9999@example.com,Coimbatore,Tamil Nadu,India,2025-12-19,Premium
10000,Saksham Sahni,customer10000@example.com,Ahmedabad,Gujarat,India,2022-08-26,Regular
